{
  "$schema": "https://schema.management.azure.com/schemas/2015-01-01/deploymentParameters.json#",
  "contentVersion": "1.0.0.0",
  "parameters": {
    "pScope": {
      "value": "acea"
    },
    "pCommonActionGroupId": {
      "value": [
        {
          "pActionGroupId": "/subscriptions/bdd1df7e-7597-4BD0-95fa-31a873bf4fd6/resourceGroups/acei-a-rg/providers/Microsoft.Insights/actiongroups/acei-acea-a-actiongroup"
        },
        {
          "pActionGroupId": "/subscriptions/bdd1df7e-7597-4BD0-95fa-31a873bf4fd6/resourceGroups/cbspitsm-p-rg/providers/microsoft.Insights/actiongroups/ServiceNow-PR-"
        }
      ]
    },
    "metricsDimentions": {
      "value": {
        "node-pool": {
          "dimentionName": "node",
          "dimentionOperator": "StartsWith",
          "dimentionvalues": "aks-acea"
        },
        "pods": {
          "dimentionName": "namespace",
          "dimentionOperator": "StartsWith",
          "dimentionvalues": "acea"
        }
      }
    }
  }
}