{
    "$schema": "https://schema.management.azure.com/schemas/2015-01-01/deploymentParameters.json#",
    "contentVersion": "1.0.0.0",
    "parameters": {
      "actionGroupList": {
        "value": [
          {
            "actionGroupName": "acei-p-actiongroup",
            "actionGroupShortName": "aceipagp",
            "pEmailRecivers": [
              {
                "emailAddress": "Team-CI-Infra-Enablers@nl.abnamro.com",
                "name": "Shared-AKS"
              }
            ]
          }
        ]
      }
    }
  }