{
    "$schema": "https://schema.management.azure.com/schemas/2015-01-01/deploymentParameters.json#",
    "contentVersion": "1.0.0.0",
    "parameters": {
      "roleAssignments": {
        "value": [
          {
            "groupId": "b4adc51c-f832-4a91-9826-b7363b34a176",
            "roleDefinitionName": "Azure Kubernetes Service Cluster User Role",
            "resourceId": "/subscriptions/04a02e15-f94b-40b3-aa99-4b78c832871e/resourceGroups/acei-p-rg/providers/Microsoft.ContainerService/managedClusters/acei-p-aks"
          },
          {
            "groupId": "b4adc51c-f832-4a91-9826-b7363b34a176",
            "roleDefinitionName": "Azure Kubernetes Service RBAC Admin",
            "resourceId": "/subscriptions/04a02e15-f94b-40b3-aa99-4b78c832871e/resourceGroups/acei-p-rg/providers/Microsoft.ContainerService/managedClusters/acei-p-aks"
          },
          {
            "groupId": "b4adc51c-f832-4a91-9826-b7363b34a176",
            "roleDefinitionName": "Azure Kubernetes Service RBAC Cluster Admin",
            "resourceId": "/subscriptions/04a02e15-f94b-40b3-aa99-4b78c832871e/resourceGroups/acei-p-rg/providers/Microsoft.ContainerService/managedClusters/acei-p-aks"
          },
          {
            "principalId": "67c4ad9a-b51a-4223-9848-62265729615e",
            "roleDefinitionName": "Azure Kubernetes Service RBAC Cluster Admin",
            "resourceId": "/subscriptions/04a02e15-f94b-40b3-aa99-4b78c832871e/resourceGroups/acei-p-rg/providers/Microsoft.ContainerService/managedClusters/acei-p-aks"
          }
        ]
      }
    }
  }