{
  "$schema": "https://schema.management.azure.com/schemas/2015-01-01/deploymentParameters.json#",
  "contentVersion": "1.0.0.0",
  "parameters": {
    "nodeTaints": {
      "value": [
        "CriticalAddonsOnly=true:NoSchedule"
      ]
    },
    "userAssignedManagedIdentityId": {
      "value": "/subscriptions/04a02e15-f94b-40b3-aa99-4b78c832871e/resourceGroups/acei-p-rg/providers/Microsoft.ManagedIdentity/userAssignedIdentities/acei-p-aks-umi"
    },
    "logAnalyticsWorkspace": {
      "value": "acei-log-p-ws"
    },
    "resourceGroupServicePrincipalObjectId": {
      "value": "67c4ad9a-b51a-4223-9848-62265729615e"
    },
    "aksSkuTier": {
      "value": "Standard"
    },
    "agentPoolList": {
      "value": [
        {
          "nodePoolName": "system",
          "nodePoolCount": 3,
          "nodePoolMaxPod": 30,
          "nodePoolVmSize": "Standard_D8lds_v5",
          "mode": "System",
          "enableAutoScaling": false,
          "maxNodeCount": 3,
          "minNodeCount": 3,
          "applicationName": "acei"
        }
      ]
    }
  }
}