{
    "$schema": "https://schema.management.azure.com/schemas/2015-01-01/deploymentParameters.json#",
    "contentVersion": "1.0.0.0",
    "parameters": {
      "ciNumber": {
        "value": "CI0079966"
      },
      "pTargetResourceRegion": {
        "value": "westeurope"
      },
      "pResourceId":{
        "value": "/subscriptions/04a02e15-f94b-40b3-aa99-4b78c832871e/resourceGroups/acei-p-rg/providers/Microsoft.ContainerService/managedClusters/acei-p-aks"
      },
      "pClusterName":{
        "value": "acei-p-aks"
      },
       "metricsAlert": {
        "value": [
          {
            "alertRuleName": "nodes-in-unknown-status",
            "pEvaluationFrequency": "PT1M",
            "pMetricName": "kube_node_status_condition",
            "pOperator": "GreaterThan",
            "pSeverity": 1,
            "pThreshold": 0,
            "pTimeAggregation": "Total",
            "pWindowSize": "PT5M",
            "alertDimentions": [
              "node-pool",
              "nodes-unknown-state"
            ],
            "alertActionGroup": []
          },
          {
            "alertRuleName": "cpu-usage-percentage-warning",
            "pEvaluationFrequency": "PT1M",
            "pMetricName": "node_cpu_usage_percentage",
            "pOperator": "GreaterThan",
            "pSeverity": 2,
            "pThreshold": 75,
            "pTimeAggregation": "Average",
            "pWindowSize": "PT5M",
            "alertDimentions": [
              "node-pool"
            ],
            "alertActionGroup": []
          },
          {
            "alertRuleName": "cpu-usage-percentage-error",
            "pEvaluationFrequency": "PT1M",
            "pMetricName": "node_cpu_usage_percentage",
            "pOperator": "GreaterThan",
            "pSeverity": 1,
            "pThreshold": 80,
            "pTimeAggregation": "Average",
            "pWindowSize": "PT5M",
            "alertDimentions": [
              "node-pool"
            ],
            "alertActionGroup": []
          },
          {
            "alertRuleName": "cpu-usage-percentage-critical",
            "pEvaluationFrequency": "PT1M",
            "pMetricName": "node_cpu_usage_percentage",
            "pOperator": "GreaterThan",
            "pSeverity": 0,
            "pThreshold": 85,
            "pTimeAggregation": "Average",
            "pWindowSize": "PT5M",
            "alertDimentions": [
              "node-pool"
            ],
            "alertActionGroup": []
          },
          {
            "alertRuleName": "disk-usage-percentage-warning",
            "pEvaluationFrequency": "PT1M",
            "pMetricName": "node_disk_usage_percentage",
            "pOperator": "GreaterThan",
            "pSeverity": 2,
            "pThreshold": 75,
            "pTimeAggregation": "Average",
            "pWindowSize": "PT15M",
            "alertDimentions": [
              "device",
              "node-pool"
            ],
            "alertActionGroup": []
          },
          {
            "alertRuleName": "disk-usage-percentage-error",
            "pEvaluationFrequency": "PT1M",
            "pMetricName": "node_disk_usage_percentage",
            "pOperator": "GreaterThan",
            "pSeverity": 1,
            "pThreshold": 80,
            "pTimeAggregation": "Average",
            "pWindowSize": "PT5M",
            "alertDimentions": [
              "device",
              "node-pool"
            ],
            "alertActionGroup": []
          },
          {
            "alertRuleName": "disk-usage-percentage-critical",
            "pEvaluationFrequency": "PT1M",
            "pMetricName": "node_disk_usage_percentage",
            "pOperator": "GreaterThan",
            "pSeverity": 0,
            "pThreshold": 85,
            "pTimeAggregation": "Average",
            "pWindowSize": "PT5M",
            "alertDimentions": [
              "device",
              "node-pool"
            ],
            "alertActionGroup": []
          },
          {
            "alertRuleName": "memory-usage-percentage-warning",
            "pEvaluationFrequency": "PT1M",
            "pMetricName": "node_memory_working_set_percentage",
            "pOperator": "GreaterThan",
            "pSeverity": 2,
            "pThreshold": 75,
            "pTimeAggregation": "Maximum",
            "pWindowSize": "PT15M",
            "alertDimentions": [
              "node-pool"
            ],
            "alertActionGroup": []
          },
          {
            "alertRuleName": "memory-usage-percentage-error",
            "pEvaluationFrequency": "PT1M",
            "pMetricName": "node_memory_working_set_percentage",
            "pOperator": "GreaterThan",
            "pSeverity": 1,
            "pThreshold": 80,
            "pTimeAggregation": "Maximum",
            "pWindowSize": "PT5M",
            "alertDimentions": [
              "node-pool"
            ],
            "alertActionGroup": []
          },
          {
            "alertRuleName": "memory-usage-percentage-critical",
            "pEvaluationFrequency": "PT1M",
            "pMetricName": "node_memory_working_set_percentage",
            "pOperator": "GreaterThan",
            "pSeverity": 0,
            "pThreshold": 85,
            "pTimeAggregation": "Maximum",
            "pWindowSize": "PT15M",
            "alertDimentions": [
              "node-pool"
            ],
            "alertActionGroup": []
          },
          {
            "alertRuleName": "nodes-in-not-ready-status",
            "pEvaluationFrequency": "PT1M",
            "pMetricName": "kube_node_status_condition",
            "pOperator": "GreaterThan",
            "pSeverity": 1,
            "pThreshold": 0,
            "pTimeAggregation": "Total",
            "pWindowSize": "PT5M",
            "alertDimentions": [
              "node-pool",
              "nodes-not-ready-state"
            ],
            "alertActionGroup": []
          },
          {
            "alertRuleName": "pods-in-failed-state",
            "pEvaluationFrequency": "PT1M",
            "pMetricName": "kube_pod_status_phase",
            "pOperator": "GreaterThan",
            "pSeverity": 1,
            "pThreshold": 0,
            "pTimeAggregation": "Average",
            "pWindowSize": "PT5M",
            "alertDimentions": [
              "pods-failed-state",
              "pods"
            ],
            "alertActionGroup": []
          },
          {
            "alertRuleName": "pods-in-unknown-state",
            "pEvaluationFrequency": "PT1M",
            "pMetricName": "kube_pod_status_phase",
            "pOperator": "GreaterThan",
            "pSeverity": 1,
            "pThreshold": 0,
            "pTimeAggregation": "Average",
            "pWindowSize": "PT5M",
            "alertDimentions": [
              "pods",
              "pods-unknown-state"
            ],
            "alertActionGroup": []
          },
          {
            "alertRuleName": "pods-in-pending-state",
            "pEvaluationFrequency": "PT1M",
            "pMetricName": "kube_pod_status_phase",
            "pOperator": "GreaterThan",
            "pSeverity": 1,
            "pThreshold": 0,
            "pTimeAggregation": "Average",
            "pWindowSize": "PT5M",
            "alertDimentions": [
              "pods",
              "pods-pending-state"
            ],
            "alertActionGroup": []
          }
        ]
      },
      "commonMetricsDimentions": {
        "value": {
          "nodes-unknown-state": {
              "dimentionName": "status",
              "dimentionOperator": "Include",
              "dimentionvalues": "Unknown"
          },
          "nodes-not-ready-state": 
            {
              "dimentionName": "status",
              "dimentionOperator": "Include",
              "dimentionvalues": "NotReady"
          },
          "pods-failed-state": 
            {
              "dimentionName": "phase",
              "dimentionOperator": "Include",
              "dimentionvalues": "Failed"
          },
          "pods-unknown-state": 
            {
              "dimentionName": "phase",
              "dimentionOperator": "Include",
              "dimentionvalues": "Unknown"
          },
          "pods-pending-state": 
            {
              "dimentionName": "phase",
              "dimentionOperator": "Include",
              "dimentionvalues": "Pending"
            },
          "device":
          {
            "dimentionName": "device",
            "dimentionOperator": "Include",
            "dimentionvalues": "All current and future values"
          }
        }
      }
    }
  }