{
    "$schema": "https://schema.management.azure.com/schemas/2015-01-01/deploymentParameters.json#",
    "contentVersion": "1.0.0.0",
    "parameters": {
      "roleAssignments": {
        "value": [
          {
            "uamiName": "acei-p-aks-umi",
            "roleDefinitionName": "Key Vault Certificate User",
            "resourceId": "/subscriptions/04a02e15-f94b-40b3-aa99-4b78c832871e/resourceGroups/acei-p-rg/providers/Microsoft.KeyVault/vaults/acei-p-kv"
          },
          {
            "uamiName": "acei-p-aks-umi",
            "roleDefinitionName": "Key Vault Secrets User",
            "resourceId": "/subscriptions/04a02e15-f94b-40b3-aa99-4b78c832871e/resourceGroups/acei-p-rg/providers/Microsoft.KeyVault/vaults/acei-p-kv"
          },
          {
            "uamiName": "acei-p-aks-umi",
            "roleDefinitionName": "Key Vault Crypto Service Encryption User",
            "resourceId": "/subscriptions/04a02e15-f94b-40b3-aa99-4b78c832871e/resourceGroups/acei-p-rg/providers/Microsoft.KeyVault/vaults/acei-p-kv"
          },
          {
            "principalId": "67c4ad9a-b51a-4223-9848-62265729615e",
            "roleDefinitionName": "Key Vault Certificates Officer",
            "resourceId": "/subscriptions/04a02e15-f94b-40b3-aa99-4b78c832871e/resourceGroups/acei-p-rg/providers/Microsoft.KeyVault/vaults/acei-p-kv"
          },
          {
            "principalId": "67c4ad9a-b51a-4223-9848-62265729615e",
            "roleDefinitionName": "Key Vault Crypto Officer",
            "resourceId": "/subscriptions/04a02e15-f94b-40b3-aa99-4b78c832871e/resourceGroups/acei-p-rg/providers/Microsoft.KeyVault/vaults/acei-p-kv"
          },
          {
            "principalId": "67c4ad9a-b51a-4223-9848-62265729615e",
            "roleDefinitionName": "Key Vault Secrets Officer",
            "resourceId": "/subscriptions/04a02e15-f94b-40b3-aa99-4b78c832871e/resourceGroups/acei-p-rg/providers/Microsoft.KeyVault/vaults/acei-p-kv"
          },
          {
            "groupId": "16836b00-abac-426b-b86a-5f7b51aeac71",
            "roleDefinitionName": "Key Vault Administrator",
            "resourceId": "/subscriptions/04a02e15-f94b-40b3-aa99-4b78c832871e/resourceGroups/acei-p-rg/providers/Microsoft.KeyVault/vaults/acei-p-kv"
          }
       ]
      }
    }
  }