{
  "$schema": "https://schema.management.azure.com/schemas/2015-01-01/deploymentParameters.json#",
  "contentVersion": "1.0.0.0",
  "parameters": {
    "pvnetRg": {
      "value": "acei01-vnets-p-rg"
    },
    "pIdentityType": {
      "value": "UserAssigned"
    },
    "pUserAssignedIdentity": {
      "value": "/subscriptions/04a02e15-f94b-40b3-aa99-4b78c832871e/resourceGroups/acei-p-rg/providers/Microsoft.ManagedIdentity/userAssignedIdentities/acei-p-umi"
    },
    "pvnetName": {
      "value": "acei01-p-vnet"
    },
    "pKeyVaultName": {
      "value": "acei-p-kv"
    },
    "pKeyName": {
      "value": "acei-p-storage-hsmkey"
    },
    "pHsmKeyVaultUri": {
      "value": "https://cs-ahsm-p.managedhsm.azure.net/"
    },
    "pBlobSoftDeleteRetentionDays": {
      "value": 7
    },
    "pContainerSoftDeleteRetentionDays": {
      "value": 7
    },
    "pEnableBlobSoftDelete": {
      "value": true
    },
    "pEnableContainerSoftDelete": {
      "value": true
    },
    "pStaticStorageType": {
      "value": "web"
    },
    "pDfsStorageType": {
      "value": "dfs"
    },
    "pstorageSpecs": {
      "value": [
        {
          "psaName": "aceipaksbackupsa",
          "paccessTier": "Hot",
          "pIsdfsPleEnabled": false,
          "pIsWebPleEnabled": false,
          "pipRules": [],
          "pkind": "StorageV2",
          "pIsHnsEnabled": false,
          "pminimumTlsVersion": "TLS1_2",
          "prequireInfrastructureEncryption": true,
          "psku": "Standard_GRS",
          "isFileShareEnabled": false,
          "fileshareList": [],
          "pstorageType": "blob",
          "isBlobContinerRequired": true,
          "isDefaultNetworkAccessAllowed": false,
          "isPublicNetworkAccessEnabled": false,
          "pContainerList": [
            {
              "name": "aks-backup"
            }
          ]
        }
      ]
    }
  }
}