{
    "$schema": "https://schema.management.azure.com/schemas/2015-01-01/deploymentParameters.json#",
    "contentVersion": "1.0.0.0",
    "parameters": {
      "pCommonActionGroupId": {
        "value":[
          {
            "pActionGroupId": "/subscriptions/04a02e15-f94b-40b3-aa99-4b78c832871e/resourceGroups/acei-p-rg/providers/Microsoft.Insights/actiongroups/acei-p-actiongroup"
          },
          {
            "pActionGroupId": "/subscriptions/04a02e15-f94b-40b3-aa99-4b78c832871e/resourceGroups/cbspitsm-p-rg/providers/microsoft.Insights/actiongroups/ServiceNow-PR-"
          }
        ]
      },
      "pScope": {
        "value": "system"
      },
        "metricsDimentions": {
          "value": {
            "node-pool": {
              "dimentionName": "node",
              "dimentionOperator": "StartsWith",
              "dimentionvalues": "aks-system"
            },
            "pods": {
                "dimentionName": "namespace",
                "dimentionOperator": "StartsWith",
                "dimentionvalues": "calico-system,flux-system,gatekeeper-system,ingress-nginx,kube-system,tigera-operator,twistlock-system, app-backup"
          }
        }
      }
    }
  }
  