{
    "$schema": "https://schema.management.azure.com/schemas/2019-04-01/deploymentParameters.json#",
    "contentVersion": "1.0.0.0",
    "parameters": {
        "autoScaleSettingName": {
            "value": "exampleautoscalesetting"
        },
        "targetResourceId": {
            "value": "fullresourceidoftargetresource"
        },
        "targetResourceLocation": {
            "value": "westeurope"
        },
        "scalingProfiles": {
            "value": [
                {
                    "name": "Example of fixed scale condition",
                    "capacity": {
                        "minimum": "3",
                        "maximum": "3",
                        "default": "3"
                    },
                    "rules": []
                }
            ]
        }
    }
}