{
    "$schema": "https://schema.management.azure.com/schemas/2019-04-01/deploymentTemplate.json#",
    "contentVersion": "1.0.0.0",
    "parameters": {
        "autoScaleSettingName": {
            "type": "string",
            "minLength": 1,
            "maxLength": 260,
            "metadata": {
                "description": "The name of the Autoscale Setting."
            }
        },
        "location": {
            "type": "string",
            "defaultValue": "[resourceGroup().location]",
            "metadata": {
                "description": "The location of the target Azure resource to which the Autoscale Setting is applied."
            }
        },
        "enableAutoScaleSetting": {
            "type": "bool",
            "defaultValue": true,
            "metadata": {
                "description": "Whether to enable the Autoscale Setting on the target Azure resource."
            }
        },
        "targetResourceId": {
            "type": "string",
            "metadata": {
                "description": "The full resource ID of the target Azure resource on which the Autoscale Setting must be applied."
            }
        },
        "targetResourceLocation": {
            "type": "string",
            "metadata": {
                "description": "The location of the resource that the Autoscale Setting should be added to."
            }
        },
        "scalingProfiles": {
            "type": "array",
            "metadata": {
                "description": "JSON object that contains the scale conditions that will be applied with this Autoscale Setting."
            }
        }
    },
    "resources": [
        {
            "type": "Microsoft.Insights/autoscalesettings",
            "apiVersion": "2015-04-01",
            "name": "[parameters('autoScaleSettingName')]",
            "location": "[parameters('location')]",
            "properties": {
                "name": "[parameters('autoScaleSettingName')]",
                "enabled": "[parameters('enableAutoScaleSetting')]",
                "targetResourceUri": "[parameters('targetResourceId')]",
                "targetResourceLocation": "[parameters('targetResourceLocation')]",
                "profiles": "[parameters('scalingProfiles')]"
            }
        }
    ]
}