{
    "$schema": "https://schema.management.azure.com/schemas/2019-04-01/deploymentParameters.json#",
    "contentVersion": "1.0.0.0",
    "parameters": {
        "clusterName": {
            "value": "aks-ftt"
        },
        "aksVersion": {
            "value": "1.23.5"
        },
        "userAssignedManagedIdentityId": {
            "value": "/subscriptions/eadb9dfd-2100-4b4d-981a-3225eb77daa7/resourceGroups/lzftt-d-rg/providers/Microsoft.ManagedIdentity/userAssignedIdentities/lzftt-umi"
        },
               
        "keyVaultName": {
            "value": "lzftt-keyvault"
        },
        "logAnalyticsWorkspaceId": {
            "value": "/subscriptions/eadb9dfd-2100-4b4d-981a-3225eb77daa7/resourcegroups/lzftt-d-rg/providers/microsoft.operationalinsights/workspaces/loganlyticsw"
        },      
        "dnsPrefix": {
            "value": "ftt"
        },      
        "nodePoolVMSize": {
            "value": "Standard_D2as_v5"
        },
        "nodePoolMaxPod": {
            "value": 30
        },
        "systemNodePoolPodSubnetID": {
            "value": "/subscriptions/eadb9dfd-2100-4b4d-981a-3225eb77daa7/resourceGroups/lzftt02-vnets-d-rg/providers/Microsoft.Network/virtualNetworks/lzftt02-d-vnet/subnets/aks01-subnet"
        },
        "nodePoolVnetSubnetID": {
            "value": "/subscriptions/eadb9dfd-2100-4b4d-981a-3225eb77daa7/resourceGroups/lzftt02-vnets-d-rg/providers/Microsoft.Network/virtualNetworks/lzftt02-d-vnet/subnets/aks01-subnet"
        }

        
    }
}