{
  "$schema": "https://schema.management.azure.com/schemas/2015-01-01/deploymentParameters.json#",
  "contentVersion": "1.0.0.0",
  "parameters": {
    "keyVaultEnablePurgeProtection": {
      "value": true
    },
    "keyVaultName": {
      "value": "pvm-ssisir5-kv"
    },
    "sqlServerAdminName": {
      "value": "peaec01-d-rg-spn"
    },
    "sqlServerAdminObjectId": {
      "value": "e35c7c34-b70c-4c6b-9e61-b97a536118a8"
    },
    "sqlServerAadOnlyAuthentication": {
      "value": false
    },
    "sqlServerKeyName": {
      "value": "pvm-ssisir5-sql-key"
    },
    "sqlServerName": {
      "value": "pvm-ssisir5-sqlserver"
    },
    "sqlServerUmiName": {
      "value": "pvm-ssisir5-sql-umi"
    },
    "privateEndpointSubnetName": {
      "value": "ple01-subnet"
    },
    "privateEndpointvNetName": {
      "value": "peaec0101-d-vnet"
    },
    "privateEndpointvNetRgName": {
      "value": "peaec0101-vnets-d-rg"
    }
  }
}