{
    "$schema": "http://schema.management.azure.com/schemas/2015-01-01/deploymentTemplate.json#",
    "contentVersion": "1.0.0.0",
    "parameters": {
        "factoryName": {
            "type": "string",
            "metadata": "Data Factory name",
            "defaultValue": ""
        },
        "userManagedIdentity": {
            "type": "string",
            "metadata": "userManagedIdentity resource id  to be lined with DataFactory ",
            "defaultValue": ""
        },
        "identityResourceGroupName": {
            "type": "string",
            "metadata": {
                "description": "Object ID of the User Assigned Identity"
            }
        },
        "identityName": {
            "type": "string",
            "metadata": "userManagedIdentity Name to be lined with DataFactory ",
            "defaultValue": ""
        },
        "vaultBaseUrl": {
            "type": "string",
            "metadata": "VaultBaseUrl for userManagedIdentity",
            "defaultValue": ""
        },
        "keyName": {
            "type": "string",
            "metadata": "KeyName for userManagedIdentity",
            "defaultValue": ""
        },
        "keyVersion": {
            "type": "string",
            "metadata": "KeyVersion for userManagedIdentity ",
            "defaultValue": ""
        },
        "publicNetworkAccess": {
            "type": "string",
            "metadata": {
                "description": "Whether or not public network access is allowed for the data factory."
            }
        },
        "dataFactory_identity_type": {
            "type": "string",
            "defaultValue": "SystemAssigned"
        }
    },
    "variables": {
        "userAssignedIdentityId": "[resourceID(parameters('identityResourceGroupName'),'Microsoft.ManagedIdentity/userAssignedIdentities', parameters('identityName'))]"
    },
    "resources": [
        {
            "type": "Microsoft.DataFactory/factories",
            "apiVersion": "2018-06-01",
            "name": "[parameters('factoryName')]",
            "location": "[resourceGroup().location]",
            "identity": {
                "type": "[parameters('dataFactory_identity_type')]",
                "userAssignedIdentities": {
                    "[variables('userAssignedIdentityId')]": {}
                }
            },
            "properties": {
                "publicNetworkAccess": "[parameters('publicNetworkAccess')]",
                "encryption": {
                    "identity": {
                        "userAssignedIdentity": "[variables('userAssignedIdentityId')]"
                    },
                    "VaultBaseUrl": "[parameters('vaultBaseUrl')]",
                    "KeyName": "[parameters('keyName')]",
                    "KeyVersion": "[parameters('keyVersion')]"
                }
            }
        }
        
    ]
}