{
    "$schema": "https://schema.management.azure.com/schemas/2019-04-01/deploymentParameters.json#",
    "contentVersion": "1.0.0.0",
    "parameters": {
        "backupVaultName": {
            "value": "examplevalue"
        },
        "backupStorageRedundancy": {
            "value": "GeoRedundant"
        },
        "azureMonitorAlertsForAllJobFailures": {
            "value": "Enabled"
        },
        "featureSettings": {
            "value": {
                "crossRegionRestoreSettings": {
                    "state": "Enabled"
                },
                "crossSubscriptionRestoreSettings": {
                    "state": "Disabled"
                }
            }
        },
        "immutabilityState": {
            "value": "Disabled"
        },
        "softDeleteState": {
            "value": "On"
        },
        "softDeleteRetentionDurationInDays": {
            "value": 14
        },
        "keyVaultName": {
            "value": "examplevalue"
        },
        "keyName": {
            "value": "examplevalue"
        },
        "userAssignedIdentityName": {
            "value": "examplevalue"
        },
        "infrastructureEncryption": {
            "value": "Disabled"
        }
    }
}