{
    "$schema": "https://schema.management.azure.com/schemas/2019-04-01/deploymentTemplate.json#",
    "contentVersion": "1.0.1.0",
    "parameters": {
        "backupVaultName": {
            "type": "string",
            "minLength": 2,
            "maxLength": 50,
            "metadata": {
                "description": "The name of the Backup Vault."
            }
        },
        "location": {
            "type": "string",
            "defaultValue": "[resourceGroup().location]",
            "metadata": {
                "description": "The location of the Backup Vault."
            }
        },
        "backupStorageRedundancy": {
            "type": "string",
            "allowedValues": [
                "GeoRedundant",
                "LocallyRedundant",
                "ZoneRedundant"
            ],
            "metadata": {
                "description": "Storage redundancy of a Backup Vault cannot be changed once the Backup Vault has registered backups. Geo-Redundant Storage provides the highest level of data durability, followed by Zone-Redundant Storage and then Locally-Redundant Storage. The costs are proportionate to the durability guarantees."
            }
        },
        "azureMonitorAlertsForAllJobFailures": {
            "type": "string",
            "defaultValue": "Enabled",
            "allowedValues": [
                "Disabled",
                "Enabled"
            ],
            "metadata": {
                "description": "Optional. The behavior of built-in Azure Monitor alerts upon backup job failures."
            }
        },
        "featureSettings": {
            "type": "object",
            "metadata": {
                "description": "An object containing the cross Subscription and optionally the cross region restore settings of the backups. The property 'crossRegionRestoreSettings' can only be set if the parameter 'backupStorageRedundancy' is set to 'GeoRedundant'."
            }
        },
        "immutabilityState": {
            "type": "string",
            "defaultValue": "Disabled",
            "allowedValues": [
                "Disabled",
                "Locked",
                "Unlocked"
            ],
            "metadata": {
                "description": "Optional. Whether to enable or disable immutability of the Backup Vault. Once locked, it cannot be reverted to a disabled state."
            }
        },
        "softDeleteState": {
            "type": "string",
            "defaultValue": "On",
            "allowedValues": [
                "AlwaysOn",
                "Off",
                "On"
            ],
            "metadata": {
                "description": "Optional. Whether to enable enhanced soft delete on the Backup Vault. Always-on soft delete is irreversible. Once enabled, it cannot be reverted to a disabled state."
            }
        },
        "softDeleteRetentionDurationInDays": {
            "type": "int",
            "defaultValue": 14,
            "minValue": 14,
            "maxValue": 180,
            "metadata": {
                "description": "Optional. The number of days a backup is kept after deletion. Soft delete does not cost you for 14 days of retention; however, you are charged for the period beyond 14 days."
            }
        },
        "keyVaultName": {
            "type": "string",
            "minLength": 3,
            "maxLength": 24,
            "metadata": {
                "description": "The name of the Key Vault where the Customer-Managed Key is stored to use for data encryption."
            }
        },
        "keyName": {
            "type": "string",
            "minLength": 1,
            "maxLength": 127,
            "metadata": {
                "description": "The name of the key to use for data encryption. Encryption is only supported with an RSA 2048 cryptographic key set to never expire."
            }
        },
        "userAssignedIdentityName": {
            "type": "string",
            "metadata": {
                "description": "The name of the User-Assigned Managed Identity to associate with the Backup Vault. It must have 'Get', 'WrapKey' and 'UnwrapKey' permissions on the Key Vault."
            }
        },
        "infrastructureEncryption": {
            "type": "string",
            "defaultValue": "Disabled",
            "allowedValues": [
                "Disabled",
                "Enabled"
            ],
            "metadata": {
                "description": "Optional. Whether to enable encryption on the backup storage infrastructure. Note that this can only be enabled only on a new Backup Vault."
            }
        }
    },
    "variables": {
        "keyVaultKeyResourceId": "[resourceId('Microsoft.KeyVault/vaults/keys', parameters('keyVaultName'), parameters('keyName'))]",
        "userAssignedIdentityResourceId": "[resourceId('Microsoft.ManagedIdentity/userAssignedIdentities', parameters('userAssignedIdentityName'))]"
    },
    "resources": [
        {
            "type": "Microsoft.DataProtection/backupVaults",
            "apiVersion": "2024-04-01",
            "name": "[parameters('backupVaultName')]",
            "location": "[parameters('location')]",
            "sku": {
                "name": "RS0",
                "tier": "Standard"
            },
            "identity": {
                "type": "SystemAssigned, UserAssigned",
                "userAssignedIdentities": {
                    "[variables('userAssignedIdentityResourceId')]": {}
                }
            },
            "properties": {
                "featureSettings": "[parameters('featureSettings')]",
                "monitoringSettings": {
                    "azureMonitorAlertSettings": {
                        "alertsForAllJobFailures": "[parameters('azureMonitorAlertsForAllJobFailures')]"
                    }
                },
                "storageSettings": [
                    {
                        "datastoreType": "VaultStore",
                        "type": "[parameters('backupStorageRedundancy')]"
                    }
                ],
                "securitySettings": {
                    "encryptionSettings": {
                        "state": "Enabled",
                        "keyVaultProperties": {
                            "keyUri": "[reference(variables('keyVaultKeyResourceId'), '2023-07-01').keyUri]"
                        },
                        "kekIdentity": {
                            "identityType": "UserAssigned",
                            "identityId": "[variables('userAssignedIdentityResourceId')]"
                        },
                        "infrastructureEncryption": "[parameters('infrastructureEncryption')]"
                    },
                    "immutabilitySettings": {
                        "state": "[parameters('immutabilityState')]"
                    },
                    "softDeleteSettings": {
                        "state": "[parameters('softDeleteState')]",
                        "retentionDurationInDays": "[parameters('softDeleteRetentionDurationInDays')]"
                    }
                }
            }
        }
    ]
}