{
    "$schema": "https://schema.management.azure.com/schemas/2019-04-01/deploymentTemplate.json#",
    "contentVersion": "1.0.0.0",
    "parameters": {
        "serverName": {
            "type": "string",
            "minLength": 3,
            "maxLength": 63,
            "metadata": {
                "description": "The name of the MySQL Flexible Server."
            }
        },
        "location": {
            "type": "string",
            "defaultValue": "[resourceGroup().location]",
            "metadata": {
                "description": "The location of the MySQL Flexible Server."
            }
        },
        "version": {
            "type": "string",
            "metadata": {
                "description": "The version of the MySQL engine."
            }
        },
        "skuName": {
            "type": "string",
            "defaultValue": "Standard_D2ds_v4",
            "metadata": {
                "description": "The compute size of the MySQL Flexible Server."
            }
        },
        "storageSizeGB": {
            "type": "int",
            "defaultValue": 128,
            "minValue": 32,
            "maxValue": 32768,
            "metadata": {
                "description": "The amount of storage expressed in gigabytes. Note that storage cannot be scaled down once the MySQL Flexible Server is created."
            }
        },
        "storageAutoGrow": {
            "type": "string",
            "defaultValue": "Enabled",
            "allowedValues": [
                "Disabled",
                "Enabled"
            ],
            "metadata": {
                "description": "Whether storage auto-growth is enabled or disabled. When enabled (default), the storage automatically grows without impacting the workload."
            }
        },
        "backupRetentionDays": {
            "type": "int",
            "defaultValue": 7,
            "minValue": 7,
            "maxValue": 35,
            "metadata": {
                "description": "The backup retention period in days."
            }
        },
        "geoRedundantBackup": {
            "type": "string",
            "defaultValue": "Disabled",
            "allowedValues": [
                "Disabled",
                "Enabled"
            ],
            "metadata": {
                "description": "Whether geo-redundant storage for backup is enabled or disabled. This cannot be changed after MySQL Flexible Server creation."
            }
        },
        "availabilityZone": {
            "type": "string",
            "defaultValue": "No preference",
            "allowedValues": [
                "No preference",
                "1",
                "2",
                "3"
            ],
            "metadata": {
                "description": "You can optionally specify a primary availability zone in which you deploy the MySQL Flexible Server to co-locate with your application."
            }
        },
        "highAvailabilityMode": {
            "type": "string",
            "defaultValue": "Disabled",
            "allowedValues": [
                "Disabled",
                "SameZone",
                "ZoneRedundant"
            ],
            "metadata": {
                "description": "The high availability architectural model to use for the MySQL Flexible Server."
            }
        },
        "standbyAvailabilityZone": {
            "type": "string",
            "defaultValue": "No preference",
            "allowedValues": [
                "No preference",
                "1",
                "2",
                "3"
            ],
            "metadata": {
                "description": "The optional standby availability zone when using zone-redundant high availability."
            }
        },
        "principalName": {
            "type": "string",
            "metadata": {
                "description": "The name of the Group or Service Principal to be configured as Azure AD administrator of the MySQL Flexible Server."
            }
        },
        "principalObjectId": {
            "type": "string",
            "metadata": {
                "description": "The object ID of the Azure AD administrator of the MySQL Flexible Server."
            }
        },
        "aadIdentityName": {
            "type": "string",
            "metadata": {
                "description": "The name of the User-Assigned Managed Identity used for Azure AD authentication. The identity requires the following permission: 'User.Read.All', 'Group.Read.All' and 'Application.Read.All'."
            }
        },
        "virtualNetworkResourceGroup": {
            "type": "string",
            "minLength": 1,
            "maxLength": 90,
            "metadata": {
                "description": "The name of the Virtual Network Resource Group."
            }
        },
        "virtualNetworkName": {
            "type": "string",
            "minLength": 2,
            "maxLength": 64,
            "metadata": {
                "description": "The name of the Virtual Network."
            }
        },
        "subnetName": {
            "type": "string",
            "minLength": 1,
            "maxLength": 80,
            "metadata": {
                "description": "The name of the dedicated subnet. This subnet must have a delegation to 'Microsoft.DBforMySQL/flexibleServers' defined first. If high availability is enabled and the subnet has a Network Security Group (NSG) attached to it, please make sure that the NSG rules do not block outbound traffic to port 3306 as it is reserved for High Availability traffic."
            }
        },
        "userAssignedIdentityName": {
            "type": "string",
            "metadata": {
                "description": "The name of the User-Assigned Managed Identity to be used for data encryption of the primary MySQL Flexible Server."
            }
        },
        "keyVaultName": {
            "type": "string",
            "minLength": 3,
            "maxLength": 24,
            "metadata": {
                "description": "The name of the Key Vault where the customer-managed key is stored to be used for data encryption of the primary MySQL Flexible Server. The primary User-Assigned Managed Identity requires 'get', 'list', 'unwrapKey', 'wrapKey' Key permissions on the Key Vault. The Key Vault must have soft-delete enabled and the retention period set to 90 days."
            }
        },
        "keyName": {
            "type": "string",
            "minLength": 1,
            "maxLength": 127,
            "metadata": {
                "description": "The name of the key to be used for data encryption of the primary MySQL Flexible Server."
            }
        },
        "keyVersion": {
            "type": "string",
            "metadata": {
                "description": "The version of the key to be used for data encryption of the primary MySQL Flexible Server."
            }
        },
        "geoBackupUserAssignedIdentityName": {
            "type": "string",
            "defaultValue": "Mandatory for geo-backup",
            "metadata": {
                "description": "The name of the User-Assigned Managed Identity to be used for data encryption for geo-backup of the MySQL Flexible Server."
            }
        },
        "geoBackupKeyVaultName": {
            "type": "string",
            "defaultValue": "Mandatory for geo-backup",
            "minLength": 3,
            "maxLength": 24,
            "metadata": {
                "description": "The name of the Key Vault where the customer-managed key is stored to be used for data encryption for geo-backup of the MySQL Flexible Server. The geo-backup User-Assigned Managed Identity requires 'get', 'list', 'unwrapKey', 'wrapKey' Key permissions on the Key Vault."
            }
        },
        "geoBackupKeyName": {
            "type": "string",
            "defaultValue": "Mandatory for geo-backup",
            "minLength": 1,
            "maxLength": 127,
            "metadata": {
                "description": "The name of the key to be used for data encryption for geo-backup of the MySQL Flexible Server."
            }
        },
        "geoBackupKeyVersion": {
            "type": "string",
            "defaultValue": "Mandatory for geo-backup",
            "metadata": {
                "description": "The version of the key to be used for data encryption for geo-backup of the MySQL Flexible Server."
            }
        }
    },
    "variables": {
        "flexibleServerResourceId": "[resourceId('Microsoft.DBforMySQL/flexibleServers', parameters('serverName'))]",
        "skuTier": "[if(startsWith(parameters('skuName'), 'Standard_D'), 'GeneralPurpose', if(startsWith(parameters('skuName'), 'Standard_B'), 'Burstable', 'MemoryOptimized'))]",
        "delegatedSubnetResourceId": "[resourceId(parameters('virtualNetworkResourceGroup'), 'Microsoft.Network/virtualNetworks/subnets', parameters('virtualNetworkName'), parameters('subnetName'))]",
        "privateDnsZoneSubscriptionId": "b658ffad-30c7-4be6-881c-e3dc1f6520af",
        "privateDnsZoneResourceGroup": "privatelinkdnszones01-p-rg",
        "privateDnsZoneName": "private01.mysql.database.azure.com",
        "privateDnsZoneResourceId": "[resourceId(variables('privateDnsZoneSubscriptionId'), variables('privateDnsZoneResourceGroup'),'Microsoft.Network/privateDnsZones', variables('privateDnsZoneName'))]",
        "primaryUserAssignedIdentityResourceId": "[resourceId('Microsoft.ManagedIdentity/userAssignedIdentities', parameters('userAssignedIdentityName'))]",
        "geoBackupUserAssignedIdentityResourceId": "[if(equals(parameters('geoRedundantBackup'), 'Enabled'), resourceId('Microsoft.ManagedIdentity/userAssignedIdentities', parameters('geoBackupUserAssignedIdentityName')), '')]",
        "aadIdentityResourceId": "[resourceId('Microsoft.ManagedIdentity/userAssignedIdentities', parameters('aadIdentityName'))]",
        "userAssignedIdentities": "[if(equals(parameters('geoRedundantBackup'), 'Enabled'), json(concat('{\"', variables('primaryUserAssignedIdentityResourceId'), '\": {', '}, \"', variables('geoBackupUserAssignedIdentityResourceId'), '\": {', '}, \"', variables('aadIdentityResourceId'), '\": {', '}}')), json(concat('{\"', variables('primaryUserAssignedIdentityResourceId'), '\": {', '}, \"', variables('aadIdentityResourceId'), '\": {', '}}')))]",
        "primaryKeyVaultKeyResourceId": "[resourceId('Microsoft.KeyVault/vaults/keys', parameters('keyVaultName'), parameters('keyName'))]",
        "geoBackupKeyVaultKeyResourceId": "[if(equals(parameters('geoRedundantBackup'), 'Enabled'), resourceId('Microsoft.KeyVault/vaults/keys', parameters('geoBackupKeyVaultName'), parameters('geoBackupKeyName')), '')]"
    },
    "resources": [
        {
            "type": "Microsoft.DBforMySQL/flexibleServers",
            "apiVersion": "2022-01-01",
            "name": "[parameters('serverName')]",
            "location": "[parameters('location')]",
            "sku": {
                "name": "[parameters('skuName')]",
                "tier": "[variables('skuTier')]"
            },
            "identity": {
                "type": "UserAssigned",
                "userAssignedIdentities": "[variables('userAssignedIdentities')]"
            },
            "properties": {
                "administratorLogin": "mysql_admin",
                "administratorLoginPassword": "Rainfall2024",
                "availabilityZone": "[if(or(empty(parameters('availabilityZone')), equals(parameters('availabilityZone'), 'No preference')), json('null'), parameters('availabilityZone'))]",
                "backup": {
                    "backupRetentionDays": "[parameters('backupRetentionDays')]",
                    "geoRedundantBackup": "[parameters('geoRedundantBackup')]"
                },
                "createMode": "Default",
                "dataEncryption": {
                    "type": "AzureKeyVault",
                    "primaryUserAssignedIdentityId": "[variables('primaryUserAssignedIdentityResourceId')]",
                    "primaryKeyURI": "[if(empty(parameters('keyVersion')), reference(variables('primaryKeyVaultKeyResourceId'), '2022-07-01', 'Full').properties.keyUriWithVersion, concat(reference(variables('primaryKeyVaultKeyResourceId'), '2022-07-01').keyUri, '/', parameters('keyVersion')))]",
                    "geoBackupUserAssignedIdentityId": "[if(equals(parameters('geoRedundantBackup'), 'Enabled'), variables('geoBackupUserAssignedIdentityResourceId'), json('null'))]",
                    "geoBackupKeyURI": "[if(equals(parameters('geoRedundantBackup'), 'Enabled'), if(empty(parameters('geoBackupKeyVersion')), reference(variables('geoBackupKeyVaultKeyResourceId'), '2022-07-01', 'Full').properties.keyUriWithVersion, concat(reference(variables('geoBackupKeyVaultKeyResourceId'), '2022-07-01').keyUri, '/', parameters('geoBackupKeyVersion'))), json('null'))]"
                },
                "highAvailability": {
                    "mode": "[parameters('highAvailabilityMode')]",
                    "standbyAvailabilityZone": "[if(equals(parameters('highAvailabilityMode'), 'ZoneRedundant'), if(or(empty(parameters('standbyAvailabilityZone')), equals(parameters('standbyAvailabilityZone'), 'No preference')), json('null'), parameters('standbyAvailabilityZone')), json('null'))]"
                },
                "network": {
                    "delegatedSubnetResourceId": "[variables('delegatedSubnetResourceId')]",
                    "privateDnsZoneResourceId": "[variables('privateDnsZoneResourceId')]"
                },
                "storage": {
                    "autoGrow": "[parameters('storageAutoGrow')]",
                    "storageSizeGB": "[parameters('storageSizeGB')]"
                },
                "version": "[parameters('version')]"
            },
            "resources": [
                {
                    "type": "administrators",
                    "apiVersion": "2022-01-01",
                    "name": "ActiveDirectory",
                    "dependsOn": [
                        "[variables('flexibleServerResourceId')]"
                    ],
                    "properties": {
                        "administratorType": "ActiveDirectory",
                        "identityResourceId": "[variables('aadIdentityResourceId')]",
                        "login": "[parameters('principalName')]",
                        "sid": "[parameters('principalObjectId')]",
                        "tenantId": "[subscription().tenantId]"
                    }
                },
                {
                    "type": "configurations",
                    "apiVersion": "2022-01-01",
                    "name": "aad_auth_only",
                    "dependsOn": [
                        "[variables('flexibleServerResourceId')]",
                        "[resourceId('Microsoft.DBforMySQL/flexibleServers/administrators', parameters('serverName'), 'ActiveDirectory')]"
                    ],
                    "properties": {
                        "value": "ON",
                        "source": "user-override"
                    }
                }
            ]
        }
    ]
}