{
  "$schema": "https://schema.management.azure.com/schemas/2015-01-01/deploymentParameters.json#",
  "contentVersion": "1.0.0.0",
  "parameters": {
    "servicePrincipleObjectId": {
      "value": "7023cb9a-4413-420b-9ce5-7780e7a2abac"
    },
    "adminGroupObjectID": {
      "value": "bfb5817b-a23a-4a85-9386-a71bf1ee1a55"
    },
    "adminGroupRoleType": {
      "value": "azureKubernetesServiceRBACAdmin"
    },
    "applicationName": {
      "value": "lzftt"
    },
    "aksVersion": {
      "value": "1.26"
    },
    "dnsPrefix": {
      "value": "sfe-aks01"
    },
    "nodePoolVmSize": {
      "value": "Standard_D4s_v5"
    },
    "nodePoolVnetSubnetID": {
      "value": ""
    },
    "podVnetSubnetID": {
      "value": ""
    },
    "workloadIdentity": {
      "value": true
    }
  }
}