{
  "$schema": "https://schema.management.azure.com/schemas/2015-01-01/deploymentParameters.json#",
  "contentVersion": "1.0.0.0",
  "parameters": {
    "clusterName": {
      "value": "sfe-aks01"
    },
    "groupId": {
      "value": "bfb5817b-a23a-4a85-9386-a71bf1ee1a55"
    },
    "keyVaultName": {
      "value": "sfe-lzftt-kv01"
    },
    "softDeleteRetentionInDays": {
      "value": 90
    },
    "logAnalyticsWorkspaceName": {
      "value": "sfe-law01"
    },
    "logAnalyticsWorkspaceSku": {
      "value": "LACluster"
    },
    "servicePrincipleObjectId": {
      "value": "7023cb9a-4413-420b-9ce5-7780e7a2abac"
    },
    "userAssignedManagedIdentityName": {
      "value": "sfe-uamidaks"
    },
    "pleSubnetName": {
      "value": "ple01-subnet"
    },
    "vnetName": {
      "value": "lzftt01-d-vnet"
    },
    "vnetRGName": {
      "value": "lzftt01-vnets-d-rg"
    },
    "ipRules": {
      "value":  [
        "20.76.109.96/28",
        "20.76.109.112/28",
        "20.13.104.128/28",
        "20.13.104.128/28",
        "20.101.218.80/28",
        "20.101.218.96/28",
        "51.145.179.78/32",
        "52.142.95.35/32",
        "104.214.19.224/32",
        "164.140.188.0/24",
        "164.140.203.0/24",
        "167.202.201.0/27"
      ]
    }
  }
}