{
  "$schema": "https://schema.management.azure.com/schemas/2015-01-01/deploymentParameters.json#",
  "contentVersion": "1.0.0.0",
  "parameters": {
    "aadAdminName": {
      "value": "lzftt-d-rg-spn"
    },
    "aadAdminObjectId": {
      "value": "7023cb9a-4413-420b-9ce5-7780e7a2abac"
    },
    "aadIdentityName": {
      "value": "sfe-uamidaks"
    },
    "databaseName": {
      "value": "sfe-d-rg-mysqldb"
    },
    "keyVaultName": {
      "value": "defaultValue"
    },
    "keyName":{
      "value": "defaultValue"
    },
    "vnetRGName": {
      "value": "lzftt02-vnets-d-rg"
    },
    "vnetName": {
      "value": "lzftt02-d-vnet"
    },
    "subnetName": {
      "value": "mysql01-subnet"
    },
    "userAssignedIdentityName": {
      "value": "sfe-uamidaks"
    }
  }
}