{
  "$schema": "https://schema.management.azure.com/schemas/2015-01-01/deploymentParameters.json#",
  "contentVersion": "1.0.0.0",
  "parameters": {
    "serverName": {
      "value": "vk-mysql-test"
    },
    "administratorLogin": {
      "value": "mysql_admin"
    },
    "administratorLoginPassword": {
      "value": "Rainfall2024"
    },
    "primaryUserAssignedIdentityId": {
      "value": "/subscriptions/eadb9dfd-2100-4b4d-981a-3225eb77daa7/resourceGroups/lzftt-d-rg/providers/Microsoft.ManagedIdentity/userAssignedIdentities/lzftt-umi"
    },
    "virtualNetworkResourceGroup": {
      "value": "lzftt02-vnets-d-rg"
    },
    "virtualNetworkName": {
      "value": "lzftt02-d-vnet"
    },
    "subnetName": {
      "value": "mysql01-subnet"
    },
    "primaryKeyURI": {
      "value": "https://div-kv.vault.azure.net/keys/div-key/f815d47f72154e7783488305c7aa3e00"
    },
    "aadIdentityName": {
      "value": "lzftt-umi"
    },
    "principalName": {
      "value": "lzftt-d-rg-spn"
    },
    "principalObjectId": {
      "value": "7023cb9a-4413-420b-9ce5-7780e7a2abac"
    }
  }
}