{
  "$schema": "https://schema.management.azure.com/schemas/2015-01-01/deploymentParameters.json#",
  "contentVersion": "1.0.0.0",
  "parameters": {
    "location": {
      "value": "West Europe"
    },
    "userAssignedIdentityName": {
      "value": "lzftt-umi"
    },
    "keyVaultName": {
      "value": "ram-ftt-kv1"
    },
    "keyName": {
      "value": "div-test-key"
    },
    "name": {
      "value": "vkmysqltest"
    },
    "skuName": {
      "value": "Standard_D8ads_v5"
    },
    "storageSizeGB": {
      "value": 128
    },
    "backupRetentionDays": {
      "value": 10
    },
    "administratorLogin": {
      "value": "adminuser"
    },
    "secretPassword": {
      "value": "mysqlpassword"
    },
    "virtualNetworkResourceGroup": {
      "value": "lzftt02-vnets-d-rg"
    },
    "virtualNetworkName":{
      "value":  "lzftt02-d-vnet"
    },
    "subnetName":{
        "value": "mysql01-subnet"
    },
    "principalName":{
        "value": "lzftt-d-rg-spn"
    },
    "principalObjectId": {
        "value": "7023cb9a-4413-420b-9ce5-7780e7a2abac"
    },
    "intendedBackupInterval": {
      "value": "None"
    }
  }
}