{
  "$schema": "https://schema.management.azure.com/schemas/2015-01-01/deploymentParameters.json#",
  "contentVersion": "1.0.0.0",
  "parameters": {
    "backupVaultName": {
      "value": "vkbackupvault-trial"
    },
    "backupStorageRedundancy": {
      "value": "ZoneRedundant"
    },
    "immutabilityState": {
      "value": "Disabled"
    },
    "softDeleteState":{
      "value": "On"
    },
    "softDeleteRetentionDurationInDays":{
      "value": 14
    },
    "keyVaultName": {
      "value": "lzftt-demo-kv"
    },
    "keyName": {
      "value": "lzftt-demo-cmk"
    },
    "crossRegionRestoreState":{
      "value": "Disabled"
    },
    "crossSubscriptionRestoreState":{
      "value": "Enabled"
    },
    "userAssignedIdentityName": {
      "value": "lzftt-umi"
    },
    "infrastructureEncryption": {
      "value": "Enabled"
    }
  }
}