{
  "$schema": "https://schema.management.azure.com/schemas/2019-04-01/deploymentParameters.json#",
  "contentVersion": "1.0.0.0",
  "parameters": {
      "backupVaultName": {
          "value": "vk-backupvault"
      },
      "backupPolicyName": {
          "value": "ram-os-disk-backup-policy"
      },
      "backupInstanceName": {
          "value": "ftt-ram-d-vm-app-files-disk"
      },
      "resourceId": {
          "value": "/subscriptions/eadb9dfd-2100-4b4d-981a-3225eb77daa7/resourceGroups/LZFTT-D-RG/providers/Microsoft.Compute/disks/ftt-ram-d-vm-app-files-disk"
      },
      "resourceLocation": {
          "value": "westeurope"
      },
      "policyParameters": {
          "value": {
              "dataStoreParametersList": [
                  {
                      "objectType": "AzureOperationalStoreParameters",
                      "dataStoreType": "OperationalStore",
                      "resourceGroupId": "/subscriptions/eadb9dfd-2100-4b4d-981a-3225eb77daa7/resourceGroups/LZFTT-D-RG"
                  }
              ]
          }
      },
      "useSystemAssignedIdentity": {
          "value": false
      },
      "userAssignedIdentityName": {
          "value": "lzftt-umi"
      }
  }
}