{
  "$schema": "https://schema.management.azure.com/schemas/2019-04-01/deploymentParameters.json#",
  "contentVersion": "1.0.0.0",
  "parameters": {
      "backupVaultName": {
          "value": "vk-backupvault"
      },
      "backupPolicyName": {
          "value": "ram-os-disk-backup-policy"
      },
      "datasourceType": {
          "value": "Microsoft.Compute/disks"
      },
      "policyRules": {
        "value": [
              {
                  "name": "Weekly",
                  "objectType": "AzureRetentionRule",
                  "isDefault": false,
                  "lifecycles": [
                      {
                          "deleteAfter": {
                              "objectType": "AbsoluteDeleteOption",
                              "duration": "P8W"
                          },
                          "sourceDataStore": {
                              "dataStoreType": "OperationalStore",
                              "objectType": "DataStoreInfoBase"
                          },
                          "targetDataStoreCopySettings": []
                      }
                  ]
              },
              {
                  "name": "Default",
                  "objectType": "AzureRetentionRule",
                  "isDefault": true,
                  "lifecycles": [
                      {
                          "deleteAfter": {
                              "objectType": "AbsoluteDeleteOption",
                              "duration": "P9D"
                          },
                          "sourceDataStore": {
                              "dataStoreType": "OperationalStore",
                              "objectType": "DataStoreInfoBase"
                          },
                          "targetDataStoreCopySettings": []
                      }
                  ]
              },
              {
                  "name": "BackupDaily",
                  "objectType": "AzureBackupRule",
                  "dataStore": {
                      "dataStoreType": "OperationalStore",
                      "objectType": "DataStoreInfoBase"
                  },
                  "backupParameters": {
                      "backupType": "Incremental",
                      "objectType": "AzureBackupParams"
                  },
                  "trigger": {
                      "objectType": "ScheduleBasedTriggerContext",
                      "schedule": {
                          "repeatingTimeIntervals": [
                              "R/2025-01-23T00:30:00+00:00/P1D"
                          ],
                          "timeZone": "Coordinated Universal Time"
                      },
                      "taggingCriteria": [
                          {
                              "tagInfo": {
                                  "tagName": "Weekly",
                                  "id": "Weekly_"
                              },
                              "taggingPriority": 20,
                              "isDefault": false,
                              "criteria": [
                                  {
                                      "absoluteCriteria": [
                                          "FirstOfWeek"
                                      ],
                                      "objectType": "ScheduleBasedBackupCriteria"
                                  }
                              ]
                          },
                          {
                              "tagInfo": {
                                  "tagName": "Default",
                                  "id": "Default_"
                              },
                              "taggingPriority": 99,
                              "isDefault": true
                          }
                      ]
                  }
              }
          ]
      }
  }
}