{
    "$schema": "https://schema.management.azure.com/schemas/2019-04-01/deploymentParameters.json#",
    "contentVersion": "2.0.0.0",
    "parameters": {
        "keyVaultName": {
            "value": "examplevalue"
        },
        "accessPolicies": {
            "value": [
                {
                    "tenantId": "examplevalue",
                    "objectId": "examplevalue",
                    "permissions": {
                        "keys": [
                            "Get"
                        ],
                        "secrets": [
                            "Get"
                        ],
                        "certificates": [
                            "Get"
                        ]
                    }
                }
            ]
        },
        "virtualNetworkRules": {
            "value": [
                "examplevalue"
            ]
        },
        "ipRules": {
            "value": []
        }
    }
}