{
    "$schema": "https://schema.management.azure.com/schemas/2019-04-01/deploymentTemplate.json#",
    "contentVersion": "2.0.0.0",
    "parameters": {
        "keyVaultName": {
            "type": "string",
            "minLength": 3,
            "maxLength": 24,
            "metadata": {
                "description": "The name of the Key Vault."
            }
        },
        "location": {
            "type": "string",
            "defaultValue": "[resourceGroup().location]",
            "metadata": {
                "description": "The location of the Key Vault."
            }
        },
        "enabledForDeployment": {
            "type": "bool",
            "defaultValue": false,
            "metadata": {
                "description": "Whether Azure Virtual Machines are permitted to retrieve certificates stored as secrets from the Key Vault."
            }
        },
        "enabledForDiskEncryption": {
            "type": "bool",
            "defaultValue": false,
            "metadata": {
                "description": "Whether Azure Disk Encryption is permitted to retrieve secrets from the Key Vault and unwrap keys."
            }
        },
        "enabledForTemplateDeployment": {
            "type": "bool",
            "defaultValue": false,
            "metadata": {
                "description": "Whether Azure Resource Manager is permitted to retrieve secrets from the Key Vault."
            }
        },
        "accessPolicies": {
            "type": "array",
            "metadata": {
                "description": "An object array that contains the complete definition of the access policy."
            }
        },
        "enableRbacAuthorization": {
            "type": "bool",
            "defaultValue": false,
            "metadata": {
                "description": "Whether to enable RBAC authorization."
            }
        },
        "enableSoftDelete": {
            "type": "bool",
            "defaultValue": true,
            "metadata": {
                "description": "Whether to enable soft-delete."
            }
        },
        "softDeleteRetentionInDays": {
            "type": "int",
            "minValue": 7,
            "maxValue": 90,
            "defaultValue": 90,
            "metadata": {
                "description": "The number of days that the soft-deleted items should be retained."
            }
        },
        "bypassNetworkAcls": {
            "type": "string",
            "defaultValue": "None",
            "allowedValues": [
                "AzureServices",
                "None"
            ],
            "metadata": {
                "description": "Specifies what traffic can bypass network rules."
            }
        },
        "virtualNetworkRules": {
            "type": "array",
            "metadata": {
                "description": "An array of Virtual Network resource IDs allowed to access the Key Vault."
            }
        },
        "ipRules": {
            "type": "array",
            "metadata": {
                "description": "An array of IPv4 addresses or IPv4 address ranges in CIDR format. Provided IPs must be well-formatted and cannot be contained in one of the following ranges: 10.0.0.0/8, 100.64.0.0/10, 172.16.0.0/12, 192.168.0.0/16, since these are not enforceable by the IP address filter. Example element: [ \"167.202.201.0/27\" ]."
            }
        }
    },
    "resources": [
        {
            "type": "Microsoft.KeyVault/vaults",
            "apiVersion": "2019-09-01",
            "name": "[parameters('keyVaultName')]",
            "location": "[parameters('location')]",
            "properties": {
                "tenantId": "[subscription().tenantId]",
                "sku": {
                    "name": "Premium",
                    "family": "A"
                },
                "copy": [
                    {
                        "name": "accessPolicies",
                        "count": "[length(parameters('accessPolicies'))]",
                        "input": {
                            "tenantId": "[parameters('accessPolicies')[copyIndex('accessPolicies')].tenantId]",
                            "objectId": "[parameters('accessPolicies')[copyIndex('accessPolicies')].objectId]",
                            "permissions": "[parameters('accessPolicies')[copyIndex('accessPolicies')].permissions]"
                        }
                    }
                ],
                "enabledForDeployment": "[parameters('enabledForDeployment')]",
                "enabledForDiskEncryption": "[parameters('enabledForDiskEncryption')]",
                "enabledForTemplateDeployment": "[parameters('enabledForTemplateDeployment')]",
                "enableSoftDelete": "[parameters('enableSoftDelete')]",
                "softDeleteRetentionInDays": "[parameters('softDeleteRetentionInDays')]",
                "enableRbacAuthorization": "[parameters('enableRbacAuthorization')]",
                "enablePurgeProtection": true,
                "networkAcls": {
                    "bypass": "[parameters('bypassNetworkAcls')]",
                    "defaultAction": "Deny",
                    "copy": [
                        {
                            "name": "ipRules",
                            "count": "[length(parameters('ipRules'))]",
                            "input": {
                                "value": "[parameters('ipRules')[copyIndex('ipRules')]]"
                            }
                        },
                        {
                            "name": "virtualNetworkRules",
                            "count": "[length(parameters('virtualNetworkRules'))]",
                            "input": {
                                "id": "[parameters('virtualNetworkRules')[copyIndex('virtualNetworkRules')]]"
                            }
                        }
                    ]
                }
            }
        }
    ]
}