{
    "$schema": "https://schema.management.azure.com/schemas/2019-04-01/deploymentParameters.json#",
    "contentVersion": "1.0.0.0",
    "parameters": {
        "keyVaultName": {
            "value": "ftt-explor-d-kv"
        },
        "keyVaultAccessPolicyPermissions": {
            "value": {
                "keys": [
                    "list",
                    "get",
                    "update",
                    "create",
                    "delete",
                    "import",
                    "wrapKey",
                    "unwrapkey",
                    "encrypt",
                    "decrypt"
                ],
                "secrets": [
                    "list",
                    "get"
                ],
                "certificates": [
                    "list",
                    "get"
                ]
            }
        },
        "keyVaultIpRules": {
            "value": [
                "20.76.109.96/32",
                "20.76.109.97/32",
                "20.76.109.98/32",
                "20.76.109.99/32",
                "20.76.109.102/32",
                "20.76.109.103/32",
                "20.76.109.106/32",
                "20.76.109.107/32",
                "20.76.109.110/32",
                "20.101.218.80/28",
                "20.101.218.96/28",
                "164.140.188.0/24",
                "164.140.203.0/24",
                "167.202.201.0/27"
            ]
        },
        "keyVaultResourceNameForPle": {
            "value": "ftt-explor-d-kv"
        },
        "keyVaultServicePrincipleObjectId": {
            "value": "defaultValue"
        },
        "keyVaultVirtualNetworkRules": {
            "value": []
        },
        "vnetResourceGroup": {
            "value": "lzftt02-vnets-d-rg"
        },
        "vnetName": {
            "value": "lzftt02-d-vnet"
        },
        "keyVaultPrivateEndpointName": {
            "value": "ftt-explor-d-ple"
        },
        "pleGroupId": {
            "value": "vault"
        },
        "pleSubnetName": {
            "value": "ple01-subnet"
        },
        "pLeResourceGroupName": {
            "value": "lzftt-d-rg"
        },
        "pLeResourceType": {
            "value": "Microsoft.KeyVault/vaults"
        }
    }
}