{
  "$schema": "https://schema.management.azure.com/schemas/2015-01-01/deploymentParameters.json#",
  "contentVersion": "1.0.0.0",
  "parameters": {
    "pActionGroupList": {
      "value": [
        {
          "actionGroupName": "acet-t-actiongroup",
          "actionGroupShortName": "acetdagp",
          "pEmailRecivers": [
            {
              "emailAddress": "Team-CI-Infra-Enablers@nl.abnamro.com",
              "name": "CIIE-Infra"
            },
            {
              "emailAddress": "teamace-chatengineering@nl.abnamro.com",
              "name": "Chat-Engineering-Team"
            }
          ]
        }
      ]
    }
  }
}