{
    "$schema": "https://schema.management.azure.com/schemas/2015-01-01/deploymentParameters.json#",
    "contentVersion": "1.0.0.0",
    "parameters": {
      "pKvName": {
        "value": "acet-t-kv"
      },
      "pVaultSku": {
        "value": "premium"
      },
      "pVnetRg": {
        "value": "acet01-vnets-t-rg"
      },
      "pVnetName": {
        "value": "acet01-t-vnet"
      },
      "pCINumber": {
        "value": "CI0026263"
      },
      "pCommonActionGroupId": {
        "value":[
          {
            "pActionGroupId": "/subscriptions/d594e7f5-e702-436e-acfe-d85255cfc374/resourceGroups/acet-t-rg/providers/Microsoft.Insights/actiongroups/acet-t-actiongroup"
          },
          {
            "pActionGroupId": "/subscriptions/d594e7f5-e702-436e-acfe-d85255cfc374/resourceGroups/cbspitsm-p-rg/providers/microsoft.Insights/actiongroups/ServiceNow-PR-"
          }
        ]
      },
      "pMetricsAlert": {
        "value": [
          {
            "alertRuleName": "Keyvault-Capacity",
            "pEvaluationFrequency": "PT15M",
            "pSkipMetricValidation": true,
            "pMetricName": "SaturationShoebox",
            "pMetricNamespace": "Microsoft.keyvault/vaults",
            "pOperator": "GreaterThan",
            "pSeverity": 2,
            "pThreshold": 70,
            "pTimeAggregation": "Average",
            "pWindowSize": "PT30M",
            "alertDimentions": []
          },
          {
            "alertRuleName": "Keyvault-Service-API-Latency",
            "pEvaluationFrequency": "PT5M",
            "pSkipMetricValidation": true,
            "pMetricName": "ServiceApiLatency",
            "pOperator": "GreaterThan",
            "pSeverity": 2,
            "pThreshold": 15000,
            "pTimeAggregation": "Maximum",
            "pWindowSize": "PT5M",
            "alertDimentions": []
          }, 
          {
            "alertRuleName": "KeyVault-Unavailable",
            "pEvaluationFrequency": "PT5M",
            "pSkipMetricValidation": false,
            "pMetricName": "Availability",
            "pOperator": "LessThan",
            "pSeverity": 1,
            "pThreshold": 100,
            "pTimeAggregation": "Average",
            "pWindowSize": "PT5M",
            "alertDimentions": []
          }                                                   
        ]
      }
    }
  }