{
    "$schema": "https://schema.management.azure.com/schemas/2019-04-01/deploymentParameters.json#",
    "contentVersion": "1.0.0.0",
    "parameters": {
        "workspaceName": {
            "value": "<replace>"
        },
        "keyVaultName": {
            "value": "<replace>"
        },
        "keyName": {
            "value": "<replace>"
        },
        "virtualNetworkResourceGroupName": {
            "value": "<replace>"
        },
        "virtualNetworkName": {
            "value": "<replace>"
        }
    }
}
