{
    "$schema": "https://schema.management.azure.com/schemas/2019-04-01/deploymentTemplate.json#",
    "contentVersion": "1.0.0.0",
    "parameters": {
        "workspaceName": {
            "type": "string",
            "minLength": 3,
            "maxLength": 63,
            "metadata": {
                "description": "The name of the Azure Databricks Workspace."
            }
        },
        "location": {
            "type": "string",
            "defaultValue": "[resourceGroup().location]",
            "metadata": {
                "description": "The location of the Azure Databricks Workspace."
            }
        },
        "keyVaultName": {
            "type": "string",
            "minLength": 3,
            "maxLength": 24,
            "metadata": {
                "description": "The name of the Azure Key Vault."
            }
        },
        "keyName": {
            "type": "string",
            "minLength": 1,
            "maxLength": 127,
            "metadata": {
                "description": "The name of the Azure Key Vault Key."
            }
        },
        "virtualNetworkResourceGroupName": {
            "type": "string",
            "minLength": 1,
            "maxLength": 90,
            "metadata": {
                "description": "The name of the Resource Group hosting the custom Virtual Network."
            }
        },
        "virtualNetworkName": {
            "type": "string",
            "minLength": 2,
            "maxLength": 64,
            "metadata": {
                "description": "The name of the custom Virtual Network."
            }
        }
    },
    "variables": {
        "keyPermissions": [ "get", "wrapKey", "unwrapKey" ],
        "managedResourceGroupName": "[concat('databricks-rg-', parameters('workspaceName'), '-', uniqueString(parameters('workspaceName'), resourceGroup().id))]",
        "virtualNetworkId": "[resourceId(parameters('virtualNetworkResourceGroupName'), 'Microsoft.Network/virtualNetworks', parameters('virtualNetworkName'))]"
    },
    "resources": [
        {
            "type": "Microsoft.Databricks/workspaces",
            "apiVersion": "2023-02-01",
            "name": "[parameters('workspaceName')]",
            "location": "[parameters('location')]",
            "sku": {
                "name": "Premium"
            },
            "properties": {
                "managedResourceGroupId": "[subscriptionResourceId('Microsoft.Resources/resourceGroups', variables('managedResourceGroupName'))]",
                "parameters": {
                    "enableNoPublicIp": {
                        "value": true
                    },
                    "customPrivateSubnetName": {
                        "value": "adbprivate01-subnet"
                    },
                    "customPublicSubnetName": {
                        "value": "adbpublic01-subnet"
                    },
                    "customVirtualNetworkId": {
                        "value": "[variables('virtualNetworkId')]"
                    },
                    "prepareEncryption": {
                        "value": true
                    }
                }
            }
        },
        {
            "type": "Microsoft.Resources/deployments",
            "apiVersion": "2022-09-01",
            "name": "addAccessPolicy",
            "dependsOn": [
                "[resourceId('Microsoft.Databricks/workspaces', parameters('workspaceName'))]"
            ],
            "properties": {
                "mode": "Incremental",
                "template": {
                    "$schema": "https://schema.management.azure.com/schemas/2019-04-01/deploymentTemplate.json#",
                    "contentVersion": "1.0.0.0",
                    "resources": [
                        {
                            "type": "Microsoft.KeyVault/vaults/accessPolicies",
                            "apiVersion": "2022-07-01",
                            "name": "[concat(parameters('keyVaultName'), '/add')]",
                            "properties": {
                                "accessPolicies": [
                                    {
                                        "objectId": "[reference(resourceId('Microsoft.Databricks/workspaces', parameters('workspaceName')), '2023-02-01').storageAccountIdentity.principalId]",
                                        "tenantId": "[reference(resourceId('Microsoft.Databricks/workspaces', parameters('workspaceName')), '2023-02-01').storageAccountIdentity.tenantId]",
                                        "permissions": {
                                            "keys": "[variables('keyPermissions')]"
                                        }
                                    }
                                ]
                            }
                        },
                        {
                            "type": "Microsoft.Databricks/workspaces",
                            "apiVersion": "2023-02-01",
                            "name": "[parameters('workspaceName')]",
                            "location": "[parameters('location')]",
                            "sku": {
                                "name": "Premium"
                            },
                            "dependsOn": [
                                "[resourceId('Microsoft.KeyVault/vaults/accessPolicies', parameters('keyVaultName'), 'add')]"
                            ],
                            "properties": {
                                "managedResourceGroupId": "[subscriptionResourceId('Microsoft.Resources/resourceGroups', variables('managedResourceGroupName'))]",
                                "parameters": {
                                    "enableNoPublicIp": {
                                        "value": true
                                    },
                                    "customPrivateSubnetName": {
                                        "value": "adbprivate01-subnet"
                                    },
                                    "customPublicSubnetName": {
                                        "value": "adbpublic01-subnet"
                                    },
                                    "customVirtualNetworkId": {
                                        "value": "[variables('virtualNetworkId')]"
                                    },
                                    "prepareEncryption": {
                                        "value": true
                                    },
                                    "encryption": {
                                        "value": {
                                            "keySource": "Microsoft.Keyvault",
                                            "keyvaulturi": "[concat('https://', parameters('keyVaultName'), environment().suffixes.keyvaultDns)]",
                                            "KeyName": "[parameters('keyName')]"
                                        }
                                    }
                                }
                            }
                        }
                    ]
                }
            }
        }
    ]
}
