{
    "$schema": "https://schema.management.azure.com/schemas/2019-04-01/deploymentParameters.json#",
    "contentVersion": "1.0.0.0",
    "parameters": {
      "servicePrincipleObjectId": {
        "value": "7023cb9a-4413-420b-9ce5-7780e7a2abac"
      },
      "keyVaultName": {
        "value": "sfe-lzftt-kv01"
      },
      "keyVaultAction": {
        "value": "add"
      },
      "createCertificatePermission": {
        "value": {
          "certificates": ["create","list","get","import","Delete"]
        }
      }
    }
  }