{
	"info": {
		"_postman_id": "8f565405-3ed4-4aa1-ad9b-2e3841cf058a",
		"name": "AdvisorAssist IntegrationTest",
		"schema": "https://schema.getpostman.com/json/collection/v2.1.0/collection.json"
	},
	"item": [
		{
			"name": "Create conversation",
			"event": [
				{
					"listen": "test",
					"script": {
						"exec": [
							" pm.test(\"Status code is 200\", function () {",
							"       pm.response.to.have.status(201);",
							"   });",
							"",
							"pm.test(\"Store conversationId\", function () {",
							"       const response = pm.response.json(); ",
							"       pm.environment.set(\"conversationId\", response.conversationId);",
							"   });",
							""
						],
						"type": "text/javascript"
					}
				}
			],
			"request": {
				"method": "POST",
				"header": [
					{
						"key": "Authorization",
						"value": "bearer {{TOKEN}}",
						"type": "default"
					}
				],
				"url": {
					"raw": "{{HOST}}/conversation-insights/v1/conversations",
					"host": [
						"{{HOST}}"
					],
					"path": [
						"conversation-insights",
						"v1",
						"conversations"
					]
				}
			},
			"response": []
		},
		{
			"name": "Create Interactions",
			"event": [
				{
					"listen": "test",
					"script": {
						"exec": [
							" pm.test(\"Status code is 200\", function () {",
							"       pm.response.to.have.status(201);",
							"   });",
							"",
							"pm.test(\"Interaction ID exist\", function () {",
							"        const jsonData = pm.response.json(); ",
							"        pm.expect(jsonData.interactionId).to.exist",
							"   });",
							"",
							"pm.test(\"store interactionId\", function () {",
							"    const response = pm.response.json();",
							"    pm.environment.set('interactionId', response.interactionId);",
							"})",
							"",
							"pm.test(\"store reference\", function () {",
							"    const response = pm.response.json();",
							"    pm.environment.set('interactionReference', response.reference);",
							"})",
							"",
							"pm.test(\"store participants\", function(){",
							"     const response = pm.response.json();",
							"    pm.environment.set('participantId', response.participants[0].id);",
							"})",
							""
						],
						"type": "text/javascript"
					}
				},
				{
					"listen": "prerequest",
					"script": {
						"exec": [
							""
						],
						"type": "text/javascript"
					}
				}
			],
			"request": {
				"method": "POST",
				"header": [
					{
						"key": "Authorization",
						"value": "bearer {{TOKEN}}",
						"type": "text"
					}
				],
				"body": {
					"mode": "raw",
					"raw": "{\n    \"reference\": \"test-reference\",\n    \"name\": \"NICE\",\n    \"participants\": [\n        {\n            \"id\": \"advisor.1@nl.abnamro.com\",\n            \"type\": \"advisor\"\n        },\n        {\n            \"id\": \"some-customer\",\n            \"type\": \"customer\"\n        }\n    ],\n    \"context\": {\n        \"pronoun\": \"hij\",\n        \"topic\": \"HYPL\",\n        \"language\": \"EN\"\n    }\n}",
					"options": {
						"raw": {
							"language": "json"
						}
					}
				},
				"url": {
					"raw": "{{HOST}}/conversation-insights/v1/conversations/{{conversationId}}/interactions",
					"host": [
						"{{HOST}}"
					],
					"path": [
						"conversation-insights",
						"v1",
						"conversations",
						"{{conversationId}}",
						"interactions"
					]
				}
			},
			"response": []
		},
		{
			"name": "Create transcription",
			"event": [
				{
					"listen": "test",
					"script": {
						"exec": [
							" pm.test(\"Status code is 201\", function () {",
							"       pm.response.to.have.status(201);",
							"   });"
						],
						"type": "text/javascript"
					}
				}
			],
			"request": {
				"method": "POST",
				"header": [
					{
						"key": "Authorization",
						"value": "bearer {{TOKEN}}",
						"type": "text"
					}
				],
				"body": {
					"mode": "raw",
					"raw": "[\n    {\n        \"participantId\": \"advisor.1@nl.abnamro.com\",\n        \"text\": \"Ik wil een nieuwe hypotheek.\",\n        \"timestamp\": 1736850840283\n    },\n    {\n        \"participantId\": \"some-customer\",\n        \"text\": \"test.\",\n        \"timestamp\": 1736850840283\n    }\n]",
					"options": {
						"raw": {
							"language": "json"
						}
					}
				},
				"url": {
					"raw": "{{HOST}}/conversation-insights/v1/conversations/{{conversationId}}/interactions/{{interactionId}}/transcriptions",
					"host": [
						"{{HOST}}"
					],
					"path": [
						"conversation-insights",
						"v1",
						"conversations",
						"{{conversationId}}",
						"interactions",
						"{{interactionId}}",
						"transcriptions"
					]
				}
			},
			"response": []
		},
		{
			"name": "Create summary",
			"event": [
				{
					"listen": "test",
					"script": {
						"exec": [
							" pm.test(\"Status code is 201\", function () {",
							"       pm.response.to.have.status(201);",
							"   });",
							"",
							"pm.test(\"Insight ID exist\", function () {",
							"        const response = pm.response.json(); ",
							"        pm.expect(response.insightId).to.exist",
							"   });",
							"",
							"pm.test(\"content exist\", function () {",
							"        const response = pm.response.json(); ",
							"        pm.expect(response.data.content).to.exist",
							"   });",
							"",
							"",
							"pm.test(\"store insightId\", function () {",
							"    const response = pm.response.json();",
							"    pm.environment.set('insightId', response.insightId);",
							"})",
							""
						],
						"type": "text/javascript"
					}
				},
				{
					"listen": "prerequest",
					"script": {
						"exec": [
							""
						],
						"type": "text/javascript"
					}
				}
			],
			"request": {
				"auth": {
					"type": "noauth"
				},
				"method": "POST",
				"header": [
					{
						"key": "Authorization",
						"value": "Bearer {{TOKEN}}",
						"type": "default"
					},
					{
						"key": "PII-Participant-Id",
						"value": "advisor.1@nl.abnamro.com",
						"type": "default"
					}
				],
				"body": {
					"mode": "raw",
					"raw": "{\n    \"type\": \"SUMMARIZE\",\n    \"roleName\": \"AdvisorAssist-CCO\",\n    \"parameters\": {\n        \"conversationId\": \"{{conversationId}}\",\n        \"includeAllInteractions\": false\n    }\n}",
					"options": {
						"raw": {
							"language": "json"
						}
					}
				},
				"url": {
					"raw": "{{HOST}}/conversation-insights/v1/insights",
					"host": [
						"{{HOST}}"
					],
					"path": [
						"conversation-insights",
						"v1",
						"insights"
					]
				}
			},
			"response": []
		},
		{
			"name": "Create Insight Feedback",
			"event": [
				{
					"listen": "test",
					"script": {
						"exec": [
							" pm.test(\"Status code is 201\", function () {",
							"       pm.response.to.have.status(201);",
							"   });",
							""
						],
						"type": "text/javascript"
					}
				}
			],
			"request": {
				"method": "POST",
				"header": [
					{
						"key": "Authorization",
						"value": "Bearer {{TOKEN}}",
						"type": "default"
					},
					{
						"key": "PII-Participant-Id",
						"value": "advisor.1@nl.abnamro.com",
						"type": "default"
					}
				],
				"body": {
					"mode": "raw",
					"raw": "{\n    \"score\": 5,\n    \"message\": \"not so good\"\n}",
					"options": {
						"raw": {
							"language": "json"
						}
					}
				},
				"url": {
					"raw": "{{HOST}}/conversation-insights/v1/insights/{{insightId}}/feedback",
					"host": [
						"{{HOST}}"
					],
					"path": [
						"conversation-insights",
						"v1",
						"insights",
						"{{insightId}}",
						"feedback"
					]
				}
			},
			"response": []
		},
		{
			"name": "Knowledgebase search",
			"event": [
				{
					"listen": "test",
					"script": {
						"exec": [
							" pm.test(\"Status code is 201\", function () {",
							"       pm.response.to.have.status(201);",
							"   });",
							"",
							"",
							"pm.test(\"Insight ID exist\", function () {",
							"        const response = pm.response.json(); ",
							"        pm.expect(response.insightId).to.exist",
							"   });",
							"",
							"pm.test(\"input exist\", function () {",
							"        const response = pm.response.json(); ",
							"        pm.expect(response.data.input).to.exist",
							"   });",
							"",
							"pm.test(\"documents exist\", function () {",
							"        const response = pm.response.json(); ",
							"        pm.expect(response.documents).to.exist",
							"   });",
							"",
							"pm.test(\"store insightId\", function () {",
							"    const response = pm.response.json();",
							"    pm.environment.set('kbSearchInsightId', response.insightId);",
							"})",
							"",
							"",
							""
						],
						"type": "text/javascript"
					}
				}
			],
			"request": {
				"method": "POST",
				"header": [
					{
						"key": "Authorization",
						"value": "bearer {{TOKEN}}",
						"type": "text"
					},
					{
						"key": "PII-Participant-Id",
						"value": "advisor.1@nl.abnamro.com",
						"type": "default"
					}
				],
				"body": {
					"mode": "raw",
					"raw": "{\n    \"type\": \"KB_SEARCH\",\n    \"parameters\": {\n        \"message\": \"hypotheekrente\",\n        \"conversationId\": \"{{conversationId}}\"\n    }\n}",
					"options": {
						"raw": {
							"language": "json"
						}
					}
				},
				"url": {
					"raw": "{{HOST}}/conversation-insights/v1/insights",
					"host": [
						"{{HOST}}"
					],
					"path": [
						"conversation-insights",
						"v1",
						"insights"
					]
				}
			},
			"response": []
		},
		{
			"name": "Edit summary with manual edits",
			"event": [
				{
					"listen": "test",
					"script": {
						"exec": [
							""
						],
						"type": "text/javascript"
					}
				}
			],
			"request": {
				"method": "POST",
				"header": [
					{
						"key": "Authorization",
						"value": "Bearer {{TOKEN}}",
						"type": "default"
					},
					{
						"key": "PII-Participant-Id",
						"value": "advisor.1@nl.abnamro.com",
						"type": "default"
					}
				],
				"body": {
					"mode": "raw",
					"raw": "{\n    \"type\": \"RE_SUMMARIZE\",\n    \"parameters\": {\n        \"insightId\": \"{{insightId}}\",\n        \"manual\": {\n            \"editedSummary\": \"some-editted-summary\"\n        }\n    }\n}",
					"options": {
						"raw": {
							"language": "json"
						}
					}
				},
				"url": {
					"raw": "{{HOST}}/conversation-insights/v1/insights",
					"host": [
						"{{HOST}}"
					],
					"path": [
						"conversation-insights",
						"v1",
						"insights"
					]
				}
			},
			"response": []
		},
		{
			"name": "Edit summary with shorten action Copy",
			"event": [
				{
					"listen": "test",
					"script": {
						"exec": [
							""
						],
						"type": "text/javascript"
					}
				}
			],
			"request": {
				"method": "POST",
				"header": [
					{
						"key": "Authorization",
						"value": "Bearer {{TOKEN}}",
						"type": "default"
					},
					{
						"key": "PII-Participant-Id",
						"value": "advisor.1@nl.abnamro.com",
						"type": "default"
					}
				],
				"body": {
					"mode": "raw",
					"raw": "{\n    \"type\": \"RE_SUMMARIZE\",\n    \"parameters\": {\n        \"insightId\": \"{{insightId}}\",\n        \"llm\": {\n            \"action\": \"shorten\"\n        }\n    }\n}",
					"options": {
						"raw": {
							"language": "json"
						}
					}
				},
				"url": {
					"raw": "{{HOST}}/conversation-insights/v1/insights",
					"host": [
						"{{HOST}}"
					],
					"path": [
						"conversation-insights",
						"v1",
						"insights"
					]
				}
			},
			"response": []
		},
		{
			"name": "Delete conversation",
			"request": {
				"method": "DELETE",
				"header": [
					{
						"key": "Authorization",
						"value": "Bearer {{TOKEN}}",
						"type": "default"
					}
				],
				"url": {
					"raw": "{{HOST}}/conversation-insights/v1/conversations/{{conversationId}}",
					"host": [
						"{{HOST}}"
					],
					"path": [
						"conversation-insights",
						"v1",
						"conversations",
						"{{conversationId}}"
					]
				}
			},
			"response": []
		}
	]
}