{
    "$schema": "https://schema.management.azure.com/schemas/2019-04-01/deploymentTemplate.json#",
    "contentVersion": "1.0.0.0",
    "parameters": {
        "adxClusterName": {
            "type": "string",
            "metadata": {
                "description": "The name of the Azure Data Explorer Cluster."
            }
        },
        "adxDatabaseName": {
            "type": "string",
            "metadata": {
                "description": "The name of Azure Data Explorer database."
            }
        },
        "location": {
            "type": "string",
            "defaultValue": "[resourceGroup().location]",
            "metadata": {
                "description": "The location for the Azure Data Explorer Cluster."
            }
        },
        "softDeletePeriod": {
            "type": "string",
            "defaultValue": "P7D",
            "metadata": {
                "description": "The time the data should be kept before it stops being accessible to queries in TimeSpan. Time span must be in ISO 8601 format, e.g., P7D for 7 days."
            }
        },
        "hotCachePeriod": {
            "type": "string",
            "defaultValue": "P2D",
            "metadata": {
                "description": "The time the data should be kept in cache for fast queries in TimeSpan. Time span must be in ISO 8601 format, e.g., P7D for 7 days."
            }
        }
    },
    "resources": [
        {
            "type": "Microsoft.Kusto/clusters/databases",
            "apiVersion": "2023-08-15",
            "name": "[concat( parameters('adxClusterName'), '/', parameters('adxDatabaseName'))]",
            "location": "[parameters('location')]",
            "kind": "ReadWrite",
            "properties": {
                "hotCachePeriod": "[parameters('hotCachePeriod')]",
                "softDeletePeriod": "[parameters('softDeletePeriod')]"
            }
        }
    ]
}