{
  "$schema": "https://schema.management.azure.com/schemas/2015-01-01/deploymentParameters.json#",
  "contentVersion": "1.0.0.0",
  "parameters": {
    "location": {
      "value": "West Europe"
    },
    "targetServerName": {
      "value": "vk-psfserver"
    },
    "sourceServerName": {
      "value": "aj-pfsrestore-03"
    },
    "userAssignedIdentityName": {
      "value": "aj-uamidfilecounts"
    },
    "keyVaultName": {
      "value": "aj-kv-filescount"
    },
    "keyName": {
      "value": "aj-aks05-sec-0329"
    },
    "keyVersion": {
      "value": "2170fc0cae594836901ad208f2f371fd"
    },
    "createMode": {
      "value": "ReviveDropped"
    },
    "pointInTimeUTC": {
      "value": "2024-08-30 10:15:59.8150304"
    },
    "virtualNetworkResourceGroup": {
      "value": "lzftt01-vnets-d-rg"
    },
    "virtualNetworkName": {
      "value": "lzftt01-d-vnet"
    },
    "subnetName": {
      "value": "postgresql01-subnet"
    }
  }
}