{
  "$schema": "https://schema.management.azure.com/schemas/2015-01-01/deploymentParameters.json#",
  "contentVersion": "1.0.0.0",
  "parameters": {
    "location": {
      "value": "West Europe"
    },
    "userAssignedIdentityName": {
      "value": "lzftt-umi"
    },
    "keyVaultName": {
      "value": "lzftt-demo-kv"
    },
    "keyName": {
      "value": "lzftt-demo-cmk"
    },
    "name": {
      "value": "vkpgfserver"
    },
    "skuName": {
      "value": "Standard_D4ds_v5"
    },
    "tier": {
      "value": "GeneralPurpose"
    },
    "storageSizeGB": {
      "value": 64
    },
    "backupRetentionDays": {
      "value": 10
    },
    "administratorLogin": {
      "value": "adminuser"
    },
    "secretPassword": {
      "value": "pvm-ftt-fscp3-pstgrsql-AdministratorPassword"
    },
    "delegatedSubnetResourceId": {
      "value": "/subscriptions/eadb9dfd-2100-4b4d-981a-3225eb77daa7/resourceGroups/lzftt01-vnets-d-rg/providers/Microsoft.Network/virtualNetworks/lzftt01-d-vnet/subnets/postgresql01-subnet"
    },
    "principalName":{
        "value": "lzftt-d-rg-spn"
    },
    "principalObjectId": {
        "value": "2efca44a-b8bc-4189-b256-05aa2cf9c0d2"
    },
    "intendedBackupInterval": {
      "value": "None"
    }
  }
}