{
    "$schema": "https://schema.management.azure.com/schemas/2019-04-01/deploymentTemplate.json#",
    "contentVersion": "1.0.0.0",
    "parameters": {
        "adxClusterName": {
            "type": "string",
            "metadata": {
                "description": "The name of the Azure Data Explorer Cluster must begin with a letter and contain between 4 and 22 lowercase alphanumeric characters."
            }
        },
        "adxManagedPrivateEndpointName": {
            "type": "string",
            "metadata": {
                "description": "The name of the Azure Data Explorer Managed Private Endpoint."
            }
        },
        "privateLinkResourceId": {
            "type": "string",
            "metadata": {
                "description": "The resource ID of the resource for which the Managed Private Endpoint is created."
            }
        },
        "privateLinkResourceRegion": {
            "type": "string",
            "defaultValue": "[resourceGroup().location]",
            "metadata": {
                "description": "The region of the resource to which the Managed Private Endpoint is created."
            }
        },
        "groupId": {
            "type": "string",
            "metadata": {
                "description": "The groupId in which the Managed Private Endpoint is created."
            }
        },
        "requestMessage": {
            "type": "string",
            "defaultValue": "Please approve the ADX request from the ABC team.",
            "metadata": {
                "description": "The user ADX Managed Private Endpoint request message."
            }
        }
    },
    "resources": [
        {
            "type": "Microsoft.Kusto/clusters/managedPrivateEndpoints",
            "apiVersion": "2023-08-15",
            "name": "[concat( parameters('adxClusterName'), '/', parameters('adxManagedPrivateEndpointName'))]",
            "properties": {
                "groupId": "[parameters('groupId')]",
                "privateLinkResourceId": "[parameters('privateLinkResourceId')]",
                "privateLinkResourceRegion": "[parameters('privateLinkResourceRegion')]",
                "requestMessage": "[parameters('requestMessage')]"
            }
        }
    ]
}