{
    "$schema": "https://schema.management.azure.com/schemas/2019-04-01/deploymentParameters.json#",
    "contentVersion": "1.0.0.0",
    "parameters": {
        "adxClusterName": {
            "value": "examplevalue"
        },
        "adxManagedPrivateEndpointName": {
            "value": "examplevalue"
        },
        "privateLinkResourceId": {
            "value": "examplevalue"
        },
        "groupId": {
            "value": "examplevalue"
        },
        "requestMessage": {
            "value": "Please approve the ADX request from the ABC team."
        }
    }
}