{
  "$schema": "https://schema.management.azure.com/schemas/2015-01-01/deploymentParameters.json#",
  "contentVersion": "1.0.0.0",
  "parameters": {
    "failoverGroupName": {
      "value": "act-pvm-sqlsrv-fg01"
    },
    "keyExpirationDate": {
      "value": "2025-10-10"
    },
    "keyvaultAdminObjectId": {
      "value": "b9d250ef-c6c4-4f4f-a595-b3f382697a21"
    },
    "keyvaultName": {
      "value": "act-pvm-kv-we"
    },
    "pagGroupObjectId": {
      "value": "71124dfd-b2ad-4083-bbae-4bd5ca52ef75"
    },
    "resourceGroupNameNe": {
      "value": "lzftt-ne-a-rg"
    },
    "sqlDatabaseName": {
      "value": "act-pvm-db-01"
    },
    "sqlServerAdminName": {
      "value": "lzftt-a-rg-spn"
    },
    "sqlServerAdminNameNe": {
      "value": "lzftt-ne-a-rg-spn"
    },
    "sqlServerAdminObjectId": {
      "value": "94ea2352-f200-4f0a-9333-f8e41307976c"
    },
    "sqlServerAdminObjectIdNe": {
      "value": "fc487e41-f27f-4231-b21e-f74a4606457f"
    },
    "sqlServerName": {
      "value": "act-pvm-sqlsrv-we"
    },
    "sqlServerNameNe": {
      "value": "act-pvm-sqlsrv-ne"
    },
    "vnetName": {
      "value": "lzftt01-a-vnet"
    },
    "vnetNameNe": {
      "value": "lzftt-nene01-a-vnet"
    },
    "vnetResourceGroup": {
      "value": "lzftt01-vnets-a-rg"
    },
    "vnetResourceGroupNe": {
      "value": "lzftt-nene01-vnets-a-rg"
    }
  }
}