{
  "$schema": "https://schema.management.azure.com/schemas/2019-04-01/deploymentParameters.json#",
  "contentVersion": "1.0.0.0",
  "parameters": {
    "dataFactoryName": {
      "value": "ftt-ram-d-adf"
    },
    "managedIntegrationRuntimeName": {
      "value": "ManagedIntegrationRuntime"
    },
    "computePropertiesLocation": {
      "value": "AutoResolve"
    },
    "computeType": {
      "value": "General"
    },
    "coreCount": {
      "value": 8
    },
    "timeToLive": {
      "value": 0
    },
    "ManagedVirtualNetworkReferenceName": {
      "value": "default"
    }
  }
}
