{
  "$schema": "https://schema.management.azure.com/schemas/2019-04-01/deploymentParameters.json#",
  "contentVersion": "1.0.0.0",
  "parameters": {
    "dataFactoryName": {
      "value": "ftt-ram-d-adf"
    },
    "linkedServiceName": {
      "value": "myLinkedService"
    },
    "CredentialsReferenceName": {
      "value": "ftt-ram-adf-umi"
    },
    "storageBlobServiceEndpoint": {
      "value": "https://fttramadfsa.blob.core.windows.net/"
    },
    "IntegrationRuntimeReferenecName": {
      "value": "ManagedIntegrationRuntime"
    }
  }
}
