{
  "$schema": "https://schema.management.azure.com/schemas/2019-04-01/deploymentParameters.json#",
  "contentVersion": "1.0.0.0",
  "parameters": {
    "dataFactoryName": {
      "value": "ftt-ram-d-adf"
    },
    "targetSubscriptionId": {
      "value": "eadb9dfd-2100-4b4d-981a-3225eb77daa7"
    },
    "targetResourceGroupName": {
      "value": "lzftt-d-rg"
    },
    "resourceName": {
      "value": "fttramadfsa"
    },
    "resourceType": {
      "value": "Microsoft.Storage/storageAccounts"
    },
    "ManagedVirtualNetworkReferenceName": {
      "value": "default"
    },
    "pleGroupId": {
      "value": "blob"
    }
  }
}
