{
  "$schema": "https://schema.management.azure.com/schemas/2019-04-01/deploymentParameters.json#",
  "contentVersion": "1.0.0.0",
  "parameters": {
    "dataFactoryName": {
      "value": "ftt-ram-d-adf"
    },
    "keyVaultName": {
      "value": "ram-ftt-kv1"
    },
    "keyName": {
      "value": "div-test-key"
    },
    "identityResourceGroupName": {
      "value": "lzftt-d-rg"
    },
    "identityName": {
      "value": "ftt-ram-adf-umi"
    },
    "pleSubnetName": {
      "value": "ple01-subnet"
    },
    "vnetName": {
      "value": "lzftt04-d-vnet"
    },
    "vnetRGName": {
      "value": "lzftt04-vnets-d-rg"
    },
    "managedIRName": {
      "value": "ManagedIntegrationRuntime"
    },
    "storageAccountName": {
      "value": "fttramadfsa"
    },
    "linkedServceName": {
      "value": "myLinkedService"
    },
    "storageBlobEndpoint": {
      "value": "https://fttramadfsa.blob.core.windows.net/"
    }
  }
}
