{
    "$schema": "https://schema.management.azure.com/schemas/2019-04-01/deploymentTemplate.json#",
    "contentVersion": "1.0.0.0",
    "parameters": {
        "adxClusterName": {
            "type": "string",
            "minLength": 4,
            "maxLength": 22,
            "metadata": {
                "description": "The name of the Azure Data Explorer Cluster."
            }
        },
        "location": {
            "type": "string",
            "defaultValue": "[resourceGroup().location]",
            "metadata": {
                "description": "The location for the Azure Data Explorer Cluster."
            }
        },
        "skuName": {
            "type": "string",
            "defaultValue": "Standard_E2ads_v5",
            "metadata": {
                "description": "The SKU name."
            }
        },
        "skuTier": {
            "type": "string",
            "defaultValue": "Standard",
            "metadata": {
                "description": "The SKU tier."
            }
        },
        "skuCapacity": {
            "type": "int",
            "defaultValue": 2,
            "metadata": {
                "description": "The number of instances of the Azure Data Explorer Cluster."
            }
        },
        "zones": {
            "type": "array",
            "metadata": {
                "description": "The availability zones of the Cluster."
            }
        },
        "isOptimizedAutoscaleEnabled": {
            "type": "bool",
            "metadata": {
                "description": "Whether the optimized autoscale feature is enabled or not."
            }
        },
        "optimizedAutoscaleMinimumInstanceCount": {
            "type": "int",
            "metadata": {
                "description": "Minimum allowed instances count."
            }
        },
        "optimizedAutoscaleMaximumInstanceCount": {
            "type": "int",
            "metadata": {
                "description": "Maximum allowed instances count."
            }
        },
        "enableStreamingIngest": {
            "type": "bool",
            "defaultValue": true,
            "metadata": {
                "description": "Whether the streaming ingest is enabled."
            }
        },
        "enablePurge": {
            "type": "bool",
            "defaultValue": false,
            "metadata": {
                "description": "Whether the purge operations are enabled."
            }
        },
        "enableAutoStop": {
            "type": "bool",
            "defaultValue": true,
            "metadata": {
                "description": "Whether the Cluster could be automatically stopped due to lack of data or no activity for many days."
            }
        },
        "keyVaultUri": {
            "type": "string",
            "metadata": {
                "description": "The URI of the Key Vault for the Cluster encryption."
            }
        },
        "keyName": {
            "type": "string",
            "metadata": {
                "description": "The name of the Key Vault key."
            }
        },
        "keyVersion": {
            "type": "string",
            "metadata": {
                "description": "The version of the Key Vault key."
            }
        },
        "userAssignedIdentityResourceId": {
            "type": "string",
            "metadata": {
                "description": "The resource ID of the User-Assigned Managed Identity associated with the Azure Data Explorer Cluster. It must have 'Get', 'WrapKey' and 'UnwrapKey' permissions on the Key Vault key."
            }
        }
    },
    "resources": [
        {
            "type": "Microsoft.Kusto/clusters",
            "apiVersion": "2023-08-15",
            "name": "[parameters('adxClusterName')]",
            "location": "[parameters('location')]",
            "zones": "[if(not(empty(parameters('zones'))), parameters('zones'), null())]",
            "sku": {
                "name": "[parameters('skuName')]",
                "tier": "[parameters('skuTier')]",
                "capacity": "[parameters('skuCapacity')]"
            },
            "identity": {
                "type": "SystemAssigned, UserAssigned",
                "userAssignedIdentities": {
                    "[parameters('userAssignedIdentityResourceId')]": {}
                }
            },
            "properties": {
                "trustedExternalTenants": [],
                "enableStreamingIngest": "[parameters('enableStreamingIngest')]",
                "enablePurge": "[parameters('enablePurge')]",
                "restrictOutboundNetworkAccess": "Enabled",
                "publicNetworkAccess": "Disabled",
                "enableAutoStop": "[parameters('enableAutoStop')]",
                "keyVaultProperties": {
                    "keyVaultUri": "[parameters('keyVaultUri')]",
                    "keyName": "[parameters('keyName')]",
                    "keyVersion": "[parameters('keyVersion')]",
                    "userIdentity": "[parameters('userAssignedIdentityResourceId')]"
                },
                "optimizedAutoscale": {
                    "isEnabled": "[parameters('isOptimizedAutoscaleEnabled')]",
                    "minimum": "[parameters('optimizedAutoscaleMinimumInstanceCount')]",
                    "maximum": "[parameters('optimizedAutoscaleMaximumInstanceCount')]",
                    "version": 1
                }
            }
        }
    ],
    "outputs": {
        "adxClusterResourceId": {
            "type": "string",
            "value": "[resourceId('Microsoft.Kusto/clusters', parameters('adxClusterName'))]"
        }
    }
}