{
    "$schema": "https://schema.management.azure.com/schemas/2019-04-01/deploymentParameters.json#",
    "contentVersion": "1.0.0.0",
    "parameters": {
        "adxClusterName": {
            "value": "examplevalue"
        },
        "zones": {
            "value": [
                "1",
                "2",
                "3"
            ]
        },
        "isOptimizedAutoscaleEnabled": {
            "value": true
        },
        "optimizedAutoscaleMinimumInstanceCount": {
            "value": 2
        },
        "optimizedAutoscaleMaximumInstanceCount": {
            "value": 3
        },
        "enableStreamingIngest": {
            "value": true
        },
        "enablePurge": {
            "value": true
        },
        "enableAutoStop": {
            "value": true
        },
        "keyVaultUri": {
            "value": "examplevalue"
        },
        "keyName": {
            "value": "examplevalue"
        },
        "keyVersion": {
            "value": "examplevalue"
        },
        "userAssignedIdentityResourceId": {
            "value": "examplevalue"
        }
    }
}