{
    "$schema": "https://schema.management.azure.com/schemas/2019-04-01/deploymentParameters.json#",
    "contentVersion": "1.0.0.0",
    "parameters": {
        "backupVaultName": {
            "value": "vk-backupvault"
        },
        "backupPolicyName": {
            "value": "example-blobPolicy-max"
        },
        "datasourceType": {
            "value": "Microsoft.Storage/storageAccounts/blobServices"
        },
        "policyRules": {
            "value": [
                {
                    "name": "Default",
                    "objectType": "AzureRetentionRule",
                    "isDefault": true,
                    "lifecycles": [
                        {
                            "deleteAfter": {
                                "objectType": "AbsoluteDeleteOption",
                                "duration": "P30D"
                            },
                            "sourceDataStore": {
                                "dataStoreType": "OperationalStore",
                                "objectType": "DataStoreInfoBase"
                            },
                            "targetDataStoreCopySettings": []
                        }
                    ]

                },
                {
                    "name": "Yearly",
                    "objectType": "AzureRetentionRule",
                    "isDefault": false,
                    "lifecycles": [
                        {
                            "deleteAfter": {
                                "objectType": "AbsoluteDeleteOption",
                                "duration": "P3Y"
                            },
                            "sourceDataStore": {
                                "dataStoreType": "VaultStore",
                                "objectType": "DataStoreInfoBase"
                            },
                            "targetDataStoreCopySettings": []
                        }
                    ]

                },
                {
                    "name": "Monthly",
                    "objectType": "AzureRetentionRule",
                    "isDefault": false,
                    "lifecycles": [
                        {
                            "deleteAfter": {
                                "objectType": "AbsoluteDeleteOption",
                                "duration": "P6M"
                            },
                            "sourceDataStore": {
                                "dataStoreType": "VaultStore",
                                "objectType": "DataStoreInfoBase"
                            },
                            "targetDataStoreCopySettings": []
                        }
                    ]
                },
                {
                    "name": "Weekly",
                    "objectType": "AzureRetentionRule",
                    "isDefault": false,
                    "lifecycles": [
                        {
                            "deleteAfter": {
                                "objectType": "AbsoluteDeleteOption",
                                "duration": "P12W"
                            },
                            "sourceDataStore": {
                                "dataStoreType": "VaultStore",
                                "objectType": "DataStoreInfoBase"
                            },
                            "targetDataStoreCopySettings": []
                        }
                    ]
                },
                {
                    "name": "Default",
                    "objectType": "AzureRetentionRule",
                    "isDefault": true,
                    "lifecycles": [
                        {
                            "deleteAfter": {
                                "objectType": "AbsoluteDeleteOption",
                                "duration": "P90D"
                            },
                            "sourceDataStore": {
                                "dataStoreType": "VaultStore",
                                "objectType": "DataStoreInfoBase"
                            },
                            "targetDataStoreCopySettings": []
                        }
                    ]
                },
                {
                    "name": "BackupDaily",
                    "objectType": "AzureBackupRule",
                    "dataStore": {
                        "dataStoreType": "VaultStore",
                        "objectType": "DataStoreInfoBase"
                    },
                    "backupParameters": {
                        "backupType": "Discrete",
                        "objectType": "AzureBackupParams"
                    },
                    "trigger": {
                        "objectType": "ScheduleBasedTriggerContext",
                        "schedule": {
                            "repeatingTimeIntervals": [
                                "R/2025-01-23T01:30:00+00:00/P1D"
                            ],
                            "timeZone": "Coordinated Universal Time"
                        },
                        "taggingCriteria": [
                            {
                                "tagInfo": {
                                    "tagName": "Yearly",
                                    "id": "Yearly_"
                                },
                                "taggingPriority": 10,
                                "isDefault": false,
                                "criteria": [
                                    {
                                        "absoluteCriteria": [
                                            "FirstOfYear"
                                        ],
                                        "objectType": "ScheduleBasedBackupCriteria"
                                    }
                                ]
                            },
                            {
                                "tagInfo": {
                                    "tagName": "Monthly",
                                    "id": "Monthly_"
                                },
                                "taggingPriority": 15,
                                "isDefault": false,
                                "criteria": [
                                    {
                                        "absoluteCriteria": [
                                            "FirstOfMonth"
                                        ],
                                        "objectType": "ScheduleBasedBackupCriteria"
                                    }
                                ]
                            },
                            {
                                "tagInfo": {
                                    "tagName": "Weekly",
                                    "id": "Weekly_"
                                },
                                "taggingPriority": 20,
                                "isDefault": false,
                                "criteria": [
                                    {
                                        "absoluteCriteria": [
                                            "FirstOfWeek"
                                        ],
                                        "objectType": "ScheduleBasedBackupCriteria"
                                    }
                                ]
                            },
                            {
                                "tagInfo": {
                                    "tagName": "Default",
                                    "id": "Default_"
                                },
                                "taggingPriority": 99,
                                "isDefault": true
                            }
                        ]
                    }
                }
            ]
        }
    }
}