{
    "$schema": "https://schema.management.azure.com/schemas/2019-04-01/deploymentTemplate.json#",
    "contentVersion": "1.0.0.0",
    "parameters": {
        "backupVaultName": {
            "type": "string",
            "metadata": {
                "description": "The name of the Backup Vault."
            }
        },
        "backupPolicyName": {
            "type": "string",
            "minLength": 3,
            "maxLength": 150,
            "metadata": {
                "description": "The name of the Backup Policy."
            }
        },
        "datasourceType": {
            "type": "string",
            "allowedValues": [
                "Microsoft.Compute/disks",
                "Microsoft.DBforMySQL/flexibleServers",
                "Microsoft.DBforPostgreSQL/flexibleServers",
                "Microsoft.Storage/storageAccounts/blobServices"
            ],
            "metadata": {
                "description": "The type of the resources to backup."
            }
        },
        "policyRules": {
            "type": "array",
            "metadata": {
                "description": "An object array that contains the policy rules for the Backup Policy."
            }
        }
    },
    "resources": [
        {
            "type": "Microsoft.DataProtection/backupVaults/backupPolicies",
            "apiVersion": "2024-04-01",
            "name": "[concat(parameters('backupVaultName'), '/', parameters('backupPolicyName'))]",
            "properties": {
                "objectType": "BackupPolicy",
                "datasourceTypes": [
                    "[parameters('datasourceType')]"
                ],
                "policyRules": "[parameters('policyRules')]"
            }
        }
    ]
}