{
    "$schema": "https://schema.management.azure.com/schemas/2019-04-01/deploymentTemplate.json#",
    "contentVersion": "1.0.0.0",
    "parameters": {
        "netAppAccountName": {
            "type": "string",
            "minLength": 1,
            "maxLength": 128,
            "metadata": {
                "description": "The name of the NetApp account. The account name must be unique within the subscription."
            }
        },
        "location": {
            "type": "string",
            "defaultValue": "[resourceGroup().location]",
            "metadata": {
                "description": "The location of the NetApp Files account."
            }
        },
        "netAppPoolName": {
            "type": "String",
            "minLength": 1,
            "maxLength": 64,
            "metadata": {
                "description": "The name for the NetApp capacity pool. The capacity pool name must be unique for each NetApp account."
            }
        },
        "poolSizeInTB": {
            "type": "int",
            "defaultValue": 4,
            "minValue": 4,
            "maxValue": 500,
            "metadata": {
                "description": "The size of the NetApp capacity pool in terabytes. The minimum size is 4 TiB."
            }
        },
        "qosType": {
            "type": "string",
            "defaultValue": "Auto",
            "allowedValues": [
                "Auto",
                "Manual"
            ],
            "metadata": {
                "description": "The qos type of the NetApp capacity pool. QoS type: Auto or Manual."
            }
        },
        "serviceLevel": {
            "type": "string",
            "defaultValue": "Standard",
            "allowedValues": [
                "Standard",
                "Premium",
                "Ultra"
            ],
            "metadata": {
                "description": "The target performance for the NetApp capacity pool. Service level: Ultra, Premium, or Standard."
            }
        }
    },
    "variables": {
        "capacityPoolName": "[concat(parameters('netAppAccountName'), '/', parameters('netAppPoolName'))]",
        "poolSizeInBytes": "[mul(parameters('poolSizeInTB'), 1099511627776)]"
    },
    "resources": [
        {
            "type": "Microsoft.NetApp/netAppAccounts/capacityPools",
            "apiVersion": "2022-09-01",
            "name": "[variables('capacityPoolName')]",
            "location": "[parameters('location')]",
            "properties": {
                "qosType": "[parameters('qosType')]",
                "serviceLevel": "[parameters('serviceLevel')]",
                "encryptionType": "Single",
                "size": "[variables('poolSizeInBytes')]"
            }
        }
    ]
}