{
  "$schema": "https://schema.management.azure.com/schemas/2019-04-01/deploymentParameters.json#",
  "contentVersion": "1.0.0.0",
  "parameters": {
    "sqlManagedInstanceName": {
        "value": "ram-sql-mi"
    },
    "sqlMiDbName": {
        "value": "restore-db-del"
    },
    "restorableDroppedDatabaseId": {
        "value": "/subscriptions/eadb9dfd-2100-4b4d-981a-3225eb77daa7/resourceGroups/lzftt-d-rg/providers/Microsoft.Sql/managedInstances/ram-sql-mi/restorableDroppedDatabases/ram-sql-mi-db,133864065518630000"
    },
    "restorePointInTime": {
        "value": "2025-03-14T06:15:00Z"
    }
  }
}