{
  "$schema": "https://schema.management.azure.com/schemas/2019-04-01/deploymentParameters.json#",
  "contentVersion": "1.0.0.0",
  "parameters": {
    "sqlManagedInstanceName": {
        "value": "ram-sql-mi"
    },
    "sqlMiDbName": {
        "value": "restore-db-ltr"
    },
    "longTermRetentionBackupResourceId": {
        "value": "/subscriptions/eadb9dfd-2100-4b4d-981a-3225eb77daa7/resourceGroups/lzftt-d-rg/providers/Microsoft.Sql/locations/westeurope/longTermRetentionManagedInstances/ram-sql-mi/longTermRetentionDatabases/targetmidb/longTermRetentionManagedInstanceBackups/01fb016e-a5f7-4be0-9c3b-c4fc65e846ff;133869513640000000"
    }
  }
}