{
  "$schema": "https://schema.management.azure.com/schemas/2019-04-01/deploymentParameters.json#",

  "contentVersion": "1.0.0.0",
  "parameters": {
    "keyVaultName": {
      "value": "__keyVaultName__"
    },
    "vmName": {
      "value": "__vmName__"
    },
    "keyStartDate": {
      "value": "2025-02-10"
    },
    "keyEndDate": {
      "value": "2026-02-10"
    },
    "virtualNetworkResourceGroup": {
      "value": "__virtualNetworkResourceGroup__"
    },
    "virtualNetworkName": {
      "value": "__virtualNetworkName__"
    },
    "pleSubnetName": {
      "value": "__pleSubnetName__"
    },
    "virtualMachineSize": {
      "value": "__virtualMachineSize__"
    },
    "vmadminUsername": {
      "value": "__vmadminUsername__"
    },
    "vmadminPassword": {
      "value": "__vmadminPassword__"
    },
    "vmosDiskSizeGB": {
      "value": "__vmosDiskSizeGB__"
    },
    "vmsubnetName": {
      "value": "__vmsubnetName__"
    },
    "vmenableAvailabilityZone": {
      "value": "__vmenableAvailabilityZone__"
    },
    "dataDisksConfig": {
      "value": {
        "sysdb": {
          "sku": "__DiskSku__" ,
          "lun": 0,
          "diskSize": 10,
          "cachingType": "ReadWrite"
        },
        "db": {
          "sku": "__DiskSku__" ,
          "lun": 1,
          "diskSize": 10,
          "cachingType": "ReadOnly"
        },
        "log": {
          "sku": "__DiskSku__" ,
          "lun": 2,
          "diskSize": 10,
          "cachingType": "None"
        },
        "app-files": {
          "sku": "__DiskSku__" ,
          "lun": 3,
          "diskSize": 10,
          "cachingType": "None"
        },
        "tempdb": {
          "sku": "__DiskSku__" ,
          "lun": 4,
          "diskSize": 10,
          "cachingType": "ReadWrite"
        }
      }
    }    
  }
}
