{
  "moduleAliases": {
    "br": {
      "FSCPRegistry": {
        "registry": "fscpbiceptemplates.azurecr.io"
      }
    }
  },
  "analyzers": {
    "core": {
      "enabled": true,
      "rules": {
        "adminusername-should-not-be-literal": {
          "level": "error"
        },
        "explicit-values-for-loc-params": {
          "level": "error"
        },
        "no-hardcoded-env-urls": {
          "level": "error"
        },
        "no-hardcoded-location": {
          "level": "error"
        },
        "no-unnecessary-dependson": {
          "level": "error"
        },
        "no-loc-expr-outside-params": {
          "level": "error"
        },
        "no-unused-params": {
          "level": "error"
        },
        "no-unused-vars": {
          "level": "error"
        },
        "outputs-should-not-contain-secrets": {
          "level": "error"
        },
        "prefer-interpolation": {
          "level": "error"
        },
        "secure-parameter-default": {
          "level": "error"
        },
        "simplify-interpolation": {
          "level": "error"
        },
        "protect-commandtoexecute-secrets": {
          "level": "error"
        },
        "use-stable-vm-image": {
          "level": "error"
        },
        "max-variables": {
          "level": "error"
        },
        "max-params": {
          "level": "error"
        },
        "max-outputs": {
          "level": "error"
        },
        "max-resources": {
          "level": "error"
        }
      }
    }
  }
}
