{
  "$schema": "https://schema.management.azure.com/schemas/2015-01-01/deploymentParameters.json#",
  "contentVersion": "1.0.0.0",
  "parameters": {
    "appServicePlanName": {
      "value": "value"
    },
    "appServiceName": {
      "value": "value"
    },
    "virtualNetworkResourceGroup": {
      "value": "lzftt01-vnets-d-rg"
    },
    "virtualNetworkName": {
      "value": "lzftt01-d-vnet"
    },
    "subnetName": {
      "value": "appservice01-subnet"
    },
    "dockerRegistryUrl": {
      "value": "p-nexus-3.development.nl.eu.abnamro.com:18443"
    },
    "dockerImage": {
      "value": "ampt/ampt-consumer-app"
    },
    "imageVersion": {
      "value": "0.0.4"
    },
    "nexusUser": {
      "value": "BUILDER_USER"
    },
    "nexusPassword": {
      "value": "BUILDER_PASSWORD"
    },
    "appInsightsName": {
      "value": "value"
    },
    "userAssignedIdentityName": {
      "value": "value"
    },
    "skuTier": {
      "value": "PremiumV3"
    },
    "skuFamily": {
      "value": "P"
    },
    "sku": {
      "value": "P1V3"
    }
  }
}