{
    "$schema": "https://schema.management.azure.com/schemas/2015-01-01/deploymentParameters.json#",
    "contentVersion": "1.0.0.0",
    "parameters": {
      "actionGroupList": {
        "value": [
          {
            "actionGroupName": "acei-acec-d-actiongroup",
            "actionGroupShortName": "aceicdagp",
            "pEmailRecivers": [
              {
                "emailAddress": "team-ace-cognition@nl.abnamro.com",
                "name": "Cognition"
              }
            ]
          }
        ]
      }
    }
  }