{
    "$schema": "https://schema.management.azure.com/schemas/2019-04-01/deploymentTemplate.json#",
    "contentVersion": "1.0.0.0",
    "parameters": {
        "disablePublicIp": {
            "type": "bool",
            "defaultValue": true,
            "metadata": {
                "description": "Specifies whether to deploy Azure Databricks workspace with Secure Cluster Connectivity (No Public IP) enabled or not"
            }
        },
        "workspaceName": {
            "type": "string",
            "metadata": {
                "description": "The name of the Azure Databricks Workspace."
            }
        },
        "pricingTier": {
            "type": "string",
            "defaultValue": "premium",
            "allowedValues": [
                "Standard",
                "Premium"
            ],
            "metadata": {
                "description": "The pricing tier of the Azure Databricks Workspace."
            }
        },
        "location": {
            "type": "string",
            "defaultValue": "[resourceGroup().location]",
            "metadata": {
                "description": "The location of all Azure Resources."
            }
        },
        "customPrivateSubnetName": {
            "type": "string",
            "metadata": {
                "description": "The name of the custom private Subnet."
            }
        },
        "customPublicSubnetName": {
            "type": "string",
            "metadata": {
                "description": "The name of the custom public Subnet."
            }
        },
        "customVirtualNetworkId": {
            "type": "string",
            "metadata": {
                "description": "The Id of the custom Virtual Network."
            }
        },
        "keyVaultResourceGroupName": {
            "type": "string",
            "metadata": {
                "description": "The name of the Resource Group hosting the Azure Key Vault."
            }
        },
        "keyVaultName": {
            "type": "string",
            "metadata": {
                "description": "The name of the Azure Key Vault."
            }
        },
        "keyName": {
            "type": "string",
            "metadata": {
                "description": "The name of the Azure Key Vault Key."
            }
        },
        "keyPermissions": {
            "type": "array",
            "metadata": {
                "description": "Permissions assigned from the Access Policy to the key"
            }
        }
    },
    "variables": {
        "managedResourceGroupName": "[concat('databricks-rg-', parameters('workspaceName'), '-', uniqueString(parameters('workspaceName'), resourceGroup().id))]"
    },
    "resources": [
        {
            "type": "Microsoft.Databricks/workspaces",
            "apiVersion": "2018-04-01",
            "name": "[parameters('workspaceName')]",
            "location": "[parameters('location')]",
            "sku": {
                "name": "[parameters('pricingTier')]"
            },
            "properties": {
                "managedResourceGroupId": "[subscriptionResourceId('Microsoft.Resources/resourceGroups', variables('managedResourceGroupName'))]",
                "parameters": {
                    "enableNoPublicIp": {
                        "value": "[parameters('disablePublicIp')]"
                    },
                    "customPrivateSubnetName": {
                        "value": "[parameters('customPrivateSubnetName')]"
                    },
                    "customPublicSubnetName": {
                        "value": "[parameters('customPublicSubnetName')]"
                    },
                    "customVirtualNetworkId": {
                        "value": "[parameters('customVirtualNetworkId')]"
                    },
                    "prepareEncryption": {
                        "value": true
                    }
                }
            }
        },
        {
            "type": "Microsoft.Resources/deployments",
            "apiVersion": "2020-06-01",
            "name": "addAccessPolicy",
            "resourceGroup": "[parameters('keyVaultResourceGroupName')]",
            "dependsOn": [
                "[resourceId('Microsoft.Databricks/workspaces', parameters('workspaceName'))]"
            ],
            "properties": {
                "mode": "Incremental",
                "template": {
                    "$schema": "https://schema.management.azure.com/schemas/2019-04-01/deploymentTemplate.json#",
                    "contentVersion": "0.9.0.0",
                    "resources": [
                        {
                            "type": "Microsoft.KeyVault/vaults/accessPolicies",
                            "apiVersion": "2019-09-01",
                            "name": "[concat(parameters('keyVaultName'), '/add')]",
                            "properties": {
                                "accessPolicies": [
                                    {
                                        "objectId": "[reference(resourceId('Microsoft.Databricks/workspaces', parameters('workspaceName')), '2018-04-01').storageAccountIdentity.principalId]",
                                        "tenantId": "[reference(resourceId('Microsoft.Databricks/workspaces', parameters('workspaceName')), '2018-04-01').storageAccountIdentity.tenantId]",
                                        "permissions": {
                                            "keys": "[parameters('keyPermissions')]"
                                        }
                                    }
                                ]
                            }
                        }
                    ]
                }
            }
        },
        {
            "type": "Microsoft.Resources/deployments",
            "apiVersion": "2020-06-01",
            "name": "configureCMKOnWorkspace",
            "dependsOn": [
                "addAccessPolicy"
            ],
            "properties": {
                "mode": "Incremental",
                "template": {
                    "$schema": "https://schema.management.azure.com/schemas/2019-04-01/deploymentTemplate.json#",
                    "contentVersion": "0.9.0.0",
                    "resources": [
                        {
                            "type": "Microsoft.Databricks/workspaces",
                            "apiVersion": "2018-04-01",
                            "name": "[parameters('workspaceName')]",
                            "location": "[parameters('location')]",
                            "sku": {
                                "name": "[parameters('pricingTier')]"
                            },
                            "properties": {
                                "managedResourceGroupId": "[subscriptionResourceId('Microsoft.Resources/resourceGroups', variables('managedResourceGroupName'))]",
                                "parameters": {
                                    "enableNoPublicIp": {
                                        "value": "[parameters('disablePublicIp')]"
                                    },
                                    "customPrivateSubnetName": {
                                        "value": "[parameters('customPrivateSubnetName')]"
                                    },
                                    "customPublicSubnetName": {
                                        "value": "[parameters('customPublicSubnetName')]"
                                    },
                                    "customVirtualNetworkId": {
                                        "value": "[parameters('customVirtualNetworkId')]"
                                    },
                                    "prepareEncryption": {
                                        "value": true
                                    },
                                    "encryption": {
                                        "value": {  
                                            "keySource": "Microsoft.Keyvault",
                                            "keyvaulturi": "[concat('https://', parameters('keyVaultName'), environment().suffixes.keyvaultDns)]",
                                            "KeyName": "[parameters('keyName')]"
                                        }
                                    }
                                }
                            }
                        }
                    ]
                }
            }
        }
    ],
    "outputs": {
        "workspace": {
            "type": "object",
            "value": "[reference(resourceId('Microsoft.Databricks/workspaces', parameters('workspaceName')))]"
        }
    }
}