{
    "$schema": "https://schema.management.azure.com/schemas/2019-04-01/deploymentParameters.json#",
    "contentVersion": "1.0.0.0",
    "parameters": {
        "disablePublicIp": {
            "value": true
        },
        "workspaceName": {
            "value": "lz-ftt-databricks02-ws"
        },
        "pricingTier": {
            "value": "Premium"
        },
        "customPrivateSubnetName": {
            "value": "adbprivate01-subnet"
        },
        "customPublicSubnetName": {
            "value": "adbpublic01-subnet"
        },
        "customVirtualNetworkId": {
            "value": "/subscriptions/eadb9dfd-2100-4b4d-981a-3225eb77daa7/resourceGroups/lz-az-communitybub-vnets-d-rg/providers/Microsoft.Network/virtualNetworks/lz-az-communitybub01-d-vnet"
        },
        "keyVaultResourceGroupName": {
            "value": "lzftt-d-rg"
        },
        "keyVaultName": {
            "value": "adb-ftt-kv"
        },
        "keyName": {
            "value": "adbfttkey"
        },
        "keyPermissions": {
            "value": [
                "get",
                "wrapKey",
                "unwrapKey"
            ]
        }
    }
}