{
    "$schema": "https://schema.management.azure.com/schemas/2015-01-01/deploymentParameters.json#",
    "contentVersion": "1.0.0.0",
    "parameters": {
      "roleAssignments": {
        "value": [
          {
            "groupId": "b4adc51c-f832-4a91-9826-b7363b34a176",
            "roleDefinitionName": "Azure Kubernetes Service Cluster User Role",
            "resourceId": "/subscriptions/bdd1df7e-7597-4bd0-95fa-31a873bf4fd6/resourceGroups/acei-a-rg/providers/Microsoft.ContainerService/managedClusters/acei-a-aks"
          },
          {
            "groupId": "b4adc51c-f832-4a91-9826-b7363b34a176",
            "roleDefinitionName": "Azure Kubernetes Service RBAC Admin",
            "resourceId": "/subscriptions/bdd1df7e-7597-4bd0-95fa-31a873bf4fd6/resourceGroups/acei-a-rg/providers/Microsoft.ContainerService/managedClusters/acei-a-aks"
          },
          {
            "groupId": "b4adc51c-f832-4a91-9826-b7363b34a176",
            "roleDefinitionName": "Azure Kubernetes Service RBAC Cluster Admin",
            "resourceId": "/subscriptions/bdd1df7e-7597-4bd0-95fa-31a873bf4fd6/resourceGroups/acei-a-rg/providers/Microsoft.ContainerService/managedClusters/acei-a-aks"
          },
          {
            "principalId": "f0898f04-5d9e-47f2-9bd5-daa351b7e4d5",
            "roleDefinitionName": "Azure Kubernetes Service RBAC Cluster Admin",
            "resourceId": "/subscriptions/bdd1df7e-7597-4bd0-95fa-31a873bf4fd6/resourceGroups/acei-a-rg/providers/Microsoft.ContainerService/managedClusters/acei-a-aks"
          }
        ]
      }
    }
  }