{
  "$schema": "https://schema.management.azure.com/schemas/2015-01-01/deploymentParameters.json#",
  "contentVersion": "1.0.0.0",
  "parameters": {
    "nodeTaints": {
      "value": [
        "CriticalAddonsOnly=true:NoSchedule"
      ]
    },
    "userAssignedManagedIdentityId": {
      "value": "/subscriptions/bdd1df7e-7597-4bd0-95fa-31a873bf4fd6/resourcegroups/acei-a-rg/providers/Microsoft.ManagedIdentity/userAssignedIdentities/acei-a-aks-umi"
    },
    "logAnalyticsWorkspace": {
      "value": "acei-log-a-ws"
    },
    "resourceGroupServicePrincipalObjectId": {
      "value": "f0898f04-5d9e-47f2-9bd5-daa351b7e4d5"
    },
    "aksSkuTier": {
      "value": "Standard"
    },
    "agentPoolList": {
      "value": [
        {
          "nodePoolName": "system",
          "nodePoolCount": 3,
          "nodePoolMaxPod": 30,
          "nodePoolVmSize": "Standard_D8lds_v5",
          "mode": "System",
          "enableAutoScaling": false,
          "maxNodeCount": 3,
          "minNodeCount": 3,
          "applicationName": "acei"
        }
      ]
    }
  }
}