{
  "resourceGroupName": "acei-a-rg",
  "aks": [
    {
      "name": "acei-a-aks",
      "version": "1.32.3",
      "enabledRBAC": true,
      "enablePrivateCluster": true,
      "securityProfile": {
        "workloadIdentity": true,
        "imageCleaner": true
      },
      "networkProfile": {
        "networkPluginMode": "overlay",
        "networkPolicy": "calico"
      },
      "addonProfiles": {
        "azureKeyvaultSecretsProvider": true,
        "azurePolicy": true,
        "omsagent": true
      },
      "nodepoolcount": 1,
      "nodepool": [
        {
          "name": "system",
          "vmSize": "Standard_D8lds_v5",
          "enableAutoScaling": false,
          "minNodeCount": 3,
          "maxNodeCount": 3,
          "enableEncryptionAtHost": true,
          "osDiskType": "Managed",
          "applicationLabel": "acei",
          "nodeType": "System",
          "availabilityZoneSize": 3,
          "status": "Running"
        }
      ]
    }
  ],
  "keyVault": [
    {
      "name": "acei-a-kv",
      "sku": "premium",
      "isPLEEnabled": true,
      "publicNetworkAccess": "Disabled"
    }
  ],
  "LogWorkspace": [
    {
      "name": "acei-log-a-ws",
      "retentionInDays": 90,
      "publicNetworkAccessForIngestion": "Disable"
    }
  ],
  "BackupVault": [],
  "StorageAccount": []
}