{
    "$schema": "https://schema.management.azure.com/schemas/2015-01-01/deploymentParameters.json#",
    "contentVersion": "1.0.0.0",
    "parameters": {
      "roleAssignments": {
        "value": [
          {
            "uamiName": "acei-a-aks-umi",
            "roleDefinitionName": "Key Vault Certificate User",
            "resourceId": "/subscriptions/bdd1df7e-7597-4bd0-95fa-31a873bf4fd6/resourceGroups/acei-a-rg/providers/Microsoft.KeyVault/vaults/acei-a-kv"
          },
          {
            "uamiName": "acei-a-aks-umi",
            "roleDefinitionName": "Key Vault Secrets User",
            "resourceId": "/subscriptions/bdd1df7e-7597-4bd0-95fa-31a873bf4fd6/resourceGroups/acei-a-rg/providers/Microsoft.KeyVault/vaults/acei-a-kv"
          },
          {
            "uamiName": "acei-a-aks-umi",
            "roleDefinitionName": "Key Vault Crypto Service Encryption User",
            "resourceId": "/subscriptions/bdd1df7e-7597-4bd0-95fa-31a873bf4fd6/resourceGroups/acei-a-rg/providers/Microsoft.KeyVault/vaults/acei-a-kv"
          },
          {
            "principalId": "f0898f04-5d9e-47f2-9bd5-daa351b7e4d5",
            "roleDefinitionName": "Key Vault Certificates Officer",
            "resourceId": "/subscriptions/bdd1df7e-7597-4bd0-95fa-31a873bf4fd6/resourceGroups/acei-a-rg/providers/Microsoft.KeyVault/vaults/acei-a-kv"
          },
          {
            "principalId": "f0898f04-5d9e-47f2-9bd5-daa351b7e4d5",
            "roleDefinitionName": "Key Vault Crypto Officer",
            "resourceId": "/subscriptions/bdd1df7e-7597-4bd0-95fa-31a873bf4fd6/resourceGroups/acei-a-rg/providers/Microsoft.KeyVault/vaults/acei-a-kv"
          },
          {
            "principalId": "f0898f04-5d9e-47f2-9bd5-daa351b7e4d5",
            "roleDefinitionName": "Key Vault Secrets Officer",
            "resourceId": "/subscriptions/bdd1df7e-7597-4bd0-95fa-31a873bf4fd6/resourceGroups/acei-a-rg/providers/Microsoft.KeyVault/vaults/acei-a-kv"
          },
          {
            "groupId": "560495c1-06f2-4aa5-b01a-1549290f2e86",
            "roleDefinitionName": "Key Vault Administrator",
            "resourceId": "/subscriptions/bdd1df7e-7597-4bd0-95fa-31a873bf4fd6/resourceGroups/acei-a-rg/providers/Microsoft.KeyVault/vaults/acei-a-kv"
          }
       ]
      }
    }
  }