{
  "$schema": "https://schema.management.azure.com/schemas/2015-01-01/deploymentParameters.json#",
  "contentVersion": "1.0.0.0",
  "parameters": {
    "pKvName": {
      "value": "acei-a-kv"
    },
    "pVaultSku": {
      "value": "premium"
    },
    "pvnetRg": {
      "value": "acei01-vnets-a-rg"
    },
    "pvnetName": {
      "value": "acei01-a-vnet"
    },
    "ciNumber": {
      "value": "CI0079967"
    },
    "pCommonActionGroupId": {
      "value":[
        {
          "pActionGroupId": "/subscriptions/bdd1df7e-7597-4bd0-95fa-31a873bf4fd6/resourceGroups/acei-a-rg/providers/Microsoft.Insights/actiongroups/acei-a-actiongroup"
        },
        {
          "pActionGroupId": "/subscriptions/bdd1df7e-7597-4bd0-95fa-31a873bf4fd6/resourceGroups/cbspitsm-p-rg/providers/microsoft.Insights/actiongroups/ServiceNow-PR-"
        }
      ]
    },

    "metricsAlert": {
      "value": [
        {
          "alertRuleName": "Keyvault-Capacity",
          "pEvaluationFrequency": "PT15M",
          "pSkipMetricValidation": true,
          "pMetricName": "SaturationShoebox",
          "pMetricNamespace": "Microsoft.keyvault/vaults",
          "pOperator": "GreaterThan",
          "pSeverity": 2,
          "pTargetResourceType": "Microsoft.keyvault/vaults",
          "pThreshold": 70,
          "pTimeAggregation": "Average",
          "pWindowSize": "PT30M",
          "alertDimentions": []
        },
        {
          "alertRuleName": "Keyvault-Service-API-Latency",
          "pEvaluationFrequency": "PT5M",
          "pSkipMetricValidation": true,
          "pMetricName": "ServiceApiLatency",
          "pOperator": "GreaterThan",
          "pSeverity": 2,
          "pTargetResourceType": "Microsoft.keyvault/vaults",
          "pThreshold": 15000,
          "pTimeAggregation": "Maximum",
          "pWindowSize": "PT5M",
          "alertDimentions": []
        }, 
        {
          "alertRuleName": "KeyVault-Unavailable",
          "pEvaluationFrequency": "PT5M",
          "pSkipMetricValidation": false,
          "pMetricName": "Availability",
          "pOperator": "LessThan",
          "pSeverity": 1,
          "pThreshold": 100,
          "pTimeAggregation": "Average",
          "pWindowSize": "PT5M",
          "alertDimentions": []
        }                                                   
      ]
    }
  }
}