{
  "$schema": "https://schema.management.azure.com/schemas/2015-01-01/deploymentParameters.json#",
  "contentVersion": "1.0.0.0",
  "parameters": {
    "ciNumber": {
      "value": "CI0079967"
    },
    "pMinFailingPeriodsToAlert": {
      "value": 1
    },
    "pNumberOfEvaluationPeriods": {
      "value": 1
    },
    "pCommonActionGroupId": {
      "value": [
        "/subscriptions/bdd1df7e-7597-4bd0-95fa-31a873bf4fd6/resourceGroups/acei-a-rg/providers/Microsoft.Insights/actiongroups/acei-a-actiongroup",
        "/subscriptions/bdd1df7e-7597-4bd0-95fa-31a873bf4fd6/resourceGroups/cbspitsm-p-rg/providers/microsoft.Insights/actiongroups/ServiceNow-PR-"
      ]
    },
    "logAlert": {
      "value": [  
        {
          "alertRuleName": "jobs-failed-alert-acei-a-aks",
          "resourceId": "/subscriptions/bdd1df7e-7597-4bd0-95fa-31a873bf4fd6/resourceGroups/acei-a-rg/providers/Microsoft.ContainerService/managedClusters/acei-a-aks",
          "alertSeverity": 1,
          "pEvaluationFrequency": "PT5M",
          "pOperator": "GreaterThan",
          "pQuery": "KubeEvents\r\n| where TimeGenerated > ago(5m)\r\n|  where Namespace == 'kube-systems'\r\n| where ObjectKind contains 'Job' and Reason contains 'fail'",
          "pThreshold": 4,
          "pTimeAggregation": "Count",
          "pWindowSize": "PT15M",
          "actionGroupId":[],
          "description": "Alert when jobs failed exceed 10 in the last 5mins"
        },
        {
          "alertRuleName": "container-outofmemory-error-alert-acei-a-aks",
          "resourceId": "/subscriptions/bdd1df7e-7597-4bd0-95fa-31a873bf4fd6/resourceGroups/acei-a-rg/providers/Microsoft.ContainerService/managedClusters/acei-a-aks",
          "alertSeverity": 1,
          "pEvaluationFrequency": "PT5M",
          "pOperator": "GreaterThan",
          "pQuery": "KubePodInventory| where ContainerStatusReason == 'OOMKilled'| extend ContainerLastStatus=todynamic(ContainerLastStatus)| where TimeGenerated > ago(30m)",
          "pThreshold": 4,
          "pTimeAggregation": "Count",
          "pWindowSize": "PT15M",
          "actionGroupId":[],
          "description": "Alert when container outofmemory exceed 20 in the last 30mins"
        },
        {
          "alertRuleName": "container-crashloopbackOff-error-alert-acei-a-aks",
          "resourceId": "/subscriptions/bdd1df7e-7597-4bd0-95fa-31a873bf4fd6/resourceGroups/acei-a-rg/providers/Microsoft.ContainerService/managedClusters/acei-a-aks",
          "alertSeverity": 1,
          "pEvaluationFrequency": "PT5M",
          "pOperator": "GreaterThan",
          "pQuery": "KubePodInventory| where ContainerStatusReason == 'CrashLoopBackOff'| extend ContainerLastStatus=todynamic(ContainerLastStatus)| where TimeGenerated > ago(30m)",
          "pThreshold": 4,
          "pTimeAggregation": "Count",
          "pWindowSize": "PT15M",
          "actionGroupId":[],
          "description": "Alert when container-crashloopbackOff failed exceed 20 in the last 30mins"
        },
        {
          "alertRuleName": "container-imagepullbackoff-error-alert-acei-a-aks",
          "resourceId": "/subscriptions/bdd1df7e-7597-4bd0-95fa-31a873bf4fd6/resourceGroups/acei-a-rg/providers/Microsoft.ContainerService/managedClusters/acei-a-aks",
          "alertSeverity": 1,
          "pEvaluationFrequency": "PT5M",
          "pOperator": "GreaterThan",
          "pQuery": "KubePodInventory| where ContainerStatusReason == 'ImagePullBackOff'| extend ContainerLastStatus=todynamic(ContainerLastStatus)| where TimeGenerated > ago(30m)",
          "pThreshold": 4,
          "pTimeAggregation": "Count",
          "pWindowSize": "PT15M",
          "actionGroupId":[],
          "description": "Alert when jobs failed exceed 20 in the last 30mins"
        },
        {
          "alertRuleName": "nginx-alert-dns-response-failed-alert-acei-a-aks",
          "resourceId": "/subscriptions/bdd1df7e-7597-4bd0-95fa-31a873bf4fd6/resourceGroups/acei-a-rg/providers/Microsoft.ContainerService/managedClusters/acei-a-aks",
          "alertSeverity": 1,
          "pEvaluationFrequency": "PT5M",
          "pOperator": "GreaterThan",
          "pQuery": "ContainerLog | where LogEntry !contains 'info' | extend client_ip = extract(@'^(\S+)', 1, LogEntry) | extend request_method = extract(@'(GET|POST|PUT|DELETE|PATCH|OPTIONS)', 0, LogEntry) | extend status_code = extract(@'\"\s(\d{3})\s', 1, LogEntry) | extend dns_name = extract(@'(?:https?://)([a-zA-Z0-9.-]+\.[a-zA-Z]{2,6})', 1, LogEntry)| project TimeGenerated, client_ip, dns_name, status_code, LogEntry| where status_code != '200' and status_code != ''| where dns_name !=''| summarize count() by dns_name",
          "pThreshold": 50,
          "pTimeAggregation": "Count",
          "pWindowSize": "PT15M",
          "actionGroupId":[],
          "description": "Alert when particular DNS name getting failed exceed 50 in 15mins"
        },
        {
          "alertRuleName": "AKS-BackupJob-Failed-acei-a-aks",
          "resourceId": "/subscriptions/bdd1df7e-7597-4bd0-95fa-31a873bf4fd6/resourcegroups/acei-a-rg/providers/Microsoft.DataProtection/backupVaults/acei-a-aks-backup-vault",
          "alertSeverity": 1,
          "pEvaluationFrequency": "PT15M",
          "pOperator": "GreaterThanOrEqual",
          "pQuery": "AddonAzureBackupJobs\r\n| where JobStatus != 'Completed'",
          "pThreshold": 1,
          "pTimeAggregation": "Count",
          "pWindowSize": "PT15M",
          "actionGroupId":[],
          "description": "Validate AKS Backup Status"
        }

      ]
    }
  }
}   


