{
    "$schema": "https://schema.management.azure.com/schemas/2015-01-01/deploymentParameters.json#",
    "contentVersion": "1.0.0.0",
    "parameters": {
        "appServiceName": {
            "value": "lzftt-func-app"
        },
        "virtualNetworkResourceGroup": {
            "value": "lzftt01-vnets-d-rg"
        },
        "virtualNetworkName": {
            "value": "lzftt01-d-vnet"
        },
        "subnetName": {
            "value": "appservice01-subnet"
        },
        "location": {
            "value": "West Europe"
        },
        "appServicePlanName": {
            "value": "lzftt-func-appplan"
        },
        "alwaysOn": {
            "value": true
        },
        "use32BitWorkerProcess": {
            "value": false
        },
        "runtimeStack": {
            "value": "PowerShell Core 7.2"
        },
        "appSettings": {
            "value": [
                {
                    "name": "APPINSIGHTS_INSTRUMENTATIONKEY",
                    "value": "64c49974-5efe-403e-b667-70febde8f824",
                    "slotSetting": true
                },
                {
                    "name": "APPLICATIONINSIGHTS_CONNECTION_STRING",
                    "value": "InstrumentationKey=64c49974-5efe-403e-b667-70febde8f824;IngestionEndpoint=https://westeurope-5.in.applicationinsights.azure.com/",
                    "slotSetting": false
                },
                {
                    "name": "ApplicationInsightsAgent_EXTENSION_VERSION",
                    "value": "~2",
                    "slotSetting": true
                },
                {
                    "name": "DiagnosticServices_EXTENSION_VERSION",
                    "value": "~3",
                    "slotSetting": true
                },
                {
                    "name": "InstrumentationEngine_EXTENSION_VERSION",
                    "value": "disabled",
                    "slotSetting": true
                },
                {
                    "name": "FUNCTIONS_EXTENSION_VERSION",
                    "value": "~3"
                },
                {
                    "name": "FUNCTIONS_WORKER_RUNTIME",
                    "value": "python"
                },
                {
                    "name": "WEBSITE_RUN_FROM_PACKAGE",
                    "value": "0"
                },
                {
                    "name": "AzureWebJobsStorage__blobServiceUri",
                    "value": "https://lzblobstore.blob.core.windows.net"
                }
            ]
        }
    }
}