{
    "$schema": "https://schema.management.azure.com/schemas/2015-01-01/deploymentParameters.json#",
    "contentVersion": "1.0.0.0",
    "parameters": {
        "factoryName": {
            "value": "lzftt-adf-publicIR"
        },
        "identityName": {
            "value": "lzftt-umi"
        },
        "vaultBaseUrl": {
            "value": "https://lzftt-demo-kv.vault.azure.net/"
        },
        "keyName": {
            "value": "lzftt-demo-cmk"
        },
        "keyVersion": {
            "value": "99f9a545ee77414982eafd511c764930"
        },
        "userManagedIdentity": {
            "value": "/subscriptions/eadb9dfd-2100-4b4d-981a-3225eb77daa7/resourceGroups/lzftt-d-rg/providers/Microsoft.ManagedIdentity/userAssignedIdentities/"
        },
        "dataFactory_identity_type": {
            "value": "UserAssigned"
        },
        "identityResourceGroupName": {
            "value": "lzftt-d-rg"
        },
        "publicNetworkAccess": {
            "value": "Disabled"
        }
    }
}