{
    "$schema": "https://schema.management.azure.com/schemas/2019-04-01/deploymentParameters.json#",
    "contentVersion": "1.0.0.0",
    "parameters": {
        "backupVaultName": {
            "value": "vk-backupvault"
        },
        "backupPolicyName": {
            "value": "example-blobPolicy-max"
        },
        "backupInstanceName": {
            "value": "arjBackupinstance"
        },
        "resourceId": {
            "value": "/subscriptions/eadb9dfd-2100-4b4d-981a-3225eb77daa7/resourceGroups/lzftt-d-rg/providers/Microsoft.Storage/storageAccounts/aemblobrecoverysa"
        },
        "resourceLocation": {
            "value": "westeurope"
        },
        "policyParameters": {
            "value": {
                "backupDatasourceParametersList": [
                    {
                        "objectType": "BlobBackupDatasourceParameters",
                        "containersList": [
                            "aemrecoveryblob"
                        ]
                    }
                ]
            }
        },
        "useSystemAssignedIdentity": {
            "value": false
        },
        "userAssignedIdentityName": {
            "value": "lzftt-umi"
        }
    }
}