{
    "$schema": "https://schema.management.azure.com/schemas/2019-04-01/deploymentTemplate.json#",
    "contentVersion": "1.0.0.0",
    "parameters": {
        "backupVaultName": {
            "type": "string",
            "metadata": {
                "description": "The name of the Backup Vault."
            }
        },
        "backupPolicyName": {
            "type": "string",
            "metadata": {
                "description": "The name of the Backup Policy."
            }
        },
        "backupInstanceName": {
            "type": "string",
            "metadata": {
                "description": "The name of the Backup Instance."
            }
        },
        "friendlyName": {
            "type": "string",
            "defaultValue": "[parameters('backupInstanceName')]",
            "metadata": {
                "description": "Optional. The user-defined friendly name for the Backup Instance."
            }
        },
        "resourceId": {
            "type": "string",
            "metadata": {
                "description": "The ID of the resource to backup."
            }
        },
        "resourceLocation": {
            "type": "string",
            "metadata": {
                "description": "The location of the resource to backup."
            }
        },
        "policyParameters": {
            "type": "object",
            "metadata": {
                "description": "The policy properties for the resource to backup."
            }
        },
        "useSystemAssignedIdentity": {
            "type": "bool",
            "defaultValue": true,
            "metadata": {
                "description": "Whether to use a System-Assigned Managed Identity. If not, then a User-Assigned Managed Identity must be specified. The specified System-Assigned Managed Identity must have the correct roles assigned on the resource to backup."
            }
        },
        "userAssignedIdentityName": {
            "type": "string",
            "defaultValue": "none",
            "metadata": {
                "description": "Conditional. The name of the User-Assigned Managed Identity associated with the Backup Vault. The specified User-Assigned Managed Identity must have the correct roles assigned on the resource to backup."
            }
        },
        "validationType": {
            "type": "string",
            "defaultValue": "DeepValidation",
            "allowedValues": [
                "DeepValidation",
                "ShallowValidation"
            ],
            "metadata": {
                "description": "The type of validation, to validate whether the backup will be successful or not."
            }
        }
    },
    "variables": {
        "splitResourceId": "[split(parameters('resourceId'), '/')]",
        "resourceName": "[last(variables('splitResourceId'))]",
        "resourceType": "[join(take(skip(variables('splitResourceId'), 6), 2), '/')]",
        "datasourceType": "[if(equals(variables('resourceType'), 'Microsoft.Storage/storageAccounts'), 'Microsoft.Storage/storageAccounts/blobServices', variables('resourceType'))]",
        "userAssignedIdentityResourceId": "[resourceId('Microsoft.ManagedIdentity/userAssignedIdentities', parameters('userAssignedIdentityName'))]",
        "userAssignedIdentityArmUrl": "[if(parameters('useSystemAssignedIdentity'), json('null'), variables('userAssignedIdentityResourceId'))]"
    },
    "resources": [
        {
            "type": "Microsoft.DataProtection/backupVaults/backupInstances",
            "apiVersion": "2024-04-01",
            "name": "[concat(parameters('backupVaultName'), '/', parameters('backupInstanceName'))]",
            "properties": {
                "objectType": "BackupInstance",
                "friendlyName": "[parameters('friendlyName')]",
                "dataSourceInfo": {
                    "objectType": "Datasource",
                    "resourceID": "[parameters('resourceId')]",
                    "resourceUri": "[parameters('resourceId')]",
                    "resourceName": "[variables('resourceName')]",
                    "resourceType": "[variables('resourceType')]",
                    "resourceLocation": "[parameters('resourceLocation')]",
                    "datasourceType": "[variables('datasourceType')]"
                },
                "dataSourceSetInfo": {
                    "objectType": "DatasourceSet",
                    "resourceID": "[parameters('resourceId')]",
                    "resourceUri": "[parameters('resourceId')]",
                    "resourceName": "[variables('resourceName')]",
                    "resourceType": "[variables('resourceType')]",
                    "resourceLocation": "[parameters('resourceLocation')]",
                    "datasourceType": "[variables('datasourceType')]"
                },
                "policyInfo": {
                    "policyId": "[resourceId('Microsoft.DataProtection/backupVaults/backupPolicies', parameters('backupVaultName'), parameters('backupPolicyName'))]",
                    "policyParameters": "[parameters('policyParameters')]"
                },
                "identityDetails": {
                    "useSystemAssignedIdentity": "[parameters('useSystemAssignedIdentity')]",
                    "userAssignedIdentityArmUrl": "[variables('userAssignedIdentityArmUrl')]"
                },
                "validationType": "[parameters('validationType')]"
            }
        }
    ]
}