{
    "servicePrincipals": [
        {
            "name": "acea-p-aa-spn",
            "action": "create",
            "appRoles": [
                {
                    "allowedMemberTypes": ["User"],
                    "description": "Allows Users to Login",
                    "displayName": "AdvisorAssist-CCO-Product-Services",
                    "id": "6009a52f-97f6-4056-a3d5-4fabfeb13107",
                    "isEnabled": true,
                    "origin": "Application",
                    "value": "AdvisorAssist-CCO-Product-Services"
                },
                {
                    "allowedMemberTypes": ["User"],
                    "description": "Allows Users to Login",
                    "displayName": "AdvisorAssist-P&BB-Hypotheken",
                    "id": "f582842d-a813-4f1e-830f-bbad082665e1",
                    "isEnabled": true,
                    "origin": "Application",
                    "value": "AdvisorAssist-P&BB-Hypotheken"
                },
                {
                    "allowedMemberTypes": ["User"],
                    "description": "Allows Users to Login",
                    "displayName": "AdvisorAssist-CCO",
                    "id": "1341670f-be8d-4124-ae3c-d06a368ac7c6",
                    "isEnabled": true,
                    "origin": "Application",
                    "value": "AdvisorAssist-CCO"
                },
                {
                    "allowedMemberTypes": ["User"],
                    "description": "Allows Users to Login",
                    "displayName": "AdvisorAssist-CCO-Business-User",
                    "id": "2ebfd91e-51b3-4cc3-8f4c-0c966bb5820b",
                    "isEnabled": true,
                    "origin": "Application",
                    "value": "AdvisorAssist-CCO-Business-User"
                },
                {
                    "allowedMemberTypes": ["User"],
                    "description": "Allows Users to Login",
                    "displayName": "AdvisorAssist-Complaints",
                    "id": "b5e383fa-3f80-4585-ae92-bb7315697be9",
                    "isEnabled": true,
                    "origin": "Application",
                    "value": "AdvisorAssist-Complaints"
                },
                {
                    "allowedMemberTypes": ["User"],
                    "description": "Allows Users to Login",
                    "displayName": "AdvisorAssist-NabestaandenDesk",
                    "id": "4bccb673-b310-47ba-b9e9-c4223ebd371d",
                    "isEnabled": true,
                    "origin": "Application",
                    "value": "AdvisorAssist-NabestaandenDesk"
                },
                {
                    "allowedMemberTypes": ["User"],
                    "description": "Allows Users to Login",
                    "displayName": "AdvisorAssist-Proactief-Beheer",
                    "id": "d5c27ac6-ed30-4757-8123-ff1c86d7d5bc",
                    "isEnabled": true,
                    "origin": "Application",
                    "value": "AdvisorAssist-Proactief-Beheer"
                },
                {
                    "allowedMemberTypes": ["User"],
                    "description": "Allows Users to Login",
                    "displayName": "AdvisorAssist-Fraud",
                    "id": "14ffe8cb-c9d6-4354-a017-adb17c7998b0",
                    "isEnabled": true,
                    "origin": "Application",
                    "value": "AdvisorAssist-Fraud"
                },
                {
                    "allowedMemberTypes": ["User"],
                    "description": "Allows Users to Login",
                    "displayName": "AdvisorAssist-Consumer-Affluent-Investments",
                    "id": "3a9d0fb6-7421-4748-8129-bd604d6e193a",
                    "isEnabled": true,
                    "origin": "Application",
                    "value": "AdvisorAssist-Consumer-Affluent-Investments"
                }
                ],
            "appRoleAssignmentRequired": true,
            "appRolePermissions": [
                {
                    "appRoleId": "6009a52f-97f6-4056-a3d5-4fabfeb13107",
                    "groups": ["25b9b140-bdaa-4ac5-9a8b-636323fd3b2a"]
                },
                {
                    "appRoleId": "f582842d-a813-4f1e-830f-bbad082665e1",
                    "groups": ["450dc645-6b44-4691-baf0-19c7117e5f25"]
                },
                {
                    "appRoleId": "1341670f-be8d-4124-ae3c-d06a368ac7c6",
                    "groups": ["d41838d9-bbd5-4368-ae2a-dbe66e14aafe"]
                },
                {
                    "appRoleId": "2ebfd91e-51b3-4cc3-8f4c-0c966bb5820b",
                    "groups": ["b9904a18-7930-4b79-957e-a081ed15e993"]
                },
                {
                    "appRoleId": "b5e383fa-3f80-4585-ae92-bb7315697be9",
                    "groups": ["79e68a58-f28f-4842-a76b-cbc97ce6895e"]
                },
                {
                    "appRoleId": "4bccb673-b310-47ba-b9e9-c4223ebd371d",
                    "groups": ["3b952724-ffcd-4eeb-8c4a-ad3a3b1056dc"]
                } ,
                {
                    "appRoleId": "d5c27ac6-ed30-4757-8123-ff1c86d7d5bc",
                    "groups": ["1b924bcb-664b-40cf-b4e9-bca1b5dab4d6"]
                },
                {
                    "appRoleId": "14ffe8cb-c9d6-4354-a017-adb17c7998b0",
                    "groups": ["04b80b41-3a2c-4f31-8eb5-1c38c64f028c"]
                },
                {
                    "appRoleId": "3a9d0fb6-7421-4748-8129-bd604d6e193a",
                    "groups": ["2f3721b1-44ff-430c-a373-6b6ecf863a66"]
                }
            ],
            "redirectType": "spa",
            "redirectUrl": ["https://acea-p.nl.eu.abnamro.com/advisor-assist/"],
            "groupMembershipClaims": "None",
            "applicationPermissions": {
                "Microsoft Graph": []
            },
            "delegatedPermissions": {
                "Microsoft Graph": ["User.Read"],
                "Azure Storage": ["user_impersonation"],
                "Azure Key Vault": ["user_impersonation"]
            }                        
        }
    ]
}