{
  "$schema": "https://schema.management.azure.com/schemas/2015-01-01/deploymentParameters.json#",
  "contentVersion": "1.0.0.0",
  "parameters": {
    "pPrimaryUserAssignedIdentityId": {
      "value": "/subscriptions/1e6ec647-561d-4e81-9dcd-016fc759323c/resourceGroups/acea-p-rg/providers/Microsoft.ManagedIdentity/userAssignedIdentities/acea-p-umi"
    },
    "pPrimaryKeyURI": {
      "value": "https://acea-p-kv.vault.azure.net/keys/acea-p-flex-server-key"
    },
    "pDelegatedSubnetResourceId": {
      "value": "/subscriptions/1e6ec647-561d-4e81-9dcd-016fc759323c/resourceGroups/acea01-vnets-p-rg/providers/Microsoft.Network/virtualNetworks/acea01-p-vnet/subnets/postgresql01-subnet"
    },
    "pPrivateDnsZoneArmResourceId": {
      "value": "/subscriptions/b658ffad-30c7-4be6-881c-e3dc1f6520af/resourceGroups/privatelinkdnszones01-p-rg/providers/Microsoft.Network/privateDnsZones/private01.postgres.database.azure.com"
    },
    "pKeyVaultName": {
      "value": "acea-p-kv"
    },
    "pPostgresqlVersion": {
      "value": 14
    },
    "pSource": {
      "value": "InfraSecret"
    },
    "pServers": {
      "value": [
        {
          "pServerName": "acea-p-flexserver-advisorassist",
          "pAdministratorLogin": "advisorassistflexadmin",
          "pSkuName": "Standard_D2ds_v4",
          "pTier": "GeneralPurpose",
          "pBackupRetentionDays": 7,
          "pGeoRedundantBackup": "Disabled",
          "pStorageSizeGB": 64
        }
      ]
    }
  }
}