{
    "$schema": "https://schema.management.azure.com/schemas/2019-04-01/deploymentTemplate.json#",
    "contentVersion": "1.0.0.0",
    "parameters": {
        "serverName": {
            "type": "string",
            "minLength": 3,
            "maxLength": 63,
            "metadata": {
                "description": "The name of the MySQL Flexible Server."
            }
        },
        "databaseName": {
            "type": "string",
            "minLength": 1,
            "maxLength": 63,
            "metadata": {
                "description": "The name for the MySQL Database."
            }
        },
        "charset": {
            "type": "string",
            "defaultValue": "utf8",
            "metadata": {
                "description": "The character set of the MySQL Database. This cannot be changed after MySQL Database creation."
            }
        },
        "collation": {
            "type": "string",
            "defaultValue": "utf8_general_ci",
            "metadata": {
                 "description": "The collation of the MySQL Database defines the rules that sort and compare data, and cannot be changed after MySQL Database creation."
            }
        }

    },
    "resources": [
        {
            "type": "Microsoft.DBforMySQL/flexibleServers/databases",
            "apiVersion": "2022-01-01",
            "name": "[concat(parameters('serverName'), '/', parameters('databaseName'))]",
            "properties": {
                "charset": "[parameters('charset')]",
                "collation": "[parameters('collation')]"
            }
        }
    ]
}