{
    "$schema": "https://schema.management.azure.com/schemas/2019-04-01/deploymentParameters.json#",
    "contentVersion": "1.0.0.0",
    "parameters": {
        "appServicePlanName": {
            "value": "examplevalue"
        },
        "useLinux": {
            "value": false
        },
        "skuName": {
            "value": "P1v2"
        },
        "skuCapacity": {
            "value": 1
        },
        "elasticScaleEnabled": {
            "value": false
        },
        "minimumElasticWorkerCount": {
            "value": 1
        },
        "maximumElasticWorkerCount": {
            "value": 1
        },
        "zoneRedundant": {
            "value": false
        }
    }
}