{
    "$schema": "https://schema.management.azure.com/schemas/2019-04-01/deploymentTemplate.json#",
    "contentVersion": "1.0.0.0",
    "parameters": {
        "appServicePlanName": {
            "type": "string",
            "minLength": 1,
            "maxLength": 40,
            "metadata": {
                "description": "The name of the App Service Plan."
            }
        },
        "location": {
            "type": "string",
            "defaultValue": "[resourceGroup().location]",
            "metadata": {
                "description": "The location of the App Service Plan."
            }
        },
        "useLinux": {
            "type": "bool",
            "defaultValue": false,
            "metadata": {
                "description": "True if the operating system should be Linux, false if the operating system should be Windows."
            }
        },
        "skuName": {
            "type": "string",
            "defaultValue": "P1v2",
            "allowedValues": [
                "EP1",
                "EP2",
                "EP3",
                "P1v2",
                "P2v2",
                "P3v2",
                "P1v3",
                "P2v3",
                "P3v3"
            ],
            "metadata": {
                "description": "The SKU name of the App Service Plan."
            }
        },
        "skuCapacity": {
            "type": "int",
            "minValue": 1,
            "maxValue": 20,
            "defaultValue": 1,
            "metadata": {
                "description": "The number of workers for the App Service Plan."
            }
        },
        "elasticScaleEnabled": {
            "type": "bool",
            "defaultValue": false,
            "metadata": {
                "description": "Whether App Services in this App Service Plan will scale as if the App Service Plan had an Elastic Premium SKU. This property only applies to Premium SKUs that are not elastic by themselves."
            }
        },
        "minimumElasticWorkerCount": {
            "type": "int",
            "defaultValue": 1,
            "minValue": 1,
            "maxValue": 100,
            "metadata": {
                "description": "The minimum number of elastic workers for the App Service Plan."
            }
        },
        "maximumElasticWorkerCount": {
            "type": "int",
            "defaultValue": 1,
            "minValue": 1,
            "maxValue": 100,
            "metadata": {
                "description": "The maximum number of elastic workers for the App Service Plan."
            }
        },
        "zoneRedundant": {
            "type": "bool",
            "defaultValue": false,
            "metadata": {
                "description": "Whether this App Service Plan will perform availability zone balancing."
            }
        }
    },
    "variables": {
        "skuTier": "[if(startsWith(parameters('skuName'), 'EP'), 'ElasticPremium', if(startsWith(parameters('skuName'), 'P'), if(endsWith(parameters('skuName'), 'v2'), 'PremiumV2', 'PremiumV3'), ''))]",
        "skuFamily": "[if(startsWith(parameters('skuName'), 'EP'), 'EP', if(startsWith(parameters('skuName'), 'P'), if(endsWith(parameters('skuName'), 'v2'), 'Pv2', 'Pv3'), ''))]",
        "elasticScaleEnabled": "[or(parameters('elasticScaleEnabled'), equals(variables('skuTier'), 'ElasticPremium'))]",
        "appServicePlanKind": "[if(variables('elasticScaleEnabled'), 'elastic', if(parameters('useLinux'), 'linux', 'app'))]"
    },
    "resources": [
        {
            "type": "Microsoft.Web/serverfarms",
            "apiVersion": "2021-02-01",
            "name": "[parameters('appServicePlanName')]",
            "location": "[parameters('location')]",
            "sku": {
                "name": "[parameters('skuName')]",
                "tier": "[variables('skuTier')]",
                "family": "[variables('skuFamily')]",
                "capacity": "[if(variables('elasticScaleEnabled'), parameters('minimumElasticWorkerCount'), parameters('skuCapacity'))]"
            },
            "kind": "[variables('appServicePlanKind')]",
            "properties": {
                "elasticScaleEnabled": "[variables('elasticScaleEnabled')]",
                "maximumElasticWorkerCount": "[if(variables('elasticScaleEnabled'), parameters('maximumElasticWorkerCount'), json('null'))]",
                "reserved": "[parameters('useLinux')]",
                "zoneRedundant": "[parameters('zoneRedundant')]"
            }
        }
    ]
}