{
  "sys": {
    "type": "Array"
  },
  "total": 1,
  "skip": 0,
  "limit": 100,
  "items": [
    {
      "metadata": {
        "tags": []
      },
      "sys": {
        "space": {
          "sys": {
            "type": "Link",
            "linkType": "Space",
            "id": "riy4ayq9brzz"
          }
        },
        "id": "5FzqVbO2AZzaTecUzS6meG",
        "type": "Entry",
        "createdAt": "2022-07-25T09:43:44.943Z",
        "updatedAt": "2022-07-25T09:43:44.943Z",
        "environment": {
          "sys": {
            "id": "master",
            "type": "Link",
            "linkType": "Environment"
          }
        },
        "revision": 1,
        "contentType": {
          "sys": {
            "type": "Link",
            "linkType": "ContentType",
            "id": "node"
          }
        },
        "locale": "nl"
      },
      "fields": {
        "title": "Button with close chat",
        "chatbot": "TestBot",
        "skill": "GenesysTestBot",
        "intent": "Components",
        "responses": [
          {
            "metadata": {
              "tags": []
            },
            "sys": {
              "space": {
                "sys": {
                  "type": "Link",
                  "linkType": "Space",
                  "id": "riy4ayq9brzz"
                }
              },
              "id": "23widLDhw7th9opLos1PwH",
              "type": "Entry",
              "createdAt": "2022-07-25T12:14:15.936Z",
              "updatedAt": "2022-07-25T12:14:15.936Z",
              "environment": {
                "sys": {
                  "id": "master",
                  "type": "Link",
                  "linkType": "Environment"
                }
              },
              "revision": 1,
              "contentType": {
                "sys": {
                  "type": "Link",
                  "linkType": "ContentType",
                  "id": "untypedResponse"
                }
              },
              "locale": "nl"
            },
            "fields": {
              "title": "Button to close chat",
              "answerText": {
                "data": {},
                "content": [
                  {
                    "data": {},
                    "content": [
                      {
                        "data": {},
                        "marks": [],
                        "value": "Button to close chat",
                        "nodeType": "text"
                      }
                    ],
                    "nodeType": "paragraph"
                  }
                ],
                "nodeType": "document"
              },
              "attributes": {}
            }
          }
        ],
        "options": [
          {
            "metadata": {
              "tags": []
            },
            "sys": {
              "space": {
                "sys": {
                  "type": "Link",
                  "linkType": "Space",
                  "id": "riy4ayq9brzz"
                }
              },
              "id": "6b9nvwbGLpAdHyC8Oc3Fag",
              "type": "Entry",
              "createdAt": "2022-07-26T16:41:43.772Z",
              "updatedAt": "2022-07-26T16:41:43.772Z",
              "environment": {
                "sys": {
                  "id": "master",
                  "type": "Link",
                  "linkType": "Environment"
                }
              },
              "revision": 1,
              "contentType": {
                "sys": {
                  "type": "Link",
                  "linkType": "ContentType",
                  "id": "botResponseButton"
                }
              },
              "locale": "nl"
            },
            "fields": {
              "title": "Close chat",
              "buttonText": "Close chat",
              "payload": {
                "endChat": true,
                "eventTrack": {
                  "action": "genesys-test-bot-close"
                }
              }
            }
          },
          {
            "metadata": {
              "tags": []
            },
            "sys": {
              "space": {
                "sys": {
                  "type": "Link",
                  "linkType": "Space",
                  "id": "riy4ayq9brzz"
                }
              },
              "id": "5bGoZ7Wzs0eKyinlu8u03d",
              "type": "Entry",
              "createdAt": "2022-07-26T16:41:43.755Z",
              "updatedAt": "2022-07-26T16:41:43.755Z",
              "environment": {
                "sys": {
                  "id": "master",
                  "type": "Link",
                  "linkType": "Environment"
                }
              },
              "revision": 1,
              "contentType": {
                "sys": {
                  "type": "Link",
                  "linkType": "ContentType",
                  "id": "botResponseButton"
                }
              },
              "locale": "nl"
            },
            "fields": {
              "title": "Don't close",
              "buttonText": "Don't close"
            }
          }
        ],
        "event": [
          {
            "metadata": {
              "tags": []
            },
            "sys": {
              "space": {
                "sys": {
                  "type": "Link",
                  "linkType": "Space",
                  "id": "riy4ayq9brzz"
                }
              },
              "id": "1VNtuiXkYDBvNHPjRFpn4f",
              "type": "Entry",
              "createdAt": "2022-07-08T15:14:31.698Z",
              "updatedAt": "2022-09-07T08:43:17.304Z",
              "environment": {
                "sys": {
                  "id": "master",
                  "type": "Link",
                  "linkType": "Environment"
                }
              },
              "revision": 8,
              "contentType": {
                "sys": {
                  "type": "Link",
                  "linkType": "ContentType",
                  "id": "event"
                }
              },
              "locale": "nl"
            },
            "fields": {
              "name": "disableInputField",
              "title": "Invoer veld niet tonen - disableInputField:true",
              "eventAttributes": {
                "payload": {
                  "value": true
                }
              }
            }
          }
        ],
        "nodeId": "node_6_1625836396131"
      }
    }
  ],
  "includes": {
    "Entry": [
      {
        "metadata": {
          "tags": []
        },
        "sys": {
          "space": {
            "sys": {
              "type": "Link",
              "linkType": "Space",
              "id": "riy4ayq9brzz"
            }
          },
          "id": "1VNtuiXkYDBvNHPjRFpn4f",
          "type": "Entry",
          "createdAt": "2022-07-08T15:14:31.698Z",
          "updatedAt": "2022-09-07T08:43:17.304Z",
          "environment": {
            "sys": {
              "id": "master",
              "type": "Link",
              "linkType": "Environment"
            }
          },
          "revision": 8,
          "contentType": {
            "sys": {
              "type": "Link",
              "linkType": "ContentType",
              "id": "event"
            }
          },
          "locale": "nl"
        },
        "fields": {
          "name": "disableInputField",
          "title": "Invoer veld niet tonen - disableInputField:true",
          "eventAttributes": {
            "payload": {
              "value": true
            }
          }
        }
      },
      {
        "metadata": {
          "tags": []
        },
        "sys": {
          "space": {
            "sys": {
              "type": "Link",
              "linkType": "Space",
              "id": "riy4ayq9brzz"
            }
          },
          "id": "23widLDhw7th9opLos1PwH",
          "type": "Entry",
          "createdAt": "2022-07-25T12:14:15.936Z",
          "updatedAt": "2022-07-25T12:14:15.936Z",
          "environment": {
            "sys": {
              "id": "master",
              "type": "Link",
              "linkType": "Environment"
            }
          },
          "revision": 1,
          "contentType": {
            "sys": {
              "type": "Link",
              "linkType": "ContentType",
              "id": "untypedResponse"
            }
          },
          "locale": "nl"
        },
        "fields": {
          "title": "Button to close chat",
          "answerText": {
            "data": {},
            "content": [
              {
                "data": {},
                "content": [
                  {
                    "data": {},
                    "marks": [],
                    "value": "Button to close chat",
                    "nodeType": "text"
                  }
                ],
                "nodeType": "paragraph"
              }
            ],
            "nodeType": "document"
          },
          "attributes": {}
        }
      },
      {
        "metadata": {
          "tags": []
        },
        "sys": {
          "space": {
            "sys": {
              "type": "Link",
              "linkType": "Space",
              "id": "riy4ayq9brzz"
            }
          },
          "id": "5bGoZ7Wzs0eKyinlu8u03d",
          "type": "Entry",
          "createdAt": "2022-07-26T16:41:43.755Z",
          "updatedAt": "2022-07-26T16:41:43.755Z",
          "environment": {
            "sys": {
              "id": "master",
              "type": "Link",
              "linkType": "Environment"
            }
          },
          "revision": 1,
          "contentType": {
            "sys": {
              "type": "Link",
              "linkType": "ContentType",
              "id": "botResponseButton"
            }
          },
          "locale": "nl"
        },
        "fields": {
          "title": "Don't close",
          "buttonText": "Don't close"
        }
      },
      {
        "metadata": {
          "tags": []
        },
        "sys": {
          "space": {
            "sys": {
              "type": "Link",
              "linkType": "Space",
              "id": "riy4ayq9brzz"
            }
          },
          "id": "6b9nvwbGLpAdHyC8Oc3Fag",
          "type": "Entry",
          "createdAt": "2022-07-26T16:41:43.772Z",
          "updatedAt": "2022-07-26T16:41:43.772Z",
          "environment": {
            "sys": {
              "id": "master",
              "type": "Link",
              "linkType": "Environment"
            }
          },
          "revision": 1,
          "contentType": {
            "sys": {
              "type": "Link",
              "linkType": "ContentType",
              "id": "botResponseButton"
            }
          },
          "locale": "nl"
        },
        "fields": {
          "title": "Close chat",
          "buttonText": "Close chat",
          "payload": {
            "endChat": true,
            "eventTrack": {
              "action": "genesys-test-bot-close"
            }
          }
        }
      }
    ]
  }
}
