{
  "sys": {
    "type": "Array"
  },
  "total": 1,
  "skip": 0,
  "limit": 100,
  "items": [
    {
      "metadata": {
        "tags": []
      },
      "sys": {
        "space": {
          "sys": {
            "type": "Link",
            "linkType": "Space",
            "id": "riy4ayq9brzz"
          }
        },
        "id": "5uiK9VZ7BDmATZLvxqVG5m",
        "type": "Entry",
        "createdAt": "2022-07-25T09:43:33.177Z",
        "updatedAt": "2022-07-25T09:43:33.177Z",
        "environment": {
          "sys": {
            "id": "master",
            "type": "Link",
            "linkType": "Environment"
          }
        },
        "revision": 1,
        "contentType": {
          "sys": {
            "type": "Link",
            "linkType": "ContentType",
            "id": "node"
          }
        },
        "locale": "nl"
      },
      "fields": {
        "title": "Buttons",
        "chatbot": "TestBot",
        "skill": "GenesysTestBot",
        "intent": "Components",
        "responses": [
          {
            "metadata": {
              "tags": []
            },
            "sys": {
              "space": {
                "sys": {
                  "type": "Link",
                  "linkType": "Space",
                  "id": "riy4ayq9brzz"
                }
              },
              "id": "6EO270Gk3MibgfHWYZa05J",
              "type": "Entry",
              "createdAt": "2022-07-25T12:14:14.879Z",
              "updatedAt": "2023-04-17T09:19:15.823Z",
              "environment": {
                "sys": {
                  "id": "master",
                  "type": "Link",
                  "linkType": "Environment"
                }
              },
              "revision": 3,
              "contentType": {
                "sys": {
                  "type": "Link",
                  "linkType": "ContentType",
                  "id": "untypedResponse"
                }
              },
              "locale": "nl"
            },
            "fields": {
              "title": "These are some suggested actions (voorgestelde",
              "type": "Question",
              "answerText": {
                "nodeType": "document",
                "data": {},
                "content": [
                  {
                    "nodeType": "paragraph",
                    "data": {},
                    "content": [
                      {
                        "nodeType": "text",
                        "value": "Smile, you're on camera :)",
                        "marks": [],
                        "data": {}
                      }
                    ]
                  }
                ]
              },
              "attributes": {}
            }
          }
        ],
        "options": [
          {
            "metadata": {
              "tags": []
            },
            "sys": {
              "space": {
                "sys": {
                  "type": "Link",
                  "linkType": "Space",
                  "id": "riy4ayq9brzz"
                }
              },
              "id": "51VDPxA1kKGmhiXU8QpCcZ",
              "type": "Entry",
              "createdAt": "2022-07-26T16:41:35.447Z",
              "updatedAt": "2022-07-26T16:41:35.447Z",
              "environment": {
                "sys": {
                  "id": "master",
                  "type": "Link",
                  "linkType": "Environment"
                }
              },
              "revision": 1,
              "contentType": {
                "sys": {
                  "type": "Link",
                  "linkType": "ContentType",
                  "id": "botResponseButton"
                }
              },
              "locale": "nl"
            },
            "fields": {
              "title": "Incredible long suggested action",
              "buttonText": "Incredible longsuggestedaction"
            }
          },
          {
            "metadata": {
              "tags": []
            },
            "sys": {
              "space": {
                "sys": {
                  "type": "Link",
                  "linkType": "Space",
                  "id": "riy4ayq9brzz"
                }
              },
              "id": "6pT8FMrYUCDqA5NhcEsOEx",
              "type": "Entry",
              "createdAt": "2022-07-26T16:40:59.690Z",
              "updatedAt": "2022-07-26T16:40:59.690Z",
              "environment": {
                "sys": {
                  "id": "master",
                  "type": "Link",
                  "linkType": "Environment"
                }
              },
              "revision": 1,
              "contentType": {
                "sys": {
                  "type": "Link",
                  "linkType": "ContentType",
                  "id": "botResponseButton"
                }
              },
              "locale": "nl"
            },
            "fields": {
              "title": "Rainbow pill",
              "buttonText": "Rainbow pill"
            }
          },
          {
            "metadata": {
              "tags": []
            },
            "sys": {
              "space": {
                "sys": {
                  "type": "Link",
                  "linkType": "Space",
                  "id": "riy4ayq9brzz"
                }
              },
              "id": "4xmCuFgEHudim9wGTsNc9K",
              "type": "Entry",
              "createdAt": "2022-07-26T16:40:59.667Z",
              "updatedAt": "2022-07-26T16:40:59.667Z",
              "environment": {
                "sys": {
                  "id": "master",
                  "type": "Link",
                  "linkType": "Environment"
                }
              },
              "revision": 1,
              "contentType": {
                "sys": {
                  "type": "Link",
                  "linkType": "ContentType",
                  "id": "botResponseButton"
                }
              },
              "locale": "nl"
            },
            "fields": {
              "title": "Crazy pill",
              "buttonText": "Crazy pill"
            }
          },
          {
            "metadata": {
              "tags": []
            },
            "sys": {
              "space": {
                "sys": {
                  "type": "Link",
                  "linkType": "Space",
                  "id": "riy4ayq9brzz"
                }
              },
              "id": "46VxLWtQ4DesHmuKTS7I9h",
              "type": "Entry",
              "createdAt": "2022-07-26T16:40:59.647Z",
              "updatedAt": "2022-07-26T16:40:59.647Z",
              "environment": {
                "sys": {
                  "id": "master",
                  "type": "Link",
                  "linkType": "Environment"
                }
              },
              "revision": 1,
              "contentType": {
                "sys": {
                  "type": "Link",
                  "linkType": "ContentType",
                  "id": "botResponseButton"
                }
              },
              "locale": "nl"
            },
            "fields": {
              "title": "Purple pill",
              "buttonText": "Purple pill"
            }
          },
          {
            "metadata": {
              "tags": []
            },
            "sys": {
              "space": {
                "sys": {
                  "type": "Link",
                  "linkType": "Space",
                  "id": "riy4ayq9brzz"
                }
              },
              "id": "66LWFstX06UdsfpVJRNXhq",
              "type": "Entry",
              "createdAt": "2022-07-26T16:41:43.944Z",
              "updatedAt": "2022-07-26T16:41:43.944Z",
              "environment": {
                "sys": {
                  "id": "master",
                  "type": "Link",
                  "linkType": "Environment"
                }
              },
              "revision": 1,
              "contentType": {
                "sys": {
                  "type": "Link",
                  "linkType": "ContentType",
                  "id": "botResponseButton"
                }
              },
              "locale": "nl"
            },
            "fields": {
              "title": "Red pill",
              "buttonText": "Red pill"
            }
          },
          {
            "metadata": {
              "tags": []
            },
            "sys": {
              "space": {
                "sys": {
                  "type": "Link",
                  "linkType": "Space",
                  "id": "riy4ayq9brzz"
                }
              },
              "id": "2SVfJcV88COJL1wJEoI5O8",
              "type": "Entry",
              "createdAt": "2022-07-26T16:41:43.923Z",
              "updatedAt": "2022-07-26T16:41:43.923Z",
              "environment": {
                "sys": {
                  "id": "master",
                  "type": "Link",
                  "linkType": "Environment"
                }
              },
              "revision": 1,
              "contentType": {
                "sys": {
                  "type": "Link",
                  "linkType": "ContentType",
                  "id": "botResponseButton"
                }
              },
              "locale": "nl"
            },
            "fields": {
              "title": "Blue pill",
              "buttonText": "Blue pill"
            }
          },
          {
            "metadata": {
              "tags": []
            },
            "sys": {
              "space": {
                "sys": {
                  "type": "Link",
                  "linkType": "Space",
                  "id": "riy4ayq9brzz"
                }
              },
              "id": "KrQGMsQZL2YaeJatO7SKd",
              "type": "Entry",
              "createdAt": "2022-07-26T16:41:43.907Z",
              "updatedAt": "2022-07-26T16:41:43.907Z",
              "environment": {
                "sys": {
                  "id": "master",
                  "type": "Link",
                  "linkType": "Environment"
                }
              },
              "revision": 1,
              "contentType": {
                "sys": {
                  "type": "Link",
                  "linkType": "ContentType",
                  "id": "botResponseButton"
                }
              },
              "locale": "nl"
            },
            "fields": {
              "title": "Yellow pill",
              "buttonText": "Yellow pill",
              "payload": {
                "primary": true
              }
            }
          }
        ],
        "event": [
          {
            "metadata": {
              "tags": []
            },
            "sys": {
              "space": {
                "sys": {
                  "type": "Link",
                  "linkType": "Space",
                  "id": "riy4ayq9brzz"
                }
              },
              "id": "1VNtuiXkYDBvNHPjRFpn4f",
              "type": "Entry",
              "createdAt": "2022-07-08T15:14:31.698Z",
              "updatedAt": "2022-09-07T08:43:17.304Z",
              "environment": {
                "sys": {
                  "id": "master",
                  "type": "Link",
                  "linkType": "Environment"
                }
              },
              "revision": 8,
              "contentType": {
                "sys": {
                  "type": "Link",
                  "linkType": "ContentType",
                  "id": "event"
                }
              },
              "locale": "nl"
            },
            "fields": {
              "name": "disableInputField",
              "title": "Invoer veld niet tonen - disableInputField:true",
              "eventAttributes": {
                "payload": {
                  "value": true
                }
              }
            }
          }
        ],
        "nodeId": "node_8_1584543853740"
      }
    }
  ],
  "includes": {
    "Entry": [
      {
        "metadata": {
          "tags": []
        },
        "sys": {
          "space": {
            "sys": {
              "type": "Link",
              "linkType": "Space",
              "id": "riy4ayq9brzz"
            }
          },
          "id": "1VNtuiXkYDBvNHPjRFpn4f",
          "type": "Entry",
          "createdAt": "2022-07-08T15:14:31.698Z",
          "updatedAt": "2022-09-07T08:43:17.304Z",
          "environment": {
            "sys": {
              "id": "master",
              "type": "Link",
              "linkType": "Environment"
            }
          },
          "revision": 8,
          "contentType": {
            "sys": {
              "type": "Link",
              "linkType": "ContentType",
              "id": "event"
            }
          },
          "locale": "nl"
        },
        "fields": {
          "name": "disableInputField",
          "title": "Invoer veld niet tonen - disableInputField:true",
          "eventAttributes": {
            "payload": {
              "value": true
            }
          }
        }
      },
      {
        "metadata": {
          "tags": []
        },
        "sys": {
          "space": {
            "sys": {
              "type": "Link",
              "linkType": "Space",
              "id": "riy4ayq9brzz"
            }
          },
          "id": "2SVfJcV88COJL1wJEoI5O8",
          "type": "Entry",
          "createdAt": "2022-07-26T16:41:43.923Z",
          "updatedAt": "2022-07-26T16:41:43.923Z",
          "environment": {
            "sys": {
              "id": "master",
              "type": "Link",
              "linkType": "Environment"
            }
          },
          "revision": 1,
          "contentType": {
            "sys": {
              "type": "Link",
              "linkType": "ContentType",
              "id": "botResponseButton"
            }
          },
          "locale": "nl"
        },
        "fields": {
          "title": "Blue pill",
          "buttonText": "Blue pill"
        }
      },
      {
        "metadata": {
          "tags": []
        },
        "sys": {
          "space": {
            "sys": {
              "type": "Link",
              "linkType": "Space",
              "id": "riy4ayq9brzz"
            }
          },
          "id": "46VxLWtQ4DesHmuKTS7I9h",
          "type": "Entry",
          "createdAt": "2022-07-26T16:40:59.647Z",
          "updatedAt": "2022-07-26T16:40:59.647Z",
          "environment": {
            "sys": {
              "id": "master",
              "type": "Link",
              "linkType": "Environment"
            }
          },
          "revision": 1,
          "contentType": {
            "sys": {
              "type": "Link",
              "linkType": "ContentType",
              "id": "botResponseButton"
            }
          },
          "locale": "nl"
        },
        "fields": {
          "title": "Purple pill",
          "buttonText": "Purple pill"
        }
      },
      {
        "metadata": {
          "tags": []
        },
        "sys": {
          "space": {
            "sys": {
              "type": "Link",
              "linkType": "Space",
              "id": "riy4ayq9brzz"
            }
          },
          "id": "4xmCuFgEHudim9wGTsNc9K",
          "type": "Entry",
          "createdAt": "2022-07-26T16:40:59.667Z",
          "updatedAt": "2022-07-26T16:40:59.667Z",
          "environment": {
            "sys": {
              "id": "master",
              "type": "Link",
              "linkType": "Environment"
            }
          },
          "revision": 1,
          "contentType": {
            "sys": {
              "type": "Link",
              "linkType": "ContentType",
              "id": "botResponseButton"
            }
          },
          "locale": "nl"
        },
        "fields": {
          "title": "Crazy pill",
          "buttonText": "Crazy pill"
        }
      },
      {
        "metadata": {
          "tags": []
        },
        "sys": {
          "space": {
            "sys": {
              "type": "Link",
              "linkType": "Space",
              "id": "riy4ayq9brzz"
            }
          },
          "id": "51VDPxA1kKGmhiXU8QpCcZ",
          "type": "Entry",
          "createdAt": "2022-07-26T16:41:35.447Z",
          "updatedAt": "2022-07-26T16:41:35.447Z",
          "environment": {
            "sys": {
              "id": "master",
              "type": "Link",
              "linkType": "Environment"
            }
          },
          "revision": 1,
          "contentType": {
            "sys": {
              "type": "Link",
              "linkType": "ContentType",
              "id": "botResponseButton"
            }
          },
          "locale": "nl"
        },
        "fields": {
          "title": "Incredible long suggested action",
          "buttonText": "Incredible longsuggestedaction"
        }
      },
      {
        "metadata": {
          "tags": []
        },
        "sys": {
          "space": {
            "sys": {
              "type": "Link",
              "linkType": "Space",
              "id": "riy4ayq9brzz"
            }
          },
          "id": "66LWFstX06UdsfpVJRNXhq",
          "type": "Entry",
          "createdAt": "2022-07-26T16:41:43.944Z",
          "updatedAt": "2022-07-26T16:41:43.944Z",
          "environment": {
            "sys": {
              "id": "master",
              "type": "Link",
              "linkType": "Environment"
            }
          },
          "revision": 1,
          "contentType": {
            "sys": {
              "type": "Link",
              "linkType": "ContentType",
              "id": "botResponseButton"
            }
          },
          "locale": "nl"
        },
        "fields": {
          "title": "Red pill",
          "buttonText": "Red pill"
        }
      },
      {
        "metadata": {
          "tags": []
        },
        "sys": {
          "space": {
            "sys": {
              "type": "Link",
              "linkType": "Space",
              "id": "riy4ayq9brzz"
            }
          },
          "id": "6EO270Gk3MibgfHWYZa05J",
          "type": "Entry",
          "createdAt": "2022-07-25T12:14:14.879Z",
          "updatedAt": "2023-04-17T09:19:15.823Z",
          "environment": {
            "sys": {
              "id": "master",
              "type": "Link",
              "linkType": "Environment"
            }
          },
          "revision": 3,
          "contentType": {
            "sys": {
              "type": "Link",
              "linkType": "ContentType",
              "id": "untypedResponse"
            }
          },
          "locale": "nl"
        },
        "fields": {
          "title": "These are some suggested actions (voorgestelde",
          "type": "Question",
          "answerText": {
            "nodeType": "document",
            "data": {},
            "content": [
              {
                "nodeType": "paragraph",
                "data": {},
                "content": [
                  {
                    "nodeType": "text",
                    "value": "Smile, you're on camera :)",
                    "marks": [],
                    "data": {}
                  }
                ]
              }
            ]
          },
          "attributes": {}
        }
      },
      {
        "metadata": {
          "tags": []
        },
        "sys": {
          "space": {
            "sys": {
              "type": "Link",
              "linkType": "Space",
              "id": "riy4ayq9brzz"
            }
          },
          "id": "6pT8FMrYUCDqA5NhcEsOEx",
          "type": "Entry",
          "createdAt": "2022-07-26T16:40:59.690Z",
          "updatedAt": "2022-07-26T16:40:59.690Z",
          "environment": {
            "sys": {
              "id": "master",
              "type": "Link",
              "linkType": "Environment"
            }
          },
          "revision": 1,
          "contentType": {
            "sys": {
              "type": "Link",
              "linkType": "ContentType",
              "id": "botResponseButton"
            }
          },
          "locale": "nl"
        },
        "fields": {
          "title": "Rainbow pill",
          "buttonText": "Rainbow pill"
        }
      },
      {
        "metadata": {
          "tags": []
        },
        "sys": {
          "space": {
            "sys": {
              "type": "Link",
              "linkType": "Space",
              "id": "riy4ayq9brzz"
            }
          },
          "id": "KrQGMsQZL2YaeJatO7SKd",
          "type": "Entry",
          "createdAt": "2022-07-26T16:41:43.907Z",
          "updatedAt": "2022-07-26T16:41:43.907Z",
          "environment": {
            "sys": {
              "id": "master",
              "type": "Link",
              "linkType": "Environment"
            }
          },
          "revision": 1,
          "contentType": {
            "sys": {
              "type": "Link",
              "linkType": "ContentType",
              "id": "botResponseButton"
            }
          },
          "locale": "nl"
        },
        "fields": {
          "title": "Yellow pill",
          "buttonText": "Yellow pill",
          "payload": {
            "primary": true
          }
        }
      }
    ]
  }
}
