{
  "sys": {
    "type": "Array"
  },
  "total": 1,
  "skip": 0,
  "limit": 100,
  "items": [
    {
      "metadata": {
        "tags": []
      },
      "sys": {
        "space": {
          "sys": {
            "type": "Link",
            "linkType": "Space",
            "id": "riy4ayq9brzz"
          }
        },
        "id": "6h5vGf5JuR1UMsDi9LsZ8L",
        "type": "Entry",
        "createdAt": "2022-08-19T06:45:53.208Z",
        "updatedAt": "2022-08-19T06:45:53.208Z",
        "environment": {
          "sys": {
            "id": "master",
            "type": "Link",
            "linkType": "Environment"
          }
        },
        "revision": 1,
        "contentType": {
          "sys": {
            "type": "Link",
            "linkType": "ContentType",
            "id": "node"
          }
        },
        "locale": "nl"
      },
      "fields": {
        "title": "Handover to livechat: not logged in (new)",
        "chatbot": "Retail",
        "skill": "Masterflow",
        "intent": "Livechat transfers",
        "responses": [
          {
            "metadata": {
              "tags": []
            },
            "sys": {
              "space": {
                "sys": {
                  "type": "Link",
                  "linkType": "Space",
                  "id": "riy4ayq9brzz"
                }
              },
              "id": "35KiEq8kKmFM1jdFatUueH",
              "type": "Entry",
              "createdAt": "2022-08-19T06:45:21.776Z",
              "updatedAt": "2022-08-19T12:25:12.495Z",
              "environment": {
                "sys": {
                  "id": "master",
                  "type": "Link",
                  "linkType": "Environment"
                }
              },
              "revision": 2,
              "contentType": {
                "sys": {
                  "type": "Link",
                  "linkType": "ContentType",
                  "id": "response"
                }
              },
              "locale": "nl"
            },
            "fields": {
              "title": "Goed. Log wel eerst in alstublieft.",
              "answerText": {
                "data": {},
                "content": [
                  {
                    "data": {},
                    "content": [
                      {
                        "data": {},
                        "marks": [],
                        "value": "Goed. Log wel eerst in alstublieft. Dan pakken wij uw gegevens erbij. Zo kan de medewerker u beter helpen.",
                        "nodeType": "text"
                      }
                    ],
                    "nodeType": "paragraph"
                  }
                ],
                "nodeType": "document"
              },
              "genericLevel": "Chat only"
            }
          },
          {
            "metadata": {
              "tags": []
            },
            "sys": {
              "space": {
                "sys": {
                  "type": "Link",
                  "linkType": "Space",
                  "id": "riy4ayq9brzz"
                }
              },
              "id": "1fshzF3BAdsUyJlfTcKLIn",
              "type": "Entry",
              "createdAt": "2022-08-09T14:06:53.687Z",
              "updatedAt": "2022-08-09T14:06:53.687Z",
              "environment": {
                "sys": {
                  "id": "master",
                  "type": "Link",
                  "linkType": "Environment"
                }
              },
              "revision": 1,
              "contentType": {
                "sys": {
                  "type": "Link",
                  "linkType": "ContentType",
                  "id": "untypedResponse"
                }
              },
              "locale": "nl"
            },
            "fields": {
              "title": "Als u niet inlogt, kan de",
              "answerText": {
                "data": {},
                "content": [
                  {
                    "data": {},
                    "content": [
                      {
                        "data": {},
                        "marks": [],
                        "value": "Als u niet inlogt, kan de medewerker alleen een algemeen antwoord geven.",
                        "nodeType": "text"
                      }
                    ],
                    "nodeType": "paragraph"
                  }
                ],
                "nodeType": "document"
              },
              "attributes": {}
            }
          },
          {
            "metadata": {
              "tags": []
            },
            "sys": {
              "space": {
                "sys": {
                  "type": "Link",
                  "linkType": "Space",
                  "id": "riy4ayq9brzz"
                }
              },
              "id": "2jlLedSHQxEOcAy7DD2b8v",
              "type": "Entry",
              "createdAt": "2022-08-09T14:06:53.758Z",
              "updatedAt": "2023-02-02T12:02:56.476Z",
              "environment": {
                "sys": {
                  "id": "master",
                  "type": "Link",
                  "linkType": "Environment"
                }
              },
              "revision": 2,
              "contentType": {
                "sys": {
                  "type": "Link",
                  "linkType": "ContentType",
                  "id": "untypedResponse"
                }
              },
              "locale": "nl"
            },
            "fields": {
              "title": "U kunt inloggen zoals u gewend",
              "type": "Instructional answer",
              "answerText": {
                "data": {},
                "content": [
                  {
                    "data": {},
                    "content": [
                      {
                        "data": {},
                        "marks": [],
                        "value": "U kunt inloggen zoals u gewend bent.",
                        "nodeType": "text"
                      }
                    ],
                    "nodeType": "paragraph"
                  }
                ],
                "nodeType": "document"
              },
              "attributes": {}
            }
          }
        ],
        "options": [
          {
            "metadata": {
              "tags": []
            },
            "sys": {
              "space": {
                "sys": {
                  "type": "Link",
                  "linkType": "Space",
                  "id": "riy4ayq9brzz"
                }
              },
              "id": "7dIqvu8n6zXs60KaqrqTPp",
              "type": "Entry",
              "createdAt": "2022-08-09T15:07:06.168Z",
              "updatedAt": "2022-08-15T16:29:57.155Z",
              "environment": {
                "sys": {
                  "id": "master",
                  "type": "Link",
                  "linkType": "Environment"
                }
              },
              "revision": 3,
              "contentType": {
                "sys": {
                  "type": "Link",
                  "linkType": "ContentType",
                  "id": "botResponseButton"
                }
              },
              "locale": "nl"
            },
            "fields": {
              "title": "Knop: Inloggen - met redirect naar inlogpagina",
              "buttonText": "Inloggen",
              "genericLevel": "Chat only",
              "payload": {
                "icon": "sy-tools-lock",
                "webUrl": "/portal/mijn-abnamro/authenticatie/inloggen/index.html",
                "primary": true
              }
            }
          },
          {
            "metadata": {
              "tags": []
            },
            "sys": {
              "space": {
                "sys": {
                  "type": "Link",
                  "linkType": "Space",
                  "id": "riy4ayq9brzz"
                }
              },
              "id": "75Piu6WqU3fQzwcBFhR0mg",
              "type": "Entry",
              "createdAt": "2022-08-09T14:07:17.969Z",
              "updatedAt": "2022-08-09T14:07:17.969Z",
              "environment": {
                "sys": {
                  "id": "master",
                  "type": "Link",
                  "linkType": "Environment"
                }
              },
              "revision": 1,
              "contentType": {
                "sys": {
                  "type": "Link",
                  "linkType": "ContentType",
                  "id": "botResponseButton"
                }
              },
              "locale": "nl"
            },
            "fields": {
              "title": "Niet inloggen",
              "buttonText": "Niet inloggen",
              "genericLevel": "Chat only",
              "payload": {
                "removeSessionStorage": "awaitLogin"
              }
            }
          }
        ],
        "event": [
          {
            "metadata": {
              "tags": []
            },
            "sys": {
              "space": {
                "sys": {
                  "type": "Link",
                  "linkType": "Space",
                  "id": "riy4ayq9brzz"
                }
              },
              "id": "1VNtuiXkYDBvNHPjRFpn4f",
              "type": "Entry",
              "createdAt": "2022-07-08T15:14:31.698Z",
              "updatedAt": "2022-09-07T08:43:17.304Z",
              "environment": {
                "sys": {
                  "id": "master",
                  "type": "Link",
                  "linkType": "Environment"
                }
              },
              "revision": 8,
              "contentType": {
                "sys": {
                  "type": "Link",
                  "linkType": "ContentType",
                  "id": "event"
                }
              },
              "locale": "nl"
            },
            "fields": {
              "name": "disableInputField",
              "title": "Invoer veld niet tonen - disableInputField:true",
              "eventAttributes": {
                "payload": {
                  "value": true
                }
              }
            }
          },
          {
            "metadata": {
              "tags": []
            },
            "sys": {
              "space": {
                "sys": {
                  "type": "Link",
                  "linkType": "Space",
                  "id": "riy4ayq9brzz"
                }
              },
              "id": "5vHkFQk1o2FR0RpnEv3T6S",
              "type": "Entry",
              "createdAt": "2022-08-09T14:06:53.647Z",
              "updatedAt": "2022-08-09T14:06:53.647Z",
              "environment": {
                "sys": {
                  "id": "master",
                  "type": "Link",
                  "linkType": "Environment"
                }
              },
              "revision": 1,
              "contentType": {
                "sys": {
                  "type": "Link",
                  "linkType": "ContentType",
                  "id": "event"
                }
              },
              "locale": "nl"
            },
            "fields": {
              "name": "setSessionStorage",
              "title": "setSessionStorage",
              "eventAttributes": {
                "response_type": "event",
                "name": "setSessionStorage",
                "payload": {
                  "awaitLogin": "<?$livechat_endpoint?>"
                }
              }
            }
          }
        ],
        "nodeId": "node_1_1601465254338"
      }
    }
  ],
  "includes": {
    "Entry": [
      {
        "metadata": {
          "tags": []
        },
        "sys": {
          "space": {
            "sys": {
              "type": "Link",
              "linkType": "Space",
              "id": "riy4ayq9brzz"
            }
          },
          "id": "1VNtuiXkYDBvNHPjRFpn4f",
          "type": "Entry",
          "createdAt": "2022-07-08T15:14:31.698Z",
          "updatedAt": "2022-09-07T08:43:17.304Z",
          "environment": {
            "sys": {
              "id": "master",
              "type": "Link",
              "linkType": "Environment"
            }
          },
          "revision": 8,
          "contentType": {
            "sys": {
              "type": "Link",
              "linkType": "ContentType",
              "id": "event"
            }
          },
          "locale": "nl"
        },
        "fields": {
          "name": "disableInputField",
          "title": "Invoer veld niet tonen - disableInputField:true",
          "eventAttributes": {
            "payload": {
              "value": true
            }
          }
        }
      },
      {
        "metadata": {
          "tags": []
        },
        "sys": {
          "space": {
            "sys": {
              "type": "Link",
              "linkType": "Space",
              "id": "riy4ayq9brzz"
            }
          },
          "id": "1fshzF3BAdsUyJlfTcKLIn",
          "type": "Entry",
          "createdAt": "2022-08-09T14:06:53.687Z",
          "updatedAt": "2022-08-09T14:06:53.687Z",
          "environment": {
            "sys": {
              "id": "master",
              "type": "Link",
              "linkType": "Environment"
            }
          },
          "revision": 1,
          "contentType": {
            "sys": {
              "type": "Link",
              "linkType": "ContentType",
              "id": "untypedResponse"
            }
          },
          "locale": "nl"
        },
        "fields": {
          "title": "Als u niet inlogt, kan de",
          "answerText": {
            "data": {},
            "content": [
              {
                "data": {},
                "content": [
                  {
                    "data": {},
                    "marks": [],
                    "value": "Als u niet inlogt, kan de medewerker alleen een algemeen antwoord geven.",
                    "nodeType": "text"
                  }
                ],
                "nodeType": "paragraph"
              }
            ],
            "nodeType": "document"
          },
          "attributes": {}
        }
      },
      {
        "metadata": {
          "tags": []
        },
        "sys": {
          "space": {
            "sys": {
              "type": "Link",
              "linkType": "Space",
              "id": "riy4ayq9brzz"
            }
          },
          "id": "2jlLedSHQxEOcAy7DD2b8v",
          "type": "Entry",
          "createdAt": "2022-08-09T14:06:53.758Z",
          "updatedAt": "2023-02-02T12:02:56.476Z",
          "environment": {
            "sys": {
              "id": "master",
              "type": "Link",
              "linkType": "Environment"
            }
          },
          "revision": 2,
          "contentType": {
            "sys": {
              "type": "Link",
              "linkType": "ContentType",
              "id": "untypedResponse"
            }
          },
          "locale": "nl"
        },
        "fields": {
          "title": "U kunt inloggen zoals u gewend",
          "type": "Instructional answer",
          "answerText": {
            "data": {},
            "content": [
              {
                "data": {},
                "content": [
                  {
                    "data": {},
                    "marks": [],
                    "value": "U kunt inloggen zoals u gewend bent.",
                    "nodeType": "text"
                  }
                ],
                "nodeType": "paragraph"
              }
            ],
            "nodeType": "document"
          },
          "attributes": {}
        }
      },
      {
        "metadata": {
          "tags": []
        },
        "sys": {
          "space": {
            "sys": {
              "type": "Link",
              "linkType": "Space",
              "id": "riy4ayq9brzz"
            }
          },
          "id": "35KiEq8kKmFM1jdFatUueH",
          "type": "Entry",
          "createdAt": "2022-08-19T06:45:21.776Z",
          "updatedAt": "2022-08-19T12:25:12.495Z",
          "environment": {
            "sys": {
              "id": "master",
              "type": "Link",
              "linkType": "Environment"
            }
          },
          "revision": 2,
          "contentType": {
            "sys": {
              "type": "Link",
              "linkType": "ContentType",
              "id": "response"
            }
          },
          "locale": "nl"
        },
        "fields": {
          "title": "Goed. Log wel eerst in alstublieft.",
          "answerText": {
            "data": {},
            "content": [
              {
                "data": {},
                "content": [
                  {
                    "data": {},
                    "marks": [],
                    "value": "Goed. Log wel eerst in alstublieft. Dan pakken wij uw gegevens erbij. Zo kan de medewerker u beter helpen.",
                    "nodeType": "text"
                  }
                ],
                "nodeType": "paragraph"
              }
            ],
            "nodeType": "document"
          },
          "genericLevel": "Chat only"
        }
      },
      {
        "metadata": {
          "tags": []
        },
        "sys": {
          "space": {
            "sys": {
              "type": "Link",
              "linkType": "Space",
              "id": "riy4ayq9brzz"
            }
          },
          "id": "5vHkFQk1o2FR0RpnEv3T6S",
          "type": "Entry",
          "createdAt": "2022-08-09T14:06:53.647Z",
          "updatedAt": "2022-08-09T14:06:53.647Z",
          "environment": {
            "sys": {
              "id": "master",
              "type": "Link",
              "linkType": "Environment"
            }
          },
          "revision": 1,
          "contentType": {
            "sys": {
              "type": "Link",
              "linkType": "ContentType",
              "id": "event"
            }
          },
          "locale": "nl"
        },
        "fields": {
          "name": "setSessionStorage",
          "title": "setSessionStorage",
          "eventAttributes": {
            "response_type": "event",
            "name": "setSessionStorage",
            "payload": {
              "awaitLogin": "<?$livechat_endpoint?>"
            }
          }
        }
      },
      {
        "metadata": {
          "tags": []
        },
        "sys": {
          "space": {
            "sys": {
              "type": "Link",
              "linkType": "Space",
              "id": "riy4ayq9brzz"
            }
          },
          "id": "75Piu6WqU3fQzwcBFhR0mg",
          "type": "Entry",
          "createdAt": "2022-08-09T14:07:17.969Z",
          "updatedAt": "2022-08-09T14:07:17.969Z",
          "environment": {
            "sys": {
              "id": "master",
              "type": "Link",
              "linkType": "Environment"
            }
          },
          "revision": 1,
          "contentType": {
            "sys": {
              "type": "Link",
              "linkType": "ContentType",
              "id": "botResponseButton"
            }
          },
          "locale": "nl"
        },
        "fields": {
          "title": "Niet inloggen",
          "buttonText": "Niet inloggen",
          "genericLevel": "Chat only",
          "payload": {
            "removeSessionStorage": "awaitLogin"
          }
        }
      },
      {
        "metadata": {
          "tags": []
        },
        "sys": {
          "space": {
            "sys": {
              "type": "Link",
              "linkType": "Space",
              "id": "riy4ayq9brzz"
            }
          },
          "id": "7dIqvu8n6zXs60KaqrqTPp",
          "type": "Entry",
          "createdAt": "2022-08-09T15:07:06.168Z",
          "updatedAt": "2022-08-15T16:29:57.155Z",
          "environment": {
            "sys": {
              "id": "master",
              "type": "Link",
              "linkType": "Environment"
            }
          },
          "revision": 3,
          "contentType": {
            "sys": {
              "type": "Link",
              "linkType": "ContentType",
              "id": "botResponseButton"
            }
          },
          "locale": "nl"
        },
        "fields": {
          "title": "Knop: Inloggen - met redirect naar inlogpagina",
          "buttonText": "Inloggen",
          "genericLevel": "Chat only",
          "payload": {
            "icon": "sy-tools-lock",
            "webUrl": "/portal/mijn-abnamro/authenticatie/inloggen/index.html",
            "primary": true
          }
        }
      }
    ]
  }
}
