{
  "sys": {
    "type": "Array"
  },
  "total": 1,
  "skip": 0,
  "limit": 100,
  "items": [
    {
      "metadata": {
        "tags": []
      },
      "sys": {
        "space": {
          "sys": {
            "type": "Link",
            "linkType": "Space",
            "id": "riy4ayq9brzz"
          }
        },
        "id": "4IVniXycoMBgitmxuZ361f",
        "type": "Entry",
        "createdAt": "2023-09-08T09:05:20.386Z",
        "updatedAt": "2023-09-08T13:50:51.235Z",
        "environment": {
          "sys": {
            "id": "master",
            "type": "Link",
            "linkType": "Environment"
          }
        },
        "revision": 5,
        "contentType": {
          "sys": {
            "type": "Link",
            "linkType": "ContentType",
            "id": "node"
          }
        },
        "locale": "nl"
      },
      "fields": {
        "title": "Connect me test bot",
        "chatbot": "TestBot",
        "skill": "GenesysTestBot",
        "intent": "Components",
        "responses": [
          {
            "metadata": {
              "tags": []
            },
            "sys": {
              "space": {
                "sys": {
                  "type": "Link",
                  "linkType": "Space",
                  "id": "riy4ayq9brzz"
                }
              },
              "id": "3bLHheWnLUIU85RqyKVgxx",
              "type": "Entry",
              "createdAt": "2023-09-08T09:08:30.958Z",
              "updatedAt": "2023-09-08T09:19:24.621Z",
              "environment": {
                "sys": {
                  "id": "master",
                  "type": "Link",
                  "linkType": "Environment"
                }
              },
              "revision": 2,
              "contentType": {
                "sys": {
                  "type": "Link",
                  "linkType": "ContentType",
                  "id": "goodToKnow"
                }
              },
              "locale": "nl"
            },
            "fields": {
              "title": "Instant video + connect me teams test url for agent",
              "answerText": {
                "data": {},
                "content": [
                  {
                    "data": {},
                    "content": [
                      {
                        "data": {},
                        "marks": [],
                        "value": "De teams meeting is hier te vinden: https:",
                        "nodeType": "text"
                      },
                      {
                        "data": {},
                        "marks": [],
                        "value": "//www.abnamro.nl",
                        "nodeType": "text"
                      }
                    ],
                    "nodeType": "paragraph"
                  }
                ],
                "nodeType": "document"
              },
              "genericLevel": "Chat only",
              "attributes": {
                "isHidden": true
              }
            }
          }
        ],
        "event": [
          {
            "metadata": {
              "tags": []
            },
            "sys": {
              "space": {
                "sys": {
                  "type": "Link",
                  "linkType": "Space",
                  "id": "riy4ayq9brzz"
                }
              },
              "id": "35lza2HoMiNP2mwSK97Scq",
              "type": "Entry",
              "createdAt": "2023-09-08T09:06:54.820Z",
              "updatedAt": "2023-09-08T09:26:46.859Z",
              "environment": {
                "sys": {
                  "id": "master",
                  "type": "Link",
                  "linkType": "Environment"
                }
              },
              "revision": 3,
              "contentType": {
                "sys": {
                  "type": "Link",
                  "linkType": "ContentType",
                  "id": "event"
                }
              },
              "locale": "nl"
            },
            "fields": {
              "name": "overwriteWaitingMessage",
              "title": "Instant video + connect me test waiting overwrite",
              "eventAttributes": {
                "payload": {
                  "value": "Uw Beeldbankieren gesprek start binnen **enkele minuten**."
                }
              }
            }
          },
          {
            "metadata": {
              "tags": []
            },
            "sys": {
              "space": {
                "sys": {
                  "type": "Link",
                  "linkType": "Space",
                  "id": "riy4ayq9brzz"
                }
              },
              "id": "2CzWYaZhXBIUm5yJ2rwqMD",
              "type": "Entry",
              "createdAt": "2023-09-08T09:07:36.121Z",
              "updatedAt": "2023-09-08T09:42:01.264Z",
              "environment": {
                "sys": {
                  "id": "master",
                  "type": "Link",
                  "linkType": "Environment"
                }
              },
              "revision": 3,
              "contentType": {
                "sys": {
                  "type": "Link",
                  "linkType": "ContentType",
                  "id": "event"
                }
              },
              "locale": "nl"
            },
            "fields": {
              "name": "liveAgentTransfer",
              "title": "Instant video + Connect me test agent transfer",
              "eventAttributes": {
                "name": "liveAgentTransfer",
                "payload": {
                  "chatSubject": "default"
                },
                "response_type": "event"
              }
            }
          },
          {
            "metadata": {
              "tags": []
            },
            "sys": {
              "space": {
                "sys": {
                  "type": "Link",
                  "linkType": "Space",
                  "id": "riy4ayq9brzz"
                }
              },
              "id": "7wGcClRZRqNKaDVvBtLlkD",
              "type": "Entry",
              "createdAt": "2023-09-08T09:05:17.096Z",
              "updatedAt": "2023-09-08T09:23:36.970Z",
              "environment": {
                "sys": {
                  "id": "master",
                  "type": "Link",
                  "linkType": "Environment"
                }
              },
              "revision": 2,
              "contentType": {
                "sys": {
                  "type": "Link",
                  "linkType": "ContentType",
                  "id": "event"
                }
              },
              "locale": "nl"
            },
            "fields": {
              "name": "connectMe",
              "title": "Start connect me",
              "eventAttributes": {
                "text": "Gesprek starten",
                "title": "Beeldbankieren",
                "teamsUrl": "https://www.abnamro.nl/index.html&webjoin=true",
                "meetingCode": "AA1234BB"
              }
            }
          }
        ],
        "nodeId": "node_6_1694163865637"
      }
    }
  ],
  "includes": {
    "Entry": [
      {
        "metadata": {
          "tags": []
        },
        "sys": {
          "space": {
            "sys": {
              "type": "Link",
              "linkType": "Space",
              "id": "riy4ayq9brzz"
            }
          },
          "id": "2CzWYaZhXBIUm5yJ2rwqMD",
          "type": "Entry",
          "createdAt": "2023-09-08T09:07:36.121Z",
          "updatedAt": "2023-09-08T09:42:01.264Z",
          "environment": {
            "sys": {
              "id": "master",
              "type": "Link",
              "linkType": "Environment"
            }
          },
          "revision": 3,
          "contentType": {
            "sys": {
              "type": "Link",
              "linkType": "ContentType",
              "id": "event"
            }
          },
          "locale": "nl"
        },
        "fields": {
          "name": "liveAgentTransfer",
          "title": "Instant video + Connect me test agent transfer",
          "eventAttributes": {
            "name": "liveAgentTransfer",
            "payload": {
              "chatSubject": "default"
            },
            "response_type": "event"
          }
        }
      },
      {
        "metadata": {
          "tags": []
        },
        "sys": {
          "space": {
            "sys": {
              "type": "Link",
              "linkType": "Space",
              "id": "riy4ayq9brzz"
            }
          },
          "id": "35lza2HoMiNP2mwSK97Scq",
          "type": "Entry",
          "createdAt": "2023-09-08T09:06:54.820Z",
          "updatedAt": "2023-09-08T09:26:46.859Z",
          "environment": {
            "sys": {
              "id": "master",
              "type": "Link",
              "linkType": "Environment"
            }
          },
          "revision": 3,
          "contentType": {
            "sys": {
              "type": "Link",
              "linkType": "ContentType",
              "id": "event"
            }
          },
          "locale": "nl"
        },
        "fields": {
          "name": "overwriteWaitingMessage",
          "title": "Instant video + connect me test waiting overwrite",
          "eventAttributes": {
            "payload": {
              "value": "Uw Beeldbankieren gesprek start binnen **enkele minuten**."
            }
          }
        }
      },
      {
        "metadata": {
          "tags": []
        },
        "sys": {
          "space": {
            "sys": {
              "type": "Link",
              "linkType": "Space",
              "id": "riy4ayq9brzz"
            }
          },
          "id": "3bLHheWnLUIU85RqyKVgxx",
          "type": "Entry",
          "createdAt": "2023-09-08T09:08:30.958Z",
          "updatedAt": "2023-09-08T09:19:24.621Z",
          "environment": {
            "sys": {
              "id": "master",
              "type": "Link",
              "linkType": "Environment"
            }
          },
          "revision": 2,
          "contentType": {
            "sys": {
              "type": "Link",
              "linkType": "ContentType",
              "id": "goodToKnow"
            }
          },
          "locale": "nl"
        },
        "fields": {
          "title": "Instant video + connect me teams test url for agent",
          "answerText": {
            "data": {},
            "content": [
              {
                "data": {},
                "content": [
                  {
                    "data": {},
                    "marks": [],
                    "value": "De teams meeting is hier te vinden: https:",
                    "nodeType": "text"
                  },
                  {
                    "data": {},
                    "marks": [],
                    "value": "//www.abnamro.nl",
                    "nodeType": "text"
                  }
                ],
                "nodeType": "paragraph"
              }
            ],
            "nodeType": "document"
          },
          "genericLevel": "Chat only",
          "attributes": {
            "isHidden": true
          }
        }
      },
      {
        "metadata": {
          "tags": []
        },
        "sys": {
          "space": {
            "sys": {
              "type": "Link",
              "linkType": "Space",
              "id": "riy4ayq9brzz"
            }
          },
          "id": "7wGcClRZRqNKaDVvBtLlkD",
          "type": "Entry",
          "createdAt": "2023-09-08T09:05:17.096Z",
          "updatedAt": "2023-09-08T09:23:36.970Z",
          "environment": {
            "sys": {
              "id": "master",
              "type": "Link",
              "linkType": "Environment"
            }
          },
          "revision": 2,
          "contentType": {
            "sys": {
              "type": "Link",
              "linkType": "ContentType",
              "id": "event"
            }
          },
          "locale": "nl"
        },
        "fields": {
          "name": "connectMe",
          "title": "Start connect me",
          "eventAttributes": {
            "text": "Gesprek starten",
            "title": "Beeldbankieren",
            "teamsUrl": "https://www.abnamro.nl/index.html&webjoin=true",
            "meetingCode": "AA1234BB"
          }
        }
      }
    ]
  }
}
