[
  {
    "metadata": {
      "tags": []
    },
    "sys": {
      "space": {
        "sys": {
          "type": "Link",
          "linkType": "Space",
          "id": "riy4ayq9brzz"
        }
      },
      "id": "2o8yFG4DRySy3l8acm4z1M",
      "type": "Entry",
      "createdAt": "2023-02-02T16:55:54.958Z",
      "updatedAt": "2023-06-18T08:28:51.675Z",
      "environment": {
        "sys": {
          "id": "master",
          "type": "Link",
          "linkType": "Environment"
        }
      },
      "revision": 2,
      "contentType": {
        "sys": {
          "type": "Link",
          "linkType": "ContentType",
          "id": "voicebotPoC"
        }
      },
      "locale": "nl"
    },
    "fields": {
      "title": "Gautier IVR POC - intro_private",
      "voicebot": "TestBot",
      "skill": "testSkill",
      "intent": "n/a",
      "responses": [
        {
          "metadata": {
            "tags": []
          },
          "sys": {
            "space": {
              "sys": {
                "type": "Link",
                "linkType": "Space",
                "id": "riy4ayq9brzz"
              }
            },
            "id": "3qJ8TEF5XqAPBUNx5NGa9p",
            "type": "Entry",
            "createdAt": "2023-02-02T16:55:36.685Z",
            "updatedAt": "2023-11-16T13:02:27.689Z",
            "environment": {
              "sys": {
                "id": "master",
                "type": "Link",
                "linkType": "Environment"
              }
            },
            "revision": 7,
            "contentType": {
              "sys": {
                "type": "Link",
                "linkType": "ContentType",
                "id": "botResponse2"
              }
            },
            "locale": "nl"
          },
          "fields": {
            "title": "intro private",
            "answerText": {
              "nodeType": "document",
              "data": {},
              "content": [
                {
                  "nodeType": "paragraph",
                  "data": {},
                  "content": [
                    {
                      "nodeType": "text",
                      "value": "you are now in private banking, How can I help you today?",
                      "marks": [],
                      "data": {}
                    }
                  ]
                }
              ]
            },
            "genericLevel": "Voice only"
          }
        }
      ]
    }
  }
]
