{
  "sys": {
    "type": "Array"
  },
  "total": 1,
  "skip": 0,
  "limit": 100,
  "items": [
    {
      "metadata": {
        "tags": []
      },
      "sys": {
        "space": {
          "sys": {
            "type": "Link",
            "linkType": "Space",
            "id": "riy4ayq9brzz"
          }
        },
        "id": "4KAkmLWZrenVxcXbCsvTO9",
        "type": "Entry",
        "createdAt": "2022-08-09T14:14:27.305Z",
        "updatedAt": "2022-08-09T14:14:27.305Z",
        "environment": {
          "sys": {
            "id": "master",
            "type": "Link",
            "linkType": "Environment"
          }
        },
        "revision": 1,
        "contentType": {
          "sys": {
            "type": "Link",
            "linkType": "ContentType",
            "id": "node"
          }
        },
        "locale": "nl"
      },
      "fields": {
        "title": "Final step: Changing address",
        "chatbot": "Retail",
        "skill": "Services",
        "intent": "Address Change",
        "responses": [
          {
            "metadata": {
              "tags": []
            },
            "sys": {
              "space": {
                "sys": {
                  "type": "Link",
                  "linkType": "Space",
                  "id": "riy4ayq9brzz"
                }
              },
              "id": "548BE5h1O9pYPVKtOKMeLW",
              "type": "Entry",
              "createdAt": "2022-08-09T14:14:27.287Z",
              "updatedAt": "2022-08-09T14:14:27.287Z",
              "environment": {
                "sys": {
                  "id": "master",
                  "type": "Link",
                  "linkType": "Environment"
                }
              },
              "revision": 1,
              "contentType": {
                "sys": {
                  "type": "Link",
                  "linkType": "ContentType",
                  "id": "untypedResponse"
                }
              },
              "locale": "nl"
            },
            "fields": {
              "title": "Eén moment alstublieft. We gaan voor",
              "answerText": {
                "data": {},
                "content": [
                  {
                    "data": {},
                    "content": [
                      {
                        "data": {},
                        "marks": [],
                        "value": "Eén moment alstublieft. We gaan voor u aan de slag.",
                        "nodeType": "text"
                      }
                    ],
                    "nodeType": "paragraph"
                  }
                ],
                "nodeType": "document"
              },
              "attributes": {}
            }
          }
        ],
        "event": [
          {
            "metadata": {
              "tags": []
            },
            "sys": {
              "space": {
                "sys": {
                  "type": "Link",
                  "linkType": "Space",
                  "id": "riy4ayq9brzz"
                }
              },
              "id": "CKF8m8jWODJWQL0B8BRkz",
              "type": "Entry",
              "createdAt": "2022-08-09T14:14:27.267Z",
              "updatedAt": "2022-08-11T09:24:22.396Z",
              "environment": {
                "sys": {
                  "id": "master",
                  "type": "Link",
                  "linkType": "Environment"
                }
              },
              "revision": 2,
              "contentType": {
                "sys": {
                  "type": "Link",
                  "linkType": "ContentType",
                  "id": "event"
                }
              },
              "locale": "nl"
            },
            "fields": {
              "name": "getCookie",
              "title": "getCookie",
              "eventAttributes": {
                "name": "getCookie",
                "payload": {
                  "id": "<? randId ?>",
                  "value": "Segment"
                },
                "response_type": "event"
              }
            }
          },
          {
            "metadata": {
              "tags": []
            },
            "sys": {
              "space": {
                "sys": {
                  "type": "Link",
                  "linkType": "Space",
                  "id": "riy4ayq9brzz"
                }
              },
              "id": "1VNtuiXkYDBvNHPjRFpn4f",
              "type": "Entry",
              "createdAt": "2022-07-08T15:14:31.698Z",
              "updatedAt": "2022-09-07T08:43:17.304Z",
              "environment": {
                "sys": {
                  "id": "master",
                  "type": "Link",
                  "linkType": "Environment"
                }
              },
              "revision": 8,
              "contentType": {
                "sys": {
                  "type": "Link",
                  "linkType": "ContentType",
                  "id": "event"
                }
              },
              "locale": "nl"
            },
            "fields": {
              "name": "disableInputField",
              "title": "Invoer veld niet tonen - disableInputField:true",
              "eventAttributes": {
                "payload": {
                  "value": true
                }
              }
            }
          }
        ],
        "nodeId": "node_43_1612877518775"
      }
    }
  ],
  "includes": {
    "Entry": [
      {
        "metadata": {
          "tags": []
        },
        "sys": {
          "space": {
            "sys": {
              "type": "Link",
              "linkType": "Space",
              "id": "riy4ayq9brzz"
            }
          },
          "id": "1VNtuiXkYDBvNHPjRFpn4f",
          "type": "Entry",
          "createdAt": "2022-07-08T15:14:31.698Z",
          "updatedAt": "2022-09-07T08:43:17.304Z",
          "environment": {
            "sys": {
              "id": "master",
              "type": "Link",
              "linkType": "Environment"
            }
          },
          "revision": 8,
          "contentType": {
            "sys": {
              "type": "Link",
              "linkType": "ContentType",
              "id": "event"
            }
          },
          "locale": "nl"
        },
        "fields": {
          "name": "disableInputField",
          "title": "Invoer veld niet tonen - disableInputField:true",
          "eventAttributes": {
            "payload": {
              "value": true
            }
          }
        }
      },
      {
        "metadata": {
          "tags": []
        },
        "sys": {
          "space": {
            "sys": {
              "type": "Link",
              "linkType": "Space",
              "id": "riy4ayq9brzz"
            }
          },
          "id": "548BE5h1O9pYPVKtOKMeLW",
          "type": "Entry",
          "createdAt": "2022-08-09T14:14:27.287Z",
          "updatedAt": "2022-08-09T14:14:27.287Z",
          "environment": {
            "sys": {
              "id": "master",
              "type": "Link",
              "linkType": "Environment"
            }
          },
          "revision": 1,
          "contentType": {
            "sys": {
              "type": "Link",
              "linkType": "ContentType",
              "id": "untypedResponse"
            }
          },
          "locale": "nl"
        },
        "fields": {
          "title": "Eén moment alstublieft. We gaan voor",
          "answerText": {
            "data": {},
            "content": [
              {
                "data": {},
                "content": [
                  {
                    "data": {},
                    "marks": [],
                    "value": "Eén moment alstublieft. We gaan voor u aan de slag.",
                    "nodeType": "text"
                  }
                ],
                "nodeType": "paragraph"
              }
            ],
            "nodeType": "document"
          },
          "attributes": {}
        }
      },
      {
        "metadata": {
          "tags": []
        },
        "sys": {
          "space": {
            "sys": {
              "type": "Link",
              "linkType": "Space",
              "id": "riy4ayq9brzz"
            }
          },
          "id": "CKF8m8jWODJWQL0B8BRkz",
          "type": "Entry",
          "createdAt": "2022-08-09T14:14:27.267Z",
          "updatedAt": "2022-08-11T09:24:22.396Z",
          "environment": {
            "sys": {
              "id": "master",
              "type": "Link",
              "linkType": "Environment"
            }
          },
          "revision": 2,
          "contentType": {
            "sys": {
              "type": "Link",
              "linkType": "ContentType",
              "id": "event"
            }
          },
          "locale": "nl"
        },
        "fields": {
          "name": "getCookie",
          "title": "getCookie",
          "eventAttributes": {
            "name": "getCookie",
            "payload": {
              "id": "<? randId ?>",
              "value": "Segment"
            },
            "response_type": "event"
          }
        }
      }
    ]
  }
}
