{
  "sys": {
    "type": "Array"
  },
  "total": 1,
  "skip": 0,
  "limit": 100,
  "items": [
    {
      "metadata": {
        "tags": []
      },
      "sys": {
        "space": {
          "sys": {
            "type": "Link",
            "linkType": "Space",
            "id": "riy4ayq9brzz"
          }
        },
        "id": "4yuxnqqT7dCca5Ov38Tvbt",
        "type": "Entry",
        "createdAt": "2022-07-25T09:43:15.574Z",
        "updatedAt": "2022-07-25T09:43:15.574Z",
        "environment": {
          "sys": {
            "id": "master",
            "type": "Link",
            "linkType": "Environment"
          }
        },
        "revision": 1,
        "contentType": {
          "sys": {
            "type": "Link",
            "linkType": "ContentType",
            "id": "node"
          }
        },
        "locale": "nl"
      },
      "fields": {
        "chatbot": "TestBot",
        "skill": "GenesysTestBot",
        "intent": "Components",
        "responses": [
          {
            "metadata": {
              "tags": []
            },
            "sys": {
              "space": {
                "sys": {
                  "type": "Link",
                  "linkType": "Space",
                  "id": "riy4ayq9brzz"
                }
              },
              "id": "6no9KSLpo2AFsICKqCwMAl",
              "type": "Entry",
              "createdAt": "2022-07-25T12:13:58.678Z",
              "updatedAt": "2022-07-25T12:13:58.678Z",
              "environment": {
                "sys": {
                  "id": "master",
                  "type": "Link",
                  "linkType": "Environment"
                }
              },
              "revision": 1,
              "contentType": {
                "sys": {
                  "type": "Link",
                  "linkType": "ContentType",
                  "id": "untypedResponse"
                }
              },
              "locale": "nl"
            },
            "fields": {
              "title": "It is time to celebrate!",
              "answerText": {
                "data": {},
                "content": [
                  {
                    "data": {},
                    "content": [
                      {
                        "data": {},
                        "marks": [],
                        "value": "It is time to celebrate!",
                        "nodeType": "text"
                      }
                    ],
                    "nodeType": "paragraph"
                  }
                ],
                "nodeType": "document"
              },
              "attributes": {}
            }
          },
          {
            "metadata": {
              "tags": []
            },
            "sys": {
              "space": {
                "sys": {
                  "type": "Link",
                  "linkType": "Space",
                  "id": "riy4ayq9brzz"
                }
              },
              "id": "5gOvGF7HN6nifRaGQ84LiZ",
              "type": "Entry",
              "createdAt": "2022-07-25T12:13:58.475Z",
              "updatedAt": "2023-07-07T14:57:20.644Z",
              "environment": {
                "sys": {
                  "id": "master",
                  "type": "Link",
                  "linkType": "Environment"
                }
              },
              "revision": 4,
              "contentType": {
                "sys": {
                  "type": "Link",
                  "linkType": "ContentType",
                  "id": "untypedResponse"
                }
              },
              "locale": "nl"
            },
            "fields": {
              "title": "banana",
              "type": "Good to know",
              "answerText": {
                "data": {},
                "content": [
                  {
                    "data": {},
                    "content": [
                      {
                        "data": {},
                        "marks": [],
                        "value": "",
                        "nodeType": "text"
                      }
                    ],
                    "nodeType": "paragraph"
                  }
                ],
                "nodeType": "document"
              },
              "images": {
                "metadata": {
                  "tags": []
                },
                "sys": {
                  "space": {
                    "sys": {
                      "type": "Link",
                      "linkType": "Space",
                      "id": "riy4ayq9brzz"
                    }
                  },
                  "id": "63B42kOgbwbn3FbIilAkwM",
                  "type": "Entry",
                  "createdAt": "2022-07-26T16:40:59.493Z",
                  "updatedAt": "2022-07-26T16:40:59.493Z",
                  "environment": {
                    "sys": {
                      "id": "master",
                      "type": "Link",
                      "linkType": "Environment"
                    }
                  },
                  "revision": 1,
                  "contentType": {
                    "sys": {
                      "type": "Link",
                      "linkType": "ContentType",
                      "id": "image"
                    }
                  },
                  "locale": "nl"
                },
                "fields": {
                  "name": "Banana1",
                  "source": "https://media1.giphy.com/media/ZYoFTHxrWNFbW/giphy.gif",
                  "altText": "Banana1"
                }
              }
            }
          },
          {
            "metadata": {
              "tags": []
            },
            "sys": {
              "space": {
                "sys": {
                  "type": "Link",
                  "linkType": "Space",
                  "id": "riy4ayq9brzz"
                }
              },
              "id": "1oeOWPHN1YDQ07tIzbStOq",
              "type": "Entry",
              "createdAt": "2022-07-25T12:13:58.445Z",
              "updatedAt": "2023-07-07T14:58:51.293Z",
              "environment": {
                "sys": {
                  "id": "master",
                  "type": "Link",
                  "linkType": "Environment"
                }
              },
              "revision": 3,
              "contentType": {
                "sys": {
                  "type": "Link",
                  "linkType": "ContentType",
                  "id": "untypedResponse"
                }
              },
              "locale": "nl"
            },
            "fields": {
              "title": "thank you image",
              "type": "Good to know",
              "answerText": {
                "nodeType": "document",
                "data": {},
                "content": [
                  {
                    "nodeType": "paragraph",
                    "data": {},
                    "content": [
                      {
                        "nodeType": "text",
                        "value": "ありがとう",
                        "marks": [],
                        "data": {}
                      }
                    ]
                  }
                ]
              },
              "images": {
                "metadata": {
                  "tags": []
                },
                "sys": {
                  "space": {
                    "sys": {
                      "type": "Link",
                      "linkType": "Space",
                      "id": "riy4ayq9brzz"
                    }
                  },
                  "id": "28tKV2ft5VqVvaB8rR8a5j",
                  "type": "Entry",
                  "createdAt": "2022-07-26T16:40:59.472Z",
                  "updatedAt": "2022-07-26T16:40:59.472Z",
                  "environment": {
                    "sys": {
                      "id": "master",
                      "type": "Link",
                      "linkType": "Environment"
                    }
                  },
                  "revision": 1,
                  "contentType": {
                    "sys": {
                      "type": "Link",
                      "linkType": "ContentType",
                      "id": "image"
                    }
                  },
                  "locale": "nl"
                },
                "fields": {
                  "name": "Thank you!!",
                  "source": "https://media1.giphy.com/media/3oz8xIsloV7zOmt81G/giphy.gif",
                  "altText": "Thank you!!"
                }
              }
            }
          },
          {
            "metadata": {
              "tags": []
            },
            "sys": {
              "space": {
                "sys": {
                  "type": "Link",
                  "linkType": "Space",
                  "id": "riy4ayq9brzz"
                }
              },
              "id": "4o1Q9ULRa8NxHy9XN42DvG",
              "type": "Entry",
              "createdAt": "2022-07-25T12:13:58.416Z",
              "updatedAt": "2023-07-07T15:00:38.915Z",
              "environment": {
                "sys": {
                  "id": "master",
                  "type": "Link",
                  "linkType": "Environment"
                }
              },
              "revision": 2,
              "contentType": {
                "sys": {
                  "type": "Link",
                  "linkType": "ContentType",
                  "id": "untypedResponse"
                }
              },
              "locale": "nl"
            },
            "fields": {
              "title": "banananana 2",
              "type": "Good to know",
              "answerText": {
                "data": {},
                "content": [
                  {
                    "data": {},
                    "content": [
                      {
                        "data": {},
                        "marks": [],
                        "value": "",
                        "nodeType": "text"
                      }
                    ],
                    "nodeType": "paragraph"
                  }
                ],
                "nodeType": "document"
              },
              "images": {
                "metadata": {
                  "tags": []
                },
                "sys": {
                  "space": {
                    "sys": {
                      "type": "Link",
                      "linkType": "Space",
                      "id": "riy4ayq9brzz"
                    }
                  },
                  "id": "567urtcesnqulAJW4wP3w0",
                  "type": "Entry",
                  "createdAt": "2022-07-26T16:40:59.455Z",
                  "updatedAt": "2022-07-26T16:40:59.455Z",
                  "environment": {
                    "sys": {
                      "id": "master",
                      "type": "Link",
                      "linkType": "Environment"
                    }
                  },
                  "revision": 1,
                  "contentType": {
                    "sys": {
                      "type": "Link",
                      "linkType": "ContentType",
                      "id": "image"
                    }
                  },
                  "locale": "nl"
                },
                "fields": {
                  "name": "Banana1",
                  "source": "https://media1.giphy.com/media/ZYoFTHxrWNFbW/giphy.gif",
                  "altText": "Banana1"
                }
              }
            }
          }
        ],
        "event": [
          {
            "metadata": {
              "tags": []
            },
            "sys": {
              "space": {
                "sys": {
                  "type": "Link",
                  "linkType": "Space",
                  "id": "riy4ayq9brzz"
                }
              },
              "id": "5z0RnkNC0VYytL9nP9VK4G",
              "type": "Entry",
              "createdAt": "2022-07-11T07:51:46.574Z",
              "updatedAt": "2022-12-02T14:55:09.539Z",
              "environment": {
                "sys": {
                  "id": "master",
                  "type": "Link",
                  "linkType": "Environment"
                }
              },
              "revision": 11,
              "contentType": {
                "sys": {
                  "type": "Link",
                  "linkType": "ContentType",
                  "id": "event"
                }
              },
              "locale": "nl"
            },
            "fields": {
              "name": "disableInputField",
              "title": "Invoer veld tonen - disableInputField:false",
              "eventAttributes": {
                "payload": {
                  "value": false
                }
              }
            }
          }
        ],
        "nodeId": "node_9_1621608755938"
      }
    }
  ],
  "includes": {
    "Entry": [
      {
        "metadata": {
          "tags": []
        },
        "sys": {
          "space": {
            "sys": {
              "type": "Link",
              "linkType": "Space",
              "id": "riy4ayq9brzz"
            }
          },
          "id": "1oeOWPHN1YDQ07tIzbStOq",
          "type": "Entry",
          "createdAt": "2022-07-25T12:13:58.445Z",
          "updatedAt": "2023-07-07T14:58:51.293Z",
          "environment": {
            "sys": {
              "id": "master",
              "type": "Link",
              "linkType": "Environment"
            }
          },
          "revision": 3,
          "contentType": {
            "sys": {
              "type": "Link",
              "linkType": "ContentType",
              "id": "untypedResponse"
            }
          },
          "locale": "nl"
        },
        "fields": {
          "title": "thank you image",
          "type": "Good to know",
          "answerText": {
            "nodeType": "document",
            "data": {},
            "content": [
              {
                "nodeType": "paragraph",
                "data": {},
                "content": [
                  {
                    "nodeType": "text",
                    "value": "ありがとう",
                    "marks": [],
                    "data": {}
                  }
                ]
              }
            ]
          },
          "images": {
            "metadata": {
              "tags": []
            },
            "sys": {
              "space": {
                "sys": {
                  "type": "Link",
                  "linkType": "Space",
                  "id": "riy4ayq9brzz"
                }
              },
              "id": "28tKV2ft5VqVvaB8rR8a5j",
              "type": "Entry",
              "createdAt": "2022-07-26T16:40:59.472Z",
              "updatedAt": "2022-07-26T16:40:59.472Z",
              "environment": {
                "sys": {
                  "id": "master",
                  "type": "Link",
                  "linkType": "Environment"
                }
              },
              "revision": 1,
              "contentType": {
                "sys": {
                  "type": "Link",
                  "linkType": "ContentType",
                  "id": "image"
                }
              },
              "locale": "nl"
            },
            "fields": {
              "name": "Thank you!!",
              "source": "https://media1.giphy.com/media/3oz8xIsloV7zOmt81G/giphy.gif",
              "altText": "Thank you!!"
            }
          }
        }
      },
      {
        "metadata": {
          "tags": []
        },
        "sys": {
          "space": {
            "sys": {
              "type": "Link",
              "linkType": "Space",
              "id": "riy4ayq9brzz"
            }
          },
          "id": "28tKV2ft5VqVvaB8rR8a5j",
          "type": "Entry",
          "createdAt": "2022-07-26T16:40:59.472Z",
          "updatedAt": "2022-07-26T16:40:59.472Z",
          "environment": {
            "sys": {
              "id": "master",
              "type": "Link",
              "linkType": "Environment"
            }
          },
          "revision": 1,
          "contentType": {
            "sys": {
              "type": "Link",
              "linkType": "ContentType",
              "id": "image"
            }
          },
          "locale": "nl"
        },
        "fields": {
          "name": "Thank you!!",
          "source": "https://media1.giphy.com/media/3oz8xIsloV7zOmt81G/giphy.gif",
          "altText": "Thank you!!"
        }
      },
      {
        "metadata": {
          "tags": []
        },
        "sys": {
          "space": {
            "sys": {
              "type": "Link",
              "linkType": "Space",
              "id": "riy4ayq9brzz"
            }
          },
          "id": "4o1Q9ULRa8NxHy9XN42DvG",
          "type": "Entry",
          "createdAt": "2022-07-25T12:13:58.416Z",
          "updatedAt": "2023-07-07T15:00:38.915Z",
          "environment": {
            "sys": {
              "id": "master",
              "type": "Link",
              "linkType": "Environment"
            }
          },
          "revision": 2,
          "contentType": {
            "sys": {
              "type": "Link",
              "linkType": "ContentType",
              "id": "untypedResponse"
            }
          },
          "locale": "nl"
        },
        "fields": {
          "title": "banananana 2",
          "type": "Good to know",
          "answerText": {
            "data": {},
            "content": [
              {
                "data": {},
                "content": [
                  {
                    "data": {},
                    "marks": [],
                    "value": "",
                    "nodeType": "text"
                  }
                ],
                "nodeType": "paragraph"
              }
            ],
            "nodeType": "document"
          },
          "images": {
            "metadata": {
              "tags": []
            },
            "sys": {
              "space": {
                "sys": {
                  "type": "Link",
                  "linkType": "Space",
                  "id": "riy4ayq9brzz"
                }
              },
              "id": "567urtcesnqulAJW4wP3w0",
              "type": "Entry",
              "createdAt": "2022-07-26T16:40:59.455Z",
              "updatedAt": "2022-07-26T16:40:59.455Z",
              "environment": {
                "sys": {
                  "id": "master",
                  "type": "Link",
                  "linkType": "Environment"
                }
              },
              "revision": 1,
              "contentType": {
                "sys": {
                  "type": "Link",
                  "linkType": "ContentType",
                  "id": "image"
                }
              },
              "locale": "nl"
            },
            "fields": {
              "name": "Banana1",
              "source": "https://media1.giphy.com/media/ZYoFTHxrWNFbW/giphy.gif",
              "altText": "Banana1"
            }
          }
        }
      },
      {
        "metadata": {
          "tags": []
        },
        "sys": {
          "space": {
            "sys": {
              "type": "Link",
              "linkType": "Space",
              "id": "riy4ayq9brzz"
            }
          },
          "id": "567urtcesnqulAJW4wP3w0",
          "type": "Entry",
          "createdAt": "2022-07-26T16:40:59.455Z",
          "updatedAt": "2022-07-26T16:40:59.455Z",
          "environment": {
            "sys": {
              "id": "master",
              "type": "Link",
              "linkType": "Environment"
            }
          },
          "revision": 1,
          "contentType": {
            "sys": {
              "type": "Link",
              "linkType": "ContentType",
              "id": "image"
            }
          },
          "locale": "nl"
        },
        "fields": {
          "name": "Banana1",
          "source": "https://media1.giphy.com/media/ZYoFTHxrWNFbW/giphy.gif",
          "altText": "Banana1"
        }
      },
      {
        "metadata": {
          "tags": []
        },
        "sys": {
          "space": {
            "sys": {
              "type": "Link",
              "linkType": "Space",
              "id": "riy4ayq9brzz"
            }
          },
          "id": "5gOvGF7HN6nifRaGQ84LiZ",
          "type": "Entry",
          "createdAt": "2022-07-25T12:13:58.475Z",
          "updatedAt": "2023-07-07T14:57:20.644Z",
          "environment": {
            "sys": {
              "id": "master",
              "type": "Link",
              "linkType": "Environment"
            }
          },
          "revision": 4,
          "contentType": {
            "sys": {
              "type": "Link",
              "linkType": "ContentType",
              "id": "untypedResponse"
            }
          },
          "locale": "nl"
        },
        "fields": {
          "title": "banana",
          "type": "Good to know",
          "answerText": {
            "data": {},
            "content": [
              {
                "data": {},
                "content": [
                  {
                    "data": {},
                    "marks": [],
                    "value": "",
                    "nodeType": "text"
                  }
                ],
                "nodeType": "paragraph"
              }
            ],
            "nodeType": "document"
          },
          "images": {
            "metadata": {
              "tags": []
            },
            "sys": {
              "space": {
                "sys": {
                  "type": "Link",
                  "linkType": "Space",
                  "id": "riy4ayq9brzz"
                }
              },
              "id": "63B42kOgbwbn3FbIilAkwM",
              "type": "Entry",
              "createdAt": "2022-07-26T16:40:59.493Z",
              "updatedAt": "2022-07-26T16:40:59.493Z",
              "environment": {
                "sys": {
                  "id": "master",
                  "type": "Link",
                  "linkType": "Environment"
                }
              },
              "revision": 1,
              "contentType": {
                "sys": {
                  "type": "Link",
                  "linkType": "ContentType",
                  "id": "image"
                }
              },
              "locale": "nl"
            },
            "fields": {
              "name": "Banana1",
              "source": "https://media1.giphy.com/media/ZYoFTHxrWNFbW/giphy.gif",
              "altText": "Banana1"
            }
          }
        }
      },
      {
        "metadata": {
          "tags": []
        },
        "sys": {
          "space": {
            "sys": {
              "type": "Link",
              "linkType": "Space",
              "id": "riy4ayq9brzz"
            }
          },
          "id": "5z0RnkNC0VYytL9nP9VK4G",
          "type": "Entry",
          "createdAt": "2022-07-11T07:51:46.574Z",
          "updatedAt": "2022-12-02T14:55:09.539Z",
          "environment": {
            "sys": {
              "id": "master",
              "type": "Link",
              "linkType": "Environment"
            }
          },
          "revision": 11,
          "contentType": {
            "sys": {
              "type": "Link",
              "linkType": "ContentType",
              "id": "event"
            }
          },
          "locale": "nl"
        },
        "fields": {
          "name": "disableInputField",
          "title": "Invoer veld tonen - disableInputField:false",
          "eventAttributes": {
            "payload": {
              "value": false
            }
          }
        }
      },
      {
        "metadata": {
          "tags": []
        },
        "sys": {
          "space": {
            "sys": {
              "type": "Link",
              "linkType": "Space",
              "id": "riy4ayq9brzz"
            }
          },
          "id": "63B42kOgbwbn3FbIilAkwM",
          "type": "Entry",
          "createdAt": "2022-07-26T16:40:59.493Z",
          "updatedAt": "2022-07-26T16:40:59.493Z",
          "environment": {
            "sys": {
              "id": "master",
              "type": "Link",
              "linkType": "Environment"
            }
          },
          "revision": 1,
          "contentType": {
            "sys": {
              "type": "Link",
              "linkType": "ContentType",
              "id": "image"
            }
          },
          "locale": "nl"
        },
        "fields": {
          "name": "Banana1",
          "source": "https://media1.giphy.com/media/ZYoFTHxrWNFbW/giphy.gif",
          "altText": "Banana1"
        }
      },
      {
        "metadata": {
          "tags": []
        },
        "sys": {
          "space": {
            "sys": {
              "type": "Link",
              "linkType": "Space",
              "id": "riy4ayq9brzz"
            }
          },
          "id": "6no9KSLpo2AFsICKqCwMAl",
          "type": "Entry",
          "createdAt": "2022-07-25T12:13:58.678Z",
          "updatedAt": "2022-07-25T12:13:58.678Z",
          "environment": {
            "sys": {
              "id": "master",
              "type": "Link",
              "linkType": "Environment"
            }
          },
          "revision": 1,
          "contentType": {
            "sys": {
              "type": "Link",
              "linkType": "ContentType",
              "id": "untypedResponse"
            }
          },
          "locale": "nl"
        },
        "fields": {
          "title": "It is time to celebrate!",
          "answerText": {
            "data": {},
            "content": [
              {
                "data": {},
                "content": [
                  {
                    "data": {},
                    "marks": [],
                    "value": "It is time to celebrate!",
                    "nodeType": "text"
                  }
                ],
                "nodeType": "paragraph"
              }
            ],
            "nodeType": "document"
          },
          "attributes": {}
        }
      }
    ]
  }
}
