{
  "sys": {
    "type": "Array"
  },
  "total": 1,
  "skip": 0,
  "limit": 100,
  "items": [
    {
      "metadata": {
        "tags": []
      },
      "sys": {
        "space": {
          "sys": {
            "type": "Link",
            "linkType": "Space",
            "id": "riy4ayq9brzz"
          }
        },
        "id": "1nmjvEnlBmBUJT4g230UYF",
        "type": "Entry",
        "createdAt": "2022-07-25T09:44:15.282Z",
        "updatedAt": "2022-07-25T09:44:15.282Z",
        "environment": {
          "sys": {
            "id": "master",
            "type": "Link",
            "linkType": "Environment"
          }
        },
        "revision": 1,
        "contentType": {
          "sys": {
            "type": "Link",
            "linkType": "ContentType",
            "id": "node"
          }
        },
        "locale": "nl"
      },
      "fields": {
        "title": "introduction",
        "chatbot": "TestBot",
        "skill": "GenesysTestBot",
        "intent": "Components",
        "responses": [
          {
            "metadata": {
              "tags": []
            },
            "sys": {
              "space": {
                "sys": {
                  "type": "Link",
                  "linkType": "Space",
                  "id": "riy4ayq9brzz"
                }
              },
              "id": "20eC6clWJ5XyPSfXXldZnd",
              "type": "Entry",
              "createdAt": "2022-07-25T12:14:53.990Z",
              "updatedAt": "2022-07-25T12:14:53.990Z",
              "environment": {
                "sys": {
                  "id": "master",
                  "type": "Link",
                  "linkType": "Environment"
                }
              },
              "revision": 1,
              "contentType": {
                "sys": {
                  "type": "Link",
                  "linkType": "ContentType",
                  "id": "untypedResponse"
                }
              },
              "locale": "nl"
            },
            "fields": {
              "title": "",
              "answerText": {
                "data": {},
                "content": [
                  {
                    "data": {},
                    "content": [
                      {
                        "data": {},
                        "marks": [],
                        "value": "",
                        "nodeType": "text"
                      }
                    ],
                    "nodeType": "paragraph"
                  }
                ],
                "nodeType": "document"
              },
              "attributes": {
                "response_type": "introduction",
                "header": "Chatbot",
                "subHeader": "Anna",
                "avatar": "anna"
              }
            }
          },
          {
            "metadata": {
              "tags": []
            },
            "sys": {
              "space": {
                "sys": {
                  "type": "Link",
                  "linkType": "Space",
                  "id": "riy4ayq9brzz"
                }
              },
              "id": "5eOIwo16eG5EwWQAw0Pzai",
              "type": "Entry",
              "createdAt": "2022-07-25T12:14:53.968Z",
              "updatedAt": "2022-07-25T12:14:53.968Z",
              "environment": {
                "sys": {
                  "id": "master",
                  "type": "Link",
                  "linkType": "Environment"
                }
              },
              "revision": 1,
              "contentType": {
                "sys": {
                  "type": "Link",
                  "linkType": "ContentType",
                  "id": "untypedResponse"
                }
              },
              "locale": "nl"
            },
            "fields": {
              "title": "hello, I am bot",
              "answerText": {
                "data": {},
                "content": [
                  {
                    "data": {},
                    "content": [
                      {
                        "data": {},
                        "marks": [],
                        "value": "hello, I am bot",
                        "nodeType": "text"
                      }
                    ],
                    "nodeType": "paragraph"
                  }
                ],
                "nodeType": "document"
              },
              "attributes": {}
            }
          }
        ],
        "nodeId": "node_1_1638952780464"
      }
    }
  ],
  "includes": {
    "Entry": [
      {
        "metadata": {
          "tags": []
        },
        "sys": {
          "space": {
            "sys": {
              "type": "Link",
              "linkType": "Space",
              "id": "riy4ayq9brzz"
            }
          },
          "id": "20eC6clWJ5XyPSfXXldZnd",
          "type": "Entry",
          "createdAt": "2022-07-25T12:14:53.990Z",
          "updatedAt": "2022-07-25T12:14:53.990Z",
          "environment": {
            "sys": {
              "id": "master",
              "type": "Link",
              "linkType": "Environment"
            }
          },
          "revision": 1,
          "contentType": {
            "sys": {
              "type": "Link",
              "linkType": "ContentType",
              "id": "untypedResponse"
            }
          },
          "locale": "nl"
        },
        "fields": {
          "title": "",
          "answerText": {
            "data": {},
            "content": [
              {
                "data": {},
                "content": [
                  {
                    "data": {},
                    "marks": [],
                    "value": "",
                    "nodeType": "text"
                  }
                ],
                "nodeType": "paragraph"
              }
            ],
            "nodeType": "document"
          },
          "attributes": {
            "response_type": "introduction",
            "header": "Chatbot",
            "subHeader": "Anna",
            "avatar": "anna"
          }
        }
      },
      {
        "metadata": {
          "tags": []
        },
        "sys": {
          "space": {
            "sys": {
              "type": "Link",
              "linkType": "Space",
              "id": "riy4ayq9brzz"
            }
          },
          "id": "5eOIwo16eG5EwWQAw0Pzai",
          "type": "Entry",
          "createdAt": "2022-07-25T12:14:53.968Z",
          "updatedAt": "2022-07-25T12:14:53.968Z",
          "environment": {
            "sys": {
              "id": "master",
              "type": "Link",
              "linkType": "Environment"
            }
          },
          "revision": 1,
          "contentType": {
            "sys": {
              "type": "Link",
              "linkType": "ContentType",
              "id": "untypedResponse"
            }
          },
          "locale": "nl"
        },
        "fields": {
          "title": "hello, I am bot",
          "answerText": {
            "data": {},
            "content": [
              {
                "data": {},
                "content": [
                  {
                    "data": {},
                    "marks": [],
                    "value": "hello, I am bot",
                    "nodeType": "text"
                  }
                ],
                "nodeType": "paragraph"
              }
            ],
            "nodeType": "document"
          },
          "attributes": {}
        }
      }
    ]
  }
}
