{
  "sys": {
    "type": "Array"
  },
  "total": 3,
  "skip": 0,
  "limit": 100,
  "items": [
    {
      "metadata": {
        "tags": []
      },
      "sys": {
        "space": {
          "sys": {
            "type": "Link",
            "linkType": "Space",
            "id": "riy4ayq9brzz"
          }
        },
        "id": "5VfC6uHcRx2k3tqheOOEjo",
        "type": "Entry",
        "createdAt": "2022-08-09T14:06:54.333Z",
        "updatedAt": "2022-08-09T14:06:54.333Z",
        "environment": {
          "sys": {
            "id": "master",
            "type": "Link",
            "linkType": "Environment"
          }
        },
        "revision": 1,
        "contentType": {
          "sys": {
            "type": "Link",
            "linkType": "ContentType",
            "id": "node"
          }
        },
        "locale": "nl"
      },
      "fields": {
        "title": "Default buttons - Retail CGC",
        "chatbot": "Retail",
        "skill": "Masterflow",
        "intent": "Welcome (Hi, I'm Anna)",
        "responses": [
          {
            "metadata": {
              "tags": []
            },
            "sys": {
              "space": {
                "sys": {
                  "type": "Link",
                  "linkType": "Space",
                  "id": "riy4ayq9brzz"
                }
              },
              "id": "6rDDnW7O9CvftT0ScJrKqd",
              "type": "Entry",
              "createdAt": "2022-08-09T14:06:54.308Z",
              "updatedAt": "2023-01-09T06:41:33.101Z",
              "environment": {
                "sys": {
                  "id": "master",
                  "type": "Link",
                  "linkType": "Environment"
                }
              },
              "revision": 4,
              "contentType": {
                "sys": {
                  "type": "Link",
                  "linkType": "ContentType",
                  "id": "untypedResponse"
                }
              },
              "locale": "nl"
            },
            "fields": {
              "title": "Wat is uw vraag?",
              "type": "Question",
              "answerText": {
                "data": {},
                "content": [
                  {
                    "data": {},
                    "content": [
                      {
                        "data": {},
                        "marks": [],
                        "value": "Wat is uw vraag?",
                        "nodeType": "text"
                      }
                    ],
                    "nodeType": "paragraph"
                  }
                ],
                "nodeType": "document"
              },
              "attributes": {}
            }
          }
        ],
        "event": [
          {
            "metadata": {
              "tags": []
            },
            "sys": {
              "space": {
                "sys": {
                  "type": "Link",
                  "linkType": "Space",
                  "id": "riy4ayq9brzz"
                }
              },
              "id": "5z0RnkNC0VYytL9nP9VK4G",
              "type": "Entry",
              "createdAt": "2022-07-11T07:51:46.574Z",
              "updatedAt": "2022-12-02T14:55:09.539Z",
              "environment": {
                "sys": {
                  "id": "master",
                  "type": "Link",
                  "linkType": "Environment"
                }
              },
              "revision": 11,
              "contentType": {
                "sys": {
                  "type": "Link",
                  "linkType": "ContentType",
                  "id": "event"
                }
              },
              "locale": "nl"
            },
            "fields": {
              "name": "disableInputField",
              "title": "Invoer veld tonen - disableInputField:false",
              "eventAttributes": {
                "payload": {
                  "value": false
                }
              }
            }
          }
        ],
        "nodeId": "node_1_1625561353702"
      }
    },
    {
      "metadata": {
        "tags": []
      },
      "sys": {
        "space": {
          "sys": {
            "type": "Link",
            "linkType": "Space",
            "id": "riy4ayq9brzz"
          }
        },
        "id": "645RxgAWxURRrv3tW3n2PA",
        "type": "Entry",
        "createdAt": "2022-08-09T14:06:34.533Z",
        "updatedAt": "2022-08-09T14:06:34.533Z",
        "environment": {
          "sys": {
            "id": "master",
            "type": "Link",
            "linkType": "Environment"
          }
        },
        "revision": 1,
        "contentType": {
          "sys": {
            "type": "Link",
            "linkType": "ContentType",
            "id": "node"
          }
        },
        "locale": "nl"
      },
      "fields": {
        "title": "Introduction - livechat open",
        "chatbot": "Retail",
        "skill": "Masterflow",
        "intent": "Welcome (Hi, I'm Anna)",
        "responses": [
          {
            "metadata": {
              "tags": []
            },
            "sys": {
              "space": {
                "sys": {
                  "type": "Link",
                  "linkType": "Space",
                  "id": "riy4ayq9brzz"
                }
              },
              "id": "54TOy9Tx2BdHwufL1mVmBl",
              "type": "Entry",
              "createdAt": "2022-08-09T14:06:34.512Z",
              "updatedAt": "2022-08-09T14:06:34.512Z",
              "environment": {
                "sys": {
                  "id": "master",
                  "type": "Link",
                  "linkType": "Environment"
                }
              },
              "revision": 1,
              "contentType": {
                "sys": {
                  "type": "Link",
                  "linkType": "ContentType",
                  "id": "untypedResponse"
                }
              },
              "locale": "nl"
            },
            "fields": {
              "title": "U kunt mij alles vragen. Kom",
              "answerText": {
                "data": {},
                "content": [
                  {
                    "data": {},
                    "content": [
                      {
                        "data": {},
                        "marks": [],
                        "value": "U kunt mij alles vragen. Kom ik er niet uit? Dan haal ik er hulp bij.",
                        "nodeType": "text"
                      }
                    ],
                    "nodeType": "paragraph"
                  }
                ],
                "nodeType": "document"
              },
              "attributes": {
                "payload": {
                  "url": "",
                  "linkText": ""
                }
              }
            }
          }
        ],
        "event": [
          {
            "metadata": {
              "tags": []
            },
            "sys": {
              "space": {
                "sys": {
                  "type": "Link",
                  "linkType": "Space",
                  "id": "riy4ayq9brzz"
                }
              },
              "id": "5z0RnkNC0VYytL9nP9VK4G",
              "type": "Entry",
              "createdAt": "2022-07-11T07:51:46.574Z",
              "updatedAt": "2022-12-02T14:55:09.539Z",
              "environment": {
                "sys": {
                  "id": "master",
                  "type": "Link",
                  "linkType": "Environment"
                }
              },
              "revision": 11,
              "contentType": {
                "sys": {
                  "type": "Link",
                  "linkType": "ContentType",
                  "id": "event"
                }
              },
              "locale": "nl"
            },
            "fields": {
              "name": "disableInputField",
              "title": "Invoer veld tonen - disableInputField:false",
              "eventAttributes": {
                "payload": {
                  "value": false
                }
              }
            }
          }
        ],
        "nodeId": "node_7_1625054212829"
      }
    },
    {
      "metadata": {
        "tags": []
      },
      "sys": {
        "space": {
          "sys": {
            "type": "Link",
            "linkType": "Space",
            "id": "riy4ayq9brzz"
          }
        },
        "id": "4p5KvhNorkGQum7kG1Hsd",
        "type": "Entry",
        "createdAt": "2022-08-09T14:06:32.098Z",
        "updatedAt": "2022-08-09T14:06:32.098Z",
        "environment": {
          "sys": {
            "id": "master",
            "type": "Link",
            "linkType": "Environment"
          }
        },
        "revision": 1,
        "contentType": {
          "sys": {
            "type": "Link",
            "linkType": "ContentType",
            "id": "node"
          }
        },
        "locale": "nl"
      },
      "fields": {
        "title": "Anna introduction",
        "chatbot": "Retail",
        "skill": "Masterflow",
        "intent": "Welcome (Hi, I'm Anna)",
        "responses": [
          {
            "metadata": {
              "tags": []
            },
            "sys": {
              "space": {
                "sys": {
                  "type": "Link",
                  "linkType": "Space",
                  "id": "riy4ayq9brzz"
                }
              },
              "id": "702KMOlL5GDGlEhLIv2Oc9",
              "type": "Entry",
              "createdAt": "2022-08-09T14:06:32.065Z",
              "updatedAt": "2022-08-17T12:06:54.436Z",
              "environment": {
                "sys": {
                  "id": "master",
                  "type": "Link",
                  "linkType": "Environment"
                }
              },
              "revision": 3,
              "contentType": {
                "sys": {
                  "type": "Link",
                  "linkType": "ContentType",
                  "id": "untypedResponse"
                }
              },
              "locale": "nl"
            },
            "fields": {
              "title": "Hallo, ik ben chatbot Anna.",
              "answerText": {
                "data": {},
                "content": [
                  {
                    "data": {},
                    "content": [
                      {
                        "data": {},
                        "marks": [],
                        "value": "Hallo, ik ben chatbot Anna.",
                        "nodeType": "text"
                      }
                    ],
                    "nodeType": "paragraph"
                  }
                ],
                "nodeType": "document"
              },
              "attributes": {
                "payload": {
                  "url": "",
                  "linkText": ""
                }
              }
            }
          }
        ],
        "event": [
          {
            "metadata": {
              "tags": []
            },
            "sys": {
              "space": {
                "sys": {
                  "type": "Link",
                  "linkType": "Space",
                  "id": "riy4ayq9brzz"
                }
              },
              "id": "5z0RnkNC0VYytL9nP9VK4G",
              "type": "Entry",
              "createdAt": "2022-07-11T07:51:46.574Z",
              "updatedAt": "2022-12-02T14:55:09.539Z",
              "environment": {
                "sys": {
                  "id": "master",
                  "type": "Link",
                  "linkType": "Environment"
                }
              },
              "revision": 11,
              "contentType": {
                "sys": {
                  "type": "Link",
                  "linkType": "ContentType",
                  "id": "event"
                }
              },
              "locale": "nl"
            },
            "fields": {
              "name": "disableInputField",
              "title": "Invoer veld tonen - disableInputField:false",
              "eventAttributes": {
                "payload": {
                  "value": false
                }
              }
            }
          }
        ],
        "nodeId": "node_4_1581522774220"
      }
    }
  ],
  "includes": {
    "Entry": [
      {
        "metadata": {
          "tags": []
        },
        "sys": {
          "space": {
            "sys": {
              "type": "Link",
              "linkType": "Space",
              "id": "riy4ayq9brzz"
            }
          },
          "id": "54TOy9Tx2BdHwufL1mVmBl",
          "type": "Entry",
          "createdAt": "2022-08-09T14:06:34.512Z",
          "updatedAt": "2022-08-09T14:06:34.512Z",
          "environment": {
            "sys": {
              "id": "master",
              "type": "Link",
              "linkType": "Environment"
            }
          },
          "revision": 1,
          "contentType": {
            "sys": {
              "type": "Link",
              "linkType": "ContentType",
              "id": "untypedResponse"
            }
          },
          "locale": "nl"
        },
        "fields": {
          "title": "U kunt mij alles vragen. Kom",
          "answerText": {
            "data": {},
            "content": [
              {
                "data": {},
                "content": [
                  {
                    "data": {},
                    "marks": [],
                    "value": "U kunt mij alles vragen. Kom ik er niet uit? Dan haal ik er hulp bij.",
                    "nodeType": "text"
                  }
                ],
                "nodeType": "paragraph"
              }
            ],
            "nodeType": "document"
          },
          "attributes": {
            "payload": {
              "url": "",
              "linkText": ""
            }
          }
        }
      },
      {
        "metadata": {
          "tags": []
        },
        "sys": {
          "space": {
            "sys": {
              "type": "Link",
              "linkType": "Space",
              "id": "riy4ayq9brzz"
            }
          },
          "id": "5z0RnkNC0VYytL9nP9VK4G",
          "type": "Entry",
          "createdAt": "2022-07-11T07:51:46.574Z",
          "updatedAt": "2022-12-02T14:55:09.539Z",
          "environment": {
            "sys": {
              "id": "master",
              "type": "Link",
              "linkType": "Environment"
            }
          },
          "revision": 11,
          "contentType": {
            "sys": {
              "type": "Link",
              "linkType": "ContentType",
              "id": "event"
            }
          },
          "locale": "nl"
        },
        "fields": {
          "name": "disableInputField",
          "title": "Invoer veld tonen - disableInputField:false",
          "eventAttributes": {
            "payload": {
              "value": false
            }
          }
        }
      },
      {
        "metadata": {
          "tags": []
        },
        "sys": {
          "space": {
            "sys": {
              "type": "Link",
              "linkType": "Space",
              "id": "riy4ayq9brzz"
            }
          },
          "id": "6rDDnW7O9CvftT0ScJrKqd",
          "type": "Entry",
          "createdAt": "2022-08-09T14:06:54.308Z",
          "updatedAt": "2023-01-09T06:41:33.101Z",
          "environment": {
            "sys": {
              "id": "master",
              "type": "Link",
              "linkType": "Environment"
            }
          },
          "revision": 4,
          "contentType": {
            "sys": {
              "type": "Link",
              "linkType": "ContentType",
              "id": "untypedResponse"
            }
          },
          "locale": "nl"
        },
        "fields": {
          "title": "Wat is uw vraag?",
          "type": "Question",
          "answerText": {
            "data": {},
            "content": [
              {
                "data": {},
                "content": [
                  {
                    "data": {},
                    "marks": [],
                    "value": "Wat is uw vraag?",
                    "nodeType": "text"
                  }
                ],
                "nodeType": "paragraph"
              }
            ],
            "nodeType": "document"
          },
          "attributes": {}
        }
      },
      {
        "metadata": {
          "tags": []
        },
        "sys": {
          "space": {
            "sys": {
              "type": "Link",
              "linkType": "Space",
              "id": "riy4ayq9brzz"
            }
          },
          "id": "702KMOlL5GDGlEhLIv2Oc9",
          "type": "Entry",
          "createdAt": "2022-08-09T14:06:32.065Z",
          "updatedAt": "2022-08-17T12:06:54.436Z",
          "environment": {
            "sys": {
              "id": "master",
              "type": "Link",
              "linkType": "Environment"
            }
          },
          "revision": 3,
          "contentType": {
            "sys": {
              "type": "Link",
              "linkType": "ContentType",
              "id": "untypedResponse"
            }
          },
          "locale": "nl"
        },
        "fields": {
          "title": "Hallo, ik ben chatbot Anna.",
          "answerText": {
            "data": {},
            "content": [
              {
                "data": {},
                "content": [
                  {
                    "data": {},
                    "marks": [],
                    "value": "Hallo, ik ben chatbot Anna.",
                    "nodeType": "text"
                  }
                ],
                "nodeType": "paragraph"
              }
            ],
            "nodeType": "document"
          },
          "attributes": {
            "payload": {
              "url": "",
              "linkText": ""
            }
          }
        }
      }
    ]
  }
}
