{
  "sys": {
    "type": "Array"
  },
  "total": 1,
  "skip": 0,
  "limit": 100,
  "items": [
    {
      "metadata": {
        "tags": []
      },
      "sys": {
        "space": {
          "sys": {
            "type": "Link",
            "linkType": "Space",
            "id": "riy4ayq9brzz"
          }
        },
        "id": "3nQtOAoCYeIhX5pxcbWdu8",
        "type": "Entry",
        "createdAt": "2022-07-25T09:43:45.475Z",
        "updatedAt": "2023-09-08T11:30:40.081Z",
        "environment": {
          "sys": {
            "id": "master",
            "type": "Link",
            "linkType": "Environment"
          }
        },
        "revision": 2,
        "contentType": {
          "sys": {
            "type": "Link",
            "linkType": "ContentType",
            "id": "node"
          }
        },
        "locale": "nl"
      },
      "fields": {
        "title": "iv component",
        "chatbot": "TestBot",
        "skill": "GenesysTestBot",
        "intent": "Components",
        "responses": [
          {
            "metadata": {
              "tags": []
            },
            "sys": {
              "space": {
                "sys": {
                  "type": "Link",
                  "linkType": "Space",
                  "id": "riy4ayq9brzz"
                }
              },
              "id": "5PPuEkWIGSpQ7sOjmSXdKg",
              "type": "Entry",
              "createdAt": "2022-07-25T12:14:29.182Z",
              "updatedAt": "2023-09-11T12:18:31.841Z",
              "environment": {
                "sys": {
                  "id": "master",
                  "type": "Link",
                  "linkType": "Environment"
                }
              },
              "revision": 7,
              "contentType": {
                "sys": {
                  "type": "Link",
                  "linkType": "ContentType",
                  "id": "untypedResponse"
                }
              },
              "locale": "nl"
            },
            "fields": {
              "title": "Gesprek starten",
              "type": "Pre-handover",
              "answerText": {
                "data": {},
                "content": [
                  {
                    "data": {},
                    "content": [
                      {
                        "data": {},
                        "marks": [],
                        "value": "Gesprek starten",
                        "nodeType": "text"
                      }
                    ],
                    "nodeType": "paragraph"
                  }
                ],
                "nodeType": "document"
              },
              "attributes": {
                "options": {
                  "title": "Beeldbankieren",
                  "payload": {
                    "eventTrack": {
                      "action": "direct-beeldbankieren-click",
                      "custom": {
                        "channel": "chatbot",
                        "teamsUrl": "https://www.youtube.com/watch?v=nfHqbO202Bs"
                      }
                    }
                  },
                  "teamsUrl": "https://www.youtube.com/watch?v=nfHqbO202Bs",
                  "meetingCode": "AABBCC123"
                },
                "isHidden": true,
                "response_type": "instantVideoCard"
              }
            }
          },
          {
            "metadata": {
              "tags": []
            },
            "sys": {
              "space": {
                "sys": {
                  "type": "Link",
                  "linkType": "Space",
                  "id": "riy4ayq9brzz"
                }
              },
              "id": "32N8LUEyhAC7uasqQK0AMT",
              "type": "Entry",
              "createdAt": "2022-07-25T12:14:29.162Z",
              "updatedAt": "2023-09-08T11:38:10.551Z",
              "environment": {
                "sys": {
                  "id": "master",
                  "type": "Link",
                  "linkType": "Environment"
                }
              },
              "revision": 2,
              "contentType": {
                "sys": {
                  "type": "Link",
                  "linkType": "ContentType",
                  "id": "untypedResponse"
                }
              },
              "locale": "nl"
            },
            "fields": {
              "title": "De teams meeting is hier",
              "type": "Instructional answer",
              "answerText": {
                "nodeType": "document",
                "data": {},
                "content": [
                  {
                    "nodeType": "paragraph",
                    "data": {},
                    "content": [
                      {
                        "nodeType": "text",
                        "value": "De teams meeting is hier te vinden: msteams:https://www.youtube.com/watch?v=nfHqbO202Bs",
                        "marks": [],
                        "data": {}
                      }
                    ]
                  }
                ]
              },
              "attributes": {
                "isHidden": true
              }
            }
          }
        ],
        "event": [
          {
            "metadata": {
              "tags": []
            },
            "sys": {
              "space": {
                "sys": {
                  "type": "Link",
                  "linkType": "Space",
                  "id": "riy4ayq9brzz"
                }
              },
              "id": "3Hw7q48uK9LXN5ISwBeTzs",
              "type": "Entry",
              "createdAt": "2022-07-26T16:41:43.885Z",
              "updatedAt": "2022-07-26T16:41:43.885Z",
              "environment": {
                "sys": {
                  "id": "master",
                  "type": "Link",
                  "linkType": "Environment"
                }
              },
              "revision": 1,
              "contentType": {
                "sys": {
                  "type": "Link",
                  "linkType": "ContentType",
                  "id": "event"
                }
              },
              "locale": "nl"
            },
            "fields": {
              "name": "overwriteWaitingMessage",
              "title": "overwriteWaitingMessage",
              "eventAttributes": {
                "response_type": "event",
                "name": "overwriteWaitingMessage",
                "payload": {
                  "value": "We zoeken een beschikbare collega voor u. Dit kan tot 5 minuten duren."
                }
              }
            }
          },
          {
            "metadata": {
              "tags": []
            },
            "sys": {
              "space": {
                "sys": {
                  "type": "Link",
                  "linkType": "Space",
                  "id": "riy4ayq9brzz"
                }
              },
              "id": "1VNtuiXkYDBvNHPjRFpn4f",
              "type": "Entry",
              "createdAt": "2022-07-08T15:14:31.698Z",
              "updatedAt": "2022-09-07T08:43:17.304Z",
              "environment": {
                "sys": {
                  "id": "master",
                  "type": "Link",
                  "linkType": "Environment"
                }
              },
              "revision": 8,
              "contentType": {
                "sys": {
                  "type": "Link",
                  "linkType": "ContentType",
                  "id": "event"
                }
              },
              "locale": "nl"
            },
            "fields": {
              "name": "disableInputField",
              "title": "Invoer veld niet tonen - disableInputField:true",
              "eventAttributes": {
                "payload": {
                  "value": true
                }
              }
            }
          },
          {
            "metadata": {
              "tags": []
            },
            "sys": {
              "space": {
                "sys": {
                  "type": "Link",
                  "linkType": "Space",
                  "id": "riy4ayq9brzz"
                }
              },
              "id": "3QAbh0n0o4VCQM1rQ0MkMl",
              "type": "Entry",
              "createdAt": "2022-07-26T16:41:43.869Z",
              "updatedAt": "2023-07-25T11:46:58.274Z",
              "environment": {
                "sys": {
                  "id": "master",
                  "type": "Link",
                  "linkType": "Environment"
                }
              },
              "revision": 2,
              "contentType": {
                "sys": {
                  "type": "Link",
                  "linkType": "ContentType",
                  "id": "event"
                }
              },
              "locale": "nl"
            },
            "fields": {
              "name": "liveAgentTransfer",
              "title": "liveAgentTransfer",
              "eventAttributes": {
                "name": "liveAgentTransfer",
                "payload": {
                  "chatSubject": "<? $livechat_endpoint ?>"
                },
                "response_type": "event"
              }
            }
          },
          {
            "metadata": {
              "tags": []
            },
            "sys": {
              "space": {
                "sys": {
                  "type": "Link",
                  "linkType": "Space",
                  "id": "riy4ayq9brzz"
                }
              },
              "id": "4ivYzeszqDlVcGbXVoNRyc",
              "type": "Entry",
              "createdAt": "2023-09-08T09:04:15.324Z",
              "updatedAt": "2023-09-08T11:16:52.625Z",
              "environment": {
                "sys": {
                  "id": "master",
                  "type": "Link",
                  "linkType": "Environment"
                }
              },
              "revision": 3,
              "contentType": {
                "sys": {
                  "type": "Link",
                  "linkType": "ContentType",
                  "id": "event"
                }
              },
              "locale": "nl"
            },
            "fields": {
              "name": "instantVideo",
              "title": "Start instant video",
              "eventAttributes": {
                "text": "Gesprek Starten",
                "title": "Beeldbankieren",
                "teamsUrl": "<? $webhook.teamsUrl ?>&webjoin=true"
              }
            }
          }
        ],
        "nodeId": "node_5_1617966613491"
      }
    }
  ],
  "includes": {
    "Entry": [
      {
        "metadata": {
          "tags": []
        },
        "sys": {
          "space": {
            "sys": {
              "type": "Link",
              "linkType": "Space",
              "id": "riy4ayq9brzz"
            }
          },
          "id": "1VNtuiXkYDBvNHPjRFpn4f",
          "type": "Entry",
          "createdAt": "2022-07-08T15:14:31.698Z",
          "updatedAt": "2022-09-07T08:43:17.304Z",
          "environment": {
            "sys": {
              "id": "master",
              "type": "Link",
              "linkType": "Environment"
            }
          },
          "revision": 8,
          "contentType": {
            "sys": {
              "type": "Link",
              "linkType": "ContentType",
              "id": "event"
            }
          },
          "locale": "nl"
        },
        "fields": {
          "name": "disableInputField",
          "title": "Invoer veld niet tonen - disableInputField:true",
          "eventAttributes": {
            "payload": {
              "value": true
            }
          }
        }
      },
      {
        "metadata": {
          "tags": []
        },
        "sys": {
          "space": {
            "sys": {
              "type": "Link",
              "linkType": "Space",
              "id": "riy4ayq9brzz"
            }
          },
          "id": "32N8LUEyhAC7uasqQK0AMT",
          "type": "Entry",
          "createdAt": "2022-07-25T12:14:29.162Z",
          "updatedAt": "2023-09-08T11:38:10.551Z",
          "environment": {
            "sys": {
              "id": "master",
              "type": "Link",
              "linkType": "Environment"
            }
          },
          "revision": 2,
          "contentType": {
            "sys": {
              "type": "Link",
              "linkType": "ContentType",
              "id": "untypedResponse"
            }
          },
          "locale": "nl"
        },
        "fields": {
          "title": "De teams meeting is hier",
          "type": "Instructional answer",
          "answerText": {
            "nodeType": "document",
            "data": {},
            "content": [
              {
                "nodeType": "paragraph",
                "data": {},
                "content": [
                  {
                    "nodeType": "text",
                    "value": "De teams meeting is hier te vinden: msteams:https://www.youtube.com/watch?v=nfHqbO202Bs",
                    "marks": [],
                    "data": {}
                  }
                ]
              }
            ]
          },
          "attributes": {
            "isHidden": true
          }
        }
      },
      {
        "metadata": {
          "tags": []
        },
        "sys": {
          "space": {
            "sys": {
              "type": "Link",
              "linkType": "Space",
              "id": "riy4ayq9brzz"
            }
          },
          "id": "3Hw7q48uK9LXN5ISwBeTzs",
          "type": "Entry",
          "createdAt": "2022-07-26T16:41:43.885Z",
          "updatedAt": "2022-07-26T16:41:43.885Z",
          "environment": {
            "sys": {
              "id": "master",
              "type": "Link",
              "linkType": "Environment"
            }
          },
          "revision": 1,
          "contentType": {
            "sys": {
              "type": "Link",
              "linkType": "ContentType",
              "id": "event"
            }
          },
          "locale": "nl"
        },
        "fields": {
          "name": "overwriteWaitingMessage",
          "title": "overwriteWaitingMessage",
          "eventAttributes": {
            "response_type": "event",
            "name": "overwriteWaitingMessage",
            "payload": {
              "value": "We zoeken een beschikbare collega voor u. Dit kan tot 5 minuten duren."
            }
          }
        }
      },
      {
        "metadata": {
          "tags": []
        },
        "sys": {
          "space": {
            "sys": {
              "type": "Link",
              "linkType": "Space",
              "id": "riy4ayq9brzz"
            }
          },
          "id": "3QAbh0n0o4VCQM1rQ0MkMl",
          "type": "Entry",
          "createdAt": "2022-07-26T16:41:43.869Z",
          "updatedAt": "2023-07-25T11:46:58.274Z",
          "environment": {
            "sys": {
              "id": "master",
              "type": "Link",
              "linkType": "Environment"
            }
          },
          "revision": 2,
          "contentType": {
            "sys": {
              "type": "Link",
              "linkType": "ContentType",
              "id": "event"
            }
          },
          "locale": "nl"
        },
        "fields": {
          "name": "liveAgentTransfer",
          "title": "liveAgentTransfer",
          "eventAttributes": {
            "name": "liveAgentTransfer",
            "payload": {
              "chatSubject": "<? $livechat_endpoint ?>"
            },
            "response_type": "event"
          }
        }
      },
      {
        "metadata": {
          "tags": []
        },
        "sys": {
          "space": {
            "sys": {
              "type": "Link",
              "linkType": "Space",
              "id": "riy4ayq9brzz"
            }
          },
          "id": "4ivYzeszqDlVcGbXVoNRyc",
          "type": "Entry",
          "createdAt": "2023-09-08T09:04:15.324Z",
          "updatedAt": "2023-09-08T11:16:52.625Z",
          "environment": {
            "sys": {
              "id": "master",
              "type": "Link",
              "linkType": "Environment"
            }
          },
          "revision": 3,
          "contentType": {
            "sys": {
              "type": "Link",
              "linkType": "ContentType",
              "id": "event"
            }
          },
          "locale": "nl"
        },
        "fields": {
          "name": "instantVideo",
          "title": "Start instant video",
          "eventAttributes": {
            "text": "Gesprek Starten",
            "title": "Beeldbankieren",
            "teamsUrl": "<? $webhook.teamsUrl ?>&webjoin=true"
          }
        }
      },
      {
        "metadata": {
          "tags": []
        },
        "sys": {
          "space": {
            "sys": {
              "type": "Link",
              "linkType": "Space",
              "id": "riy4ayq9brzz"
            }
          },
          "id": "5PPuEkWIGSpQ7sOjmSXdKg",
          "type": "Entry",
          "createdAt": "2022-07-25T12:14:29.182Z",
          "updatedAt": "2023-09-11T12:18:31.841Z",
          "environment": {
            "sys": {
              "id": "master",
              "type": "Link",
              "linkType": "Environment"
            }
          },
          "revision": 7,
          "contentType": {
            "sys": {
              "type": "Link",
              "linkType": "ContentType",
              "id": "untypedResponse"
            }
          },
          "locale": "nl"
        },
        "fields": {
          "title": "Gesprek starten",
          "type": "Pre-handover",
          "answerText": {
            "data": {},
            "content": [
              {
                "data": {},
                "content": [
                  {
                    "data": {},
                    "marks": [],
                    "value": "Gesprek starten",
                    "nodeType": "text"
                  }
                ],
                "nodeType": "paragraph"
              }
            ],
            "nodeType": "document"
          },
          "attributes": {
            "options": {
              "title": "Beeldbankieren",
              "payload": {
                "eventTrack": {
                  "action": "direct-beeldbankieren-click",
                  "custom": {
                    "channel": "chatbot",
                    "teamsUrl": "https://www.youtube.com/watch?v=nfHqbO202Bs"
                  }
                }
              },
              "teamsUrl": "https://www.youtube.com/watch?v=nfHqbO202Bs",
              "meetingCode": "AABBCC123"
            },
            "isHidden": true,
            "response_type": "instantVideoCard"
          }
        }
      }
    ]
  }
}
