{
  "sys": {
    "type": "Array"
  },
  "total": 2,
  "skip": 0,
  "limit": 100,
  "items": [
    {
      "metadata": {
        "tags": []
      },
      "sys": {
        "space": {
          "sys": {
            "type": "Link",
            "linkType": "Space",
            "id": "riy4ayq9brzz"
          }
        },
        "id": "1VnlhxvECmxbBeK9NQncRP",
        "type": "Entry",
        "createdAt": "2022-07-25T09:43:56.976Z",
        "updatedAt": "2022-07-25T09:43:56.976Z",
        "environment": {
          "sys": {
            "id": "master",
            "type": "Link",
            "linkType": "Environment"
          }
        },
        "revision": 1,
        "contentType": {
          "sys": {
            "type": "Link",
            "linkType": "ContentType",
            "id": "node"
          }
        },
        "locale": "nl"
      },
      "fields": {
        "title": "link",
        "chatbot": "TestBot",
        "skill": "GenesysTestBot",
        "intent": "Components",
        "responses": [
          {
            "metadata": {
              "tags": []
            },
            "sys": {
              "space": {
                "sys": {
                  "type": "Link",
                  "linkType": "Space",
                  "id": "riy4ayq9brzz"
                }
              },
              "id": "1h1GHBujz0XZ7j12FuSleX",
              "type": "Entry",
              "createdAt": "2022-07-25T12:14:41.693Z",
              "updatedAt": "2023-02-14T08:57:25.483Z",
              "environment": {
                "sys": {
                  "id": "master",
                  "type": "Link",
                  "linkType": "Environment"
                }
              },
              "revision": 3,
              "contentType": {
                "sys": {
                  "type": "Link",
                  "linkType": "ContentType",
                  "id": "untypedResponse"
                }
              },
              "locale": "nl"
            },
            "fields": {
              "title": "Do you see the link in",
              "type": "Question",
              "answerText": {
                "data": {},
                "content": [
                  {
                    "data": {},
                    "content": [
                      {
                        "data": {},
                        "marks": [],
                        "value": "Do you see the deeplink in the next text bubble?",
                        "nodeType": "text"
                      }
                    ],
                    "nodeType": "paragraph"
                  }
                ],
                "nodeType": "document"
              },
              "link": {
                "metadata": {
                  "tags": []
                },
                "sys": {
                  "space": {
                    "sys": {
                      "type": "Link",
                      "linkType": "Space",
                      "id": "riy4ayq9brzz"
                    }
                  },
                  "id": "5OwLST03QEou27dQNmfr0u",
                  "type": "Entry",
                  "createdAt": "2023-02-14T08:57:21.074Z",
                  "updatedAt": "2023-02-14T08:57:21.074Z",
                  "environment": {
                    "sys": {
                      "id": "master",
                      "type": "Link",
                      "linkType": "Environment"
                    }
                  },
                  "revision": 1,
                  "contentType": {
                    "sys": {
                      "type": "Link",
                      "linkType": "ContentType",
                      "id": "link"
                    }
                  },
                  "locale": "nl"
                },
                "fields": {
                  "name": "Deeplink - Test",
                  "linkText": "Deeplink to mijn-abnamro",
                  "linkUrl": "/mijn-abnamro/bij-en-afschrijven/index.html"
                }
              },
              "attributes": {}
            }
          },
          {
            "metadata": {
              "tags": []
            },
            "sys": {
              "space": {
                "sys": {
                  "type": "Link",
                  "linkType": "Space",
                  "id": "riy4ayq9brzz"
                }
              },
              "id": "23y4cBRCZVOibJpRUUPROR",
              "type": "Entry",
              "createdAt": "2022-07-25T12:14:41.652Z",
              "updatedAt": "2023-04-04T12:06:57.490Z",
              "environment": {
                "sys": {
                  "id": "master",
                  "type": "Link",
                  "linkType": "Environment"
                }
              },
              "revision": 4,
              "contentType": {
                "sys": {
                  "type": "Link",
                  "linkType": "ContentType",
                  "id": "untypedResponse"
                }
              },
              "locale": "nl"
            },
            "fields": {
              "title": "This is the first text field.",
              "type": "Informational answer",
              "answerText": {
                "data": {},
                "content": [
                  {
                    "data": {},
                    "content": [
                      {
                        "data": {},
                        "marks": [],
                        "value": "This is the first text field. Below this field, we should also see a different part of the bubble that represents the link!",
                        "nodeType": "text"
                      }
                    ],
                    "nodeType": "paragraph"
                  }
                ],
                "nodeType": "document"
              },
              "link": {
                "metadata": {
                  "tags": []
                },
                "sys": {
                  "space": {
                    "sys": {
                      "type": "Link",
                      "linkType": "Space",
                      "id": "riy4ayq9brzz"
                    }
                  },
                  "id": "60CINiDxgS761vGvhZKXOb",
                  "type": "Entry",
                  "createdAt": "2022-07-26T16:42:21.464Z",
                  "updatedAt": "2022-07-26T16:42:21.464Z",
                  "environment": {
                    "sys": {
                      "id": "master",
                      "type": "Link",
                      "linkType": "Environment"
                    }
                  },
                  "revision": 1,
                  "contentType": {
                    "sys": {
                      "type": "Link",
                      "linkType": "ContentType",
                      "id": "link"
                    }
                  },
                  "locale": "nl"
                },
                "fields": {
                  "name": "Go to google",
                  "linkText": "Go to google",
                  "linkUrl": "https://www.google.com",
                  "external": false
                }
              }
            }
          },
          {
            "metadata": {
              "tags": []
            },
            "sys": {
              "space": {
                "sys": {
                  "type": "Link",
                  "linkType": "Space",
                  "id": "riy4ayq9brzz"
                }
              },
              "id": "12Xy9QDbBtpxPksTtN62pB",
              "type": "Entry",
              "createdAt": "2022-07-25T12:14:41.625Z",
              "updatedAt": "2023-02-08T07:43:07.092Z",
              "environment": {
                "sys": {
                  "id": "master",
                  "type": "Link",
                  "linkType": "Environment"
                }
              },
              "revision": 3,
              "contentType": {
                "sys": {
                  "type": "Link",
                  "linkType": "ContentType",
                  "id": "untypedResponse"
                }
              },
              "locale": "nl"
            },
            "fields": {
              "title": "Same domain link forced to open",
              "type": "Instructional answer",
              "answerText": {
                "data": {},
                "content": [
                  {
                    "data": {},
                    "content": [
                      {
                        "data": {},
                        "marks": [],
                        "value": "Same domain link forced to open in new tab",
                        "nodeType": "text"
                      }
                    ],
                    "nodeType": "paragraph"
                  }
                ],
                "nodeType": "document"
              },
              "link": {
                "metadata": {
                  "tags": []
                },
                "sys": {
                  "space": {
                    "sys": {
                      "type": "Link",
                      "linkType": "Space",
                      "id": "riy4ayq9brzz"
                    }
                  },
                  "id": "4ABAdezK64j2njRUV6nlzB",
                  "type": "Entry",
                  "createdAt": "2022-07-26T16:43:47.106Z",
                  "updatedAt": "2022-07-26T16:43:47.106Z",
                  "environment": {
                    "sys": {
                      "id": "master",
                      "type": "Link",
                      "linkType": "Environment"
                    }
                  },
                  "revision": 1,
                  "contentType": {
                    "sys": {
                      "type": "Link",
                      "linkType": "ContentType",
                      "id": "link"
                    }
                  },
                  "locale": "nl"
                },
                "fields": {
                  "name": "Goes to nl/prive/index.html",
                  "linkText": "Goes to nl/prive/index.html",
                  "linkUrl": "https://www.abnamro.nl/nl/prive/index.html",
                  "external": true
                }
              }
            }
          },
          {
            "metadata": {
              "tags": []
            },
            "sys": {
              "space": {
                "sys": {
                  "type": "Link",
                  "linkType": "Space",
                  "id": "riy4ayq9brzz"
                }
              },
              "id": "34XrsFJ91c3EPmbfxjXvgE",
              "type": "Entry",
              "createdAt": "2022-07-25T12:14:41.599Z",
              "updatedAt": "2023-02-14T08:58:38.018Z",
              "environment": {
                "sys": {
                  "id": "master",
                  "type": "Link",
                  "linkType": "Environment"
                }
              },
              "revision": 7,
              "contentType": {
                "sys": {
                  "type": "Link",
                  "linkType": "ContentType",
                  "id": "untypedResponse"
                }
              },
              "locale": "nl"
            },
            "fields": {
              "title": "External link forced to open in",
              "type": "Informational answer",
              "answerText": {
                "nodeType": "document",
                "data": {},
                "content": [
                  {
                    "nodeType": "paragraph",
                    "data": {},
                    "content": [
                      {
                        "nodeType": "text",
                        "value": "External link forced to ",
                        "marks": [],
                        "data": {}
                      },
                      {
                        "nodeType": "hyperlink",
                        "data": {
                          "uri": "https://www-et1.abnamro.nl/nl/prive/verzekeren/overstappen/index.html"
                        },
                        "content": [
                          {
                            "nodeType": "text",
                            "value": "hallo sam",
                            "marks": [],
                            "data": {}
                          }
                        ]
                      },
                      {
                        "nodeType": "text",
                        "value": " open in same tab ",
                        "marks": [],
                        "data": {}
                      },
                      {
                        "nodeType": "hyperlink",
                        "data": {
                          "uri": "https://www-et1.abnamro.nl/nl/prive/"
                        },
                        "content": [
                          {
                            "nodeType": "text",
                            "value": "hallo sam",
                            "marks": [],
                            "data": {}
                          }
                        ]
                      },
                      {
                        "nodeType": "text",
                        "value": " ",
                        "marks": [],
                        "data": {}
                      }
                    ]
                  }
                ]
              },
              "link": {
                "metadata": {
                  "tags": []
                },
                "sys": {
                  "space": {
                    "sys": {
                      "type": "Link",
                      "linkType": "Space",
                      "id": "riy4ayq9brzz"
                    }
                  },
                  "id": "4zx1Dy13Xh9JtFyFLKrHpC",
                  "type": "Entry",
                  "createdAt": "2022-07-26T16:42:21.440Z",
                  "updatedAt": "2023-02-14T08:58:34.019Z",
                  "environment": {
                    "sys": {
                      "id": "master",
                      "type": "Link",
                      "linkType": "Environment"
                    }
                  },
                  "revision": 3,
                  "contentType": {
                    "sys": {
                      "type": "Link",
                      "linkType": "ContentType",
                      "id": "link"
                    }
                  },
                  "locale": "nl"
                },
                "fields": {
                  "name": "Goes to abnamro dot com",
                  "linkText": "Goes to abnamro dot com",
                  "linkUrl": "https://www.abnamro.com",
                  "external": false
                }
              }
            }
          },
          {
            "metadata": {
              "tags": []
            },
            "sys": {
              "space": {
                "sys": {
                  "type": "Link",
                  "linkType": "Space",
                  "id": "riy4ayq9brzz"
                }
              },
              "id": "TD5wbfcLz7CBmmuZocSyp",
              "type": "Entry",
              "createdAt": "2022-07-25T12:14:41.573Z",
              "updatedAt": "2023-02-14T08:58:49.466Z",
              "environment": {
                "sys": {
                  "id": "master",
                  "type": "Link",
                  "linkType": "Environment"
                }
              },
              "revision": 2,
              "contentType": {
                "sys": {
                  "type": "Link",
                  "linkType": "ContentType",
                  "id": "untypedResponse"
                }
              },
              "locale": "nl"
            },
            "fields": {
              "title": "Internal valid links without isExternal set",
              "type": "Good to know",
              "answerText": {
                "data": {},
                "content": [
                  {
                    "data": {},
                    "content": [
                      {
                        "data": {},
                        "marks": [],
                        "value": "Internal valid links without isExternal set",
                        "nodeType": "text"
                      }
                    ],
                    "nodeType": "paragraph"
                  }
                ],
                "nodeType": "document"
              },
              "link": {
                "metadata": {
                  "tags": []
                },
                "sys": {
                  "space": {
                    "sys": {
                      "type": "Link",
                      "linkType": "Space",
                      "id": "riy4ayq9brzz"
                    }
                  },
                  "id": "4EBeo0VkTLb6EAPALjvOmx",
                  "type": "Entry",
                  "createdAt": "2022-07-26T16:42:21.421Z",
                  "updatedAt": "2023-05-04T19:00:00.691Z",
                  "environment": {
                    "sys": {
                      "id": "master",
                      "type": "Link",
                      "linkType": "Environment"
                    }
                  },
                  "revision": 2,
                  "contentType": {
                    "sys": {
                      "type": "Link",
                      "linkType": "ContentType",
                      "id": "link"
                    }
                  },
                  "locale": "nl"
                },
                "fields": {
                  "name": "Goes to abnamro dot bank",
                  "linkText": "Goes to abnamro dot bank",
                  "linkUrl": "https://abnamro.bank/PersoonlijkeLeningAnna14",
                  "external": false
                }
              }
            }
          }
        ],
        "event": [
          {
            "metadata": {
              "tags": []
            },
            "sys": {
              "space": {
                "sys": {
                  "type": "Link",
                  "linkType": "Space",
                  "id": "riy4ayq9brzz"
                }
              },
              "id": "1VNtuiXkYDBvNHPjRFpn4f",
              "type": "Entry",
              "createdAt": "2022-07-08T15:14:31.698Z",
              "updatedAt": "2022-09-07T08:43:17.304Z",
              "environment": {
                "sys": {
                  "id": "master",
                  "type": "Link",
                  "linkType": "Environment"
                }
              },
              "revision": 8,
              "contentType": {
                "sys": {
                  "type": "Link",
                  "linkType": "ContentType",
                  "id": "event"
                }
              },
              "locale": "nl"
            },
            "fields": {
              "name": "disableInputField",
              "title": "Invoer veld niet tonen - disableInputField:true",
              "eventAttributes": {
                "payload": {
                  "value": true
                }
              }
            }
          }
        ],
        "nodeId": "node_3_1614604992276"
      }
    },
    {
      "metadata": {
        "tags": []
      },
      "sys": {
        "space": {
          "sys": {
            "type": "Link",
            "linkType": "Space",
            "id": "riy4ayq9brzz"
          }
        },
        "id": "7B1EFkLp6NoE97jD6vQPXq",
        "type": "Entry",
        "createdAt": "2022-07-25T09:43:33.664Z",
        "updatedAt": "2022-07-25T09:43:33.664Z",
        "environment": {
          "sys": {
            "id": "master",
            "type": "Link",
            "linkType": "Environment"
          }
        },
        "revision": 1,
        "contentType": {
          "sys": {
            "type": "Link",
            "linkType": "ContentType",
            "id": "node"
          }
        },
        "locale": "nl"
      },
      "fields": {
        "title": "Link in suggested actions",
        "chatbot": "TestBot",
        "skill": "GenesysTestBot",
        "intent": "Components",
        "responses": [
          {
            "metadata": {
              "tags": []
            },
            "sys": {
              "space": {
                "sys": {
                  "type": "Link",
                  "linkType": "Space",
                  "id": "riy4ayq9brzz"
                }
              },
              "id": "5xWzhApw5hq24GMvDEiZD3",
              "type": "Entry",
              "createdAt": "2022-07-25T12:14:15.284Z",
              "updatedAt": "2022-07-25T12:14:15.284Z",
              "environment": {
                "sys": {
                  "id": "master",
                  "type": "Link",
                  "linkType": "Environment"
                }
              },
              "revision": 1,
              "contentType": {
                "sys": {
                  "type": "Link",
                  "linkType": "ContentType",
                  "id": "untypedResponse"
                }
              },
              "locale": "nl"
            },
            "fields": {
              "title": "Lets test it with suggested actions",
              "answerText": {
                "data": {},
                "content": [
                  {
                    "data": {},
                    "content": [
                      {
                        "data": {},
                        "marks": [],
                        "value": "Lets test it with suggested actions shall we? Here both the link and the buttons should be visible.",
                        "nodeType": "text"
                      }
                    ],
                    "nodeType": "paragraph"
                  }
                ],
                "nodeType": "document"
              },
              "link": {
                "metadata": {
                  "tags": []
                },
                "sys": {
                  "space": {
                    "sys": {
                      "type": "Link",
                      "linkType": "Space",
                      "id": "riy4ayq9brzz"
                    }
                  },
                  "id": "1jlaWOKSTKKy2d2Q6KQBah",
                  "type": "Entry",
                  "createdAt": "2022-07-26T16:42:11.751Z",
                  "updatedAt": "2022-07-26T16:42:11.751Z",
                  "environment": {
                    "sys": {
                      "id": "master",
                      "type": "Link",
                      "linkType": "Environment"
                    }
                  },
                  "revision": 1,
                  "contentType": {
                    "sys": {
                      "type": "Link",
                      "linkType": "ContentType",
                      "id": "link"
                    }
                  },
                  "locale": "nl"
                },
                "fields": {
                  "name": "This goes to home page",
                  "linkText": "This goes to home page",
                  "linkUrl": "https://www.abnamro.nl/nl/prive/index.html",
                  "external": false
                }
              }
            }
          }
        ],
        "options": [
          {
            "metadata": {
              "tags": []
            },
            "sys": {
              "space": {
                "sys": {
                  "type": "Link",
                  "linkType": "Space",
                  "id": "riy4ayq9brzz"
                }
              },
              "id": "2OROOqBDEJvTn1ovgaaLCY",
              "type": "Entry",
              "createdAt": "2022-07-26T16:40:59.873Z",
              "updatedAt": "2022-07-26T16:40:59.873Z",
              "environment": {
                "sys": {
                  "id": "master",
                  "type": "Link",
                  "linkType": "Environment"
                }
              },
              "revision": 1,
              "contentType": {
                "sys": {
                  "type": "Link",
                  "linkType": "ContentType",
                  "id": "botResponseButton"
                }
              },
              "locale": "nl"
            },
            "fields": {
              "title": "Foo",
              "buttonText": "Foo"
            }
          },
          {
            "metadata": {
              "tags": []
            },
            "sys": {
              "space": {
                "sys": {
                  "type": "Link",
                  "linkType": "Space",
                  "id": "riy4ayq9brzz"
                }
              },
              "id": "5c0bQWjcuceW2chBBDVTxL",
              "type": "Entry",
              "createdAt": "2022-07-26T16:40:59.855Z",
              "updatedAt": "2022-07-26T16:40:59.855Z",
              "environment": {
                "sys": {
                  "id": "master",
                  "type": "Link",
                  "linkType": "Environment"
                }
              },
              "revision": 1,
              "contentType": {
                "sys": {
                  "type": "Link",
                  "linkType": "ContentType",
                  "id": "botResponseButton"
                }
              },
              "locale": "nl"
            },
            "fields": {
              "title": "Bar",
              "buttonText": "Bar",
              "payload": {
                "primary": true
              }
            }
          }
        ],
        "event": [
          {
            "metadata": {
              "tags": []
            },
            "sys": {
              "space": {
                "sys": {
                  "type": "Link",
                  "linkType": "Space",
                  "id": "riy4ayq9brzz"
                }
              },
              "id": "5z0RnkNC0VYytL9nP9VK4G",
              "type": "Entry",
              "createdAt": "2022-07-11T07:51:46.574Z",
              "updatedAt": "2022-12-02T14:55:09.539Z",
              "environment": {
                "sys": {
                  "id": "master",
                  "type": "Link",
                  "linkType": "Environment"
                }
              },
              "revision": 11,
              "contentType": {
                "sys": {
                  "type": "Link",
                  "linkType": "ContentType",
                  "id": "event"
                }
              },
              "locale": "nl"
            },
            "fields": {
              "name": "disableInputField",
              "title": "Invoer veld tonen - disableInputField:false",
              "eventAttributes": {
                "payload": {
                  "value": false
                }
              }
            }
          }
        ],
        "nodeId": "node_7_1614679194456"
      }
    }
  ],
  "includes": {
    "Entry": [
      {
        "metadata": {
          "tags": []
        },
        "sys": {
          "space": {
            "sys": {
              "type": "Link",
              "linkType": "Space",
              "id": "riy4ayq9brzz"
            }
          },
          "id": "12Xy9QDbBtpxPksTtN62pB",
          "type": "Entry",
          "createdAt": "2022-07-25T12:14:41.625Z",
          "updatedAt": "2023-02-08T07:43:07.092Z",
          "environment": {
            "sys": {
              "id": "master",
              "type": "Link",
              "linkType": "Environment"
            }
          },
          "revision": 3,
          "contentType": {
            "sys": {
              "type": "Link",
              "linkType": "ContentType",
              "id": "untypedResponse"
            }
          },
          "locale": "nl"
        },
        "fields": {
          "title": "Same domain link forced to open",
          "type": "Instructional answer",
          "answerText": {
            "data": {},
            "content": [
              {
                "data": {},
                "content": [
                  {
                    "data": {},
                    "marks": [],
                    "value": "Same domain link forced to open in new tab",
                    "nodeType": "text"
                  }
                ],
                "nodeType": "paragraph"
              }
            ],
            "nodeType": "document"
          },
          "link": {
            "metadata": {
              "tags": []
            },
            "sys": {
              "space": {
                "sys": {
                  "type": "Link",
                  "linkType": "Space",
                  "id": "riy4ayq9brzz"
                }
              },
              "id": "4ABAdezK64j2njRUV6nlzB",
              "type": "Entry",
              "createdAt": "2022-07-26T16:43:47.106Z",
              "updatedAt": "2022-07-26T16:43:47.106Z",
              "environment": {
                "sys": {
                  "id": "master",
                  "type": "Link",
                  "linkType": "Environment"
                }
              },
              "revision": 1,
              "contentType": {
                "sys": {
                  "type": "Link",
                  "linkType": "ContentType",
                  "id": "link"
                }
              },
              "locale": "nl"
            },
            "fields": {
              "name": "Goes to nl/prive/index.html",
              "linkText": "Goes to nl/prive/index.html",
              "linkUrl": "https://www.abnamro.nl/nl/prive/index.html",
              "external": true
            }
          },
          "attributes": {
            "payload": {
              "url": "/nl/prive/index.html",
              "linkText": "Goes to nl/prive/index.html"
            }
          }
        }
      },
      {
        "metadata": {
          "tags": []
        },
        "sys": {
          "space": {
            "sys": {
              "type": "Link",
              "linkType": "Space",
              "id": "riy4ayq9brzz"
            }
          },
          "id": "1VNtuiXkYDBvNHPjRFpn4f",
          "type": "Entry",
          "createdAt": "2022-07-08T15:14:31.698Z",
          "updatedAt": "2022-09-07T08:43:17.304Z",
          "environment": {
            "sys": {
              "id": "master",
              "type": "Link",
              "linkType": "Environment"
            }
          },
          "revision": 8,
          "contentType": {
            "sys": {
              "type": "Link",
              "linkType": "ContentType",
              "id": "event"
            }
          },
          "locale": "nl"
        },
        "fields": {
          "name": "disableInputField",
          "title": "Invoer veld niet tonen - disableInputField:true",
          "eventAttributes": {
            "payload": {
              "value": true
            }
          }
        }
      },
      {
        "metadata": {
          "tags": []
        },
        "sys": {
          "space": {
            "sys": {
              "type": "Link",
              "linkType": "Space",
              "id": "riy4ayq9brzz"
            }
          },
          "id": "1h1GHBujz0XZ7j12FuSleX",
          "type": "Entry",
          "createdAt": "2022-07-25T12:14:41.693Z",
          "updatedAt": "2023-02-14T08:57:25.483Z",
          "environment": {
            "sys": {
              "id": "master",
              "type": "Link",
              "linkType": "Environment"
            }
          },
          "revision": 3,
          "contentType": {
            "sys": {
              "type": "Link",
              "linkType": "ContentType",
              "id": "untypedResponse"
            }
          },
          "locale": "nl"
        },
        "fields": {
          "title": "Do you see the link in",
          "type": "Question",
          "answerText": {
            "data": {},
            "content": [
              {
                "data": {},
                "content": [
                  {
                    "data": {},
                    "marks": [],
                    "value": "Do you see the deeplink in the next text bubble?",
                    "nodeType": "text"
                  }
                ],
                "nodeType": "paragraph"
              }
            ],
            "nodeType": "document"
          },
          "link": {
            "metadata": {
              "tags": []
            },
            "sys": {
              "space": {
                "sys": {
                  "type": "Link",
                  "linkType": "Space",
                  "id": "riy4ayq9brzz"
                }
              },
              "id": "5OwLST03QEou27dQNmfr0u",
              "type": "Entry",
              "createdAt": "2023-02-14T08:57:21.074Z",
              "updatedAt": "2023-02-14T08:57:21.074Z",
              "environment": {
                "sys": {
                  "id": "master",
                  "type": "Link",
                  "linkType": "Environment"
                }
              },
              "revision": 1,
              "contentType": {
                "sys": {
                  "type": "Link",
                  "linkType": "ContentType",
                  "id": "link"
                }
              },
              "locale": "nl"
            },
            "fields": {
              "name": "Deeplink - Test",
              "linkText": "Deeplink to mijn-abnamro",
              "linkUrl": "/mijn-abnamro/bij-en-afschrijven/index.html"
            }
          },
          "attributes": {}
        }
      },
      {
        "metadata": {
          "tags": []
        },
        "sys": {
          "space": {
            "sys": {
              "type": "Link",
              "linkType": "Space",
              "id": "riy4ayq9brzz"
            }
          },
          "id": "1jlaWOKSTKKy2d2Q6KQBah",
          "type": "Entry",
          "createdAt": "2022-07-26T16:42:11.751Z",
          "updatedAt": "2022-07-26T16:42:11.751Z",
          "environment": {
            "sys": {
              "id": "master",
              "type": "Link",
              "linkType": "Environment"
            }
          },
          "revision": 1,
          "contentType": {
            "sys": {
              "type": "Link",
              "linkType": "ContentType",
              "id": "link"
            }
          },
          "locale": "nl"
        },
        "fields": {
          "name": "This goes to home page",
          "linkText": "This goes to home page",
          "linkUrl": "https://www.abnamro.nl/nl/prive/index.html",
          "external": false
        }
      },
      {
        "metadata": {
          "tags": []
        },
        "sys": {
          "space": {
            "sys": {
              "type": "Link",
              "linkType": "Space",
              "id": "riy4ayq9brzz"
            }
          },
          "id": "23y4cBRCZVOibJpRUUPROR",
          "type": "Entry",
          "createdAt": "2022-07-25T12:14:41.652Z",
          "updatedAt": "2023-04-04T12:06:57.490Z",
          "environment": {
            "sys": {
              "id": "master",
              "type": "Link",
              "linkType": "Environment"
            }
          },
          "revision": 4,
          "contentType": {
            "sys": {
              "type": "Link",
              "linkType": "ContentType",
              "id": "untypedResponse"
            }
          },
          "locale": "nl"
        },
        "fields": {
          "title": "This is the first text field.",
          "type": "Informational answer",
          "answerText": {
            "data": {},
            "content": [
              {
                "data": {},
                "content": [
                  {
                    "data": {},
                    "marks": [],
                    "value": "This is the first text field. Below this field, we should also see a different part of the bubble that represents the link!",
                    "nodeType": "text"
                  }
                ],
                "nodeType": "paragraph"
              }
            ],
            "nodeType": "document"
          },
          "link": {
            "metadata": {
              "tags": []
            },
            "sys": {
              "space": {
                "sys": {
                  "type": "Link",
                  "linkType": "Space",
                  "id": "riy4ayq9brzz"
                }
              },
              "id": "60CINiDxgS761vGvhZKXOb",
              "type": "Entry",
              "createdAt": "2022-07-26T16:42:21.464Z",
              "updatedAt": "2022-07-26T16:42:21.464Z",
              "environment": {
                "sys": {
                  "id": "master",
                  "type": "Link",
                  "linkType": "Environment"
                }
              },
              "revision": 1,
              "contentType": {
                "sys": {
                  "type": "Link",
                  "linkType": "ContentType",
                  "id": "link"
                }
              },
              "locale": "nl"
            },
            "fields": {
              "name": "Go to google",
              "linkText": "Go to google",
              "linkUrl": "https://www.google.com",
              "external": false
            }
          }
        }
      },
      {
        "metadata": {
          "tags": []
        },
        "sys": {
          "space": {
            "sys": {
              "type": "Link",
              "linkType": "Space",
              "id": "riy4ayq9brzz"
            }
          },
          "id": "2OROOqBDEJvTn1ovgaaLCY",
          "type": "Entry",
          "createdAt": "2022-07-26T16:40:59.873Z",
          "updatedAt": "2022-07-26T16:40:59.873Z",
          "environment": {
            "sys": {
              "id": "master",
              "type": "Link",
              "linkType": "Environment"
            }
          },
          "revision": 1,
          "contentType": {
            "sys": {
              "type": "Link",
              "linkType": "ContentType",
              "id": "botResponseButton"
            }
          },
          "locale": "nl"
        },
        "fields": {
          "title": "Foo",
          "buttonText": "Foo"
        }
      },
      {
        "metadata": {
          "tags": []
        },
        "sys": {
          "space": {
            "sys": {
              "type": "Link",
              "linkType": "Space",
              "id": "riy4ayq9brzz"
            }
          },
          "id": "34XrsFJ91c3EPmbfxjXvgE",
          "type": "Entry",
          "createdAt": "2022-07-25T12:14:41.599Z",
          "updatedAt": "2023-02-14T08:58:38.018Z",
          "environment": {
            "sys": {
              "id": "master",
              "type": "Link",
              "linkType": "Environment"
            }
          },
          "revision": 7,
          "contentType": {
            "sys": {
              "type": "Link",
              "linkType": "ContentType",
              "id": "untypedResponse"
            }
          },
          "locale": "nl"
        },
        "fields": {
          "title": "External link forced to open in",
          "type": "Informational answer",
          "answerText": {
            "nodeType": "document",
            "data": {},
            "content": [
              {
                "nodeType": "paragraph",
                "data": {},
                "content": [
                  {
                    "nodeType": "text",
                    "value": "External link forced to ",
                    "marks": [],
                    "data": {}
                  },
                  {
                    "nodeType": "hyperlink",
                    "data": {
                      "uri": "https://www-et1.abnamro.nl/nl/prive/verzekeren/overstappen/index.html"
                    },
                    "content": [
                      {
                        "nodeType": "text",
                        "value": "hallo sam",
                        "marks": [],
                        "data": {}
                      }
                    ]
                  },
                  {
                    "nodeType": "text",
                    "value": " open in same tab ",
                    "marks": [],
                    "data": {}
                  },
                  {
                    "nodeType": "hyperlink",
                    "data": {
                      "uri": "https://www-et1.abnamro.nl/nl/prive/"
                    },
                    "content": [
                      {
                        "nodeType": "text",
                        "value": "hallo sam",
                        "marks": [],
                        "data": {}
                      }
                    ]
                  },
                  {
                    "nodeType": "text",
                    "value": " ",
                    "marks": [],
                    "data": {}
                  }
                ]
              }
            ]
          },
          "link": {
            "metadata": {
              "tags": []
            },
            "sys": {
              "space": {
                "sys": {
                  "type": "Link",
                  "linkType": "Space",
                  "id": "riy4ayq9brzz"
                }
              },
              "id": "4zx1Dy13Xh9JtFyFLKrHpC",
              "type": "Entry",
              "createdAt": "2022-07-26T16:42:21.440Z",
              "updatedAt": "2023-02-14T08:58:34.019Z",
              "environment": {
                "sys": {
                  "id": "master",
                  "type": "Link",
                  "linkType": "Environment"
                }
              },
              "revision": 3,
              "contentType": {
                "sys": {
                  "type": "Link",
                  "linkType": "ContentType",
                  "id": "link"
                }
              },
              "locale": "nl"
            },
            "fields": {
              "name": "Goes to abnamro dot com",
              "linkText": "Goes to abnamro dot com",
              "linkUrl": "https://www.abnamro.com",
              "external": false
            }
          }
        }
      },
      {
        "metadata": {
          "tags": []
        },
        "sys": {
          "space": {
            "sys": {
              "type": "Link",
              "linkType": "Space",
              "id": "riy4ayq9brzz"
            }
          },
          "id": "4ABAdezK64j2njRUV6nlzB",
          "type": "Entry",
          "createdAt": "2022-07-26T16:43:47.106Z",
          "updatedAt": "2022-07-26T16:43:47.106Z",
          "environment": {
            "sys": {
              "id": "master",
              "type": "Link",
              "linkType": "Environment"
            }
          },
          "revision": 1,
          "contentType": {
            "sys": {
              "type": "Link",
              "linkType": "ContentType",
              "id": "link"
            }
          },
          "locale": "nl"
        },
        "fields": {
          "name": "Goes to nl/prive/index.html",
          "linkText": "Goes to nl/prive/index.html",
          "linkUrl": "https://www.abnamro.nl/nl/prive/index.html",
          "external": true
        }
      },
      {
        "metadata": {
          "tags": []
        },
        "sys": {
          "space": {
            "sys": {
              "type": "Link",
              "linkType": "Space",
              "id": "riy4ayq9brzz"
            }
          },
          "id": "4EBeo0VkTLb6EAPALjvOmx",
          "type": "Entry",
          "createdAt": "2022-07-26T16:42:21.421Z",
          "updatedAt": "2023-05-04T19:00:00.691Z",
          "environment": {
            "sys": {
              "id": "master",
              "type": "Link",
              "linkType": "Environment"
            }
          },
          "revision": 2,
          "contentType": {
            "sys": {
              "type": "Link",
              "linkType": "ContentType",
              "id": "link"
            }
          },
          "locale": "nl"
        },
        "fields": {
          "name": "Goes to abnamro dot bank",
          "linkText": "Goes to abnamro dot bank",
          "linkUrl": "https://www.abnamro.nl/nl/prive/lenen/leningen/persoonlijke-lening/index.html",
          "external": false
        }
      },
      {
        "metadata": {
          "tags": []
        },
        "sys": {
          "space": {
            "sys": {
              "type": "Link",
              "linkType": "Space",
              "id": "riy4ayq9brzz"
            }
          },
          "id": "4zx1Dy13Xh9JtFyFLKrHpC",
          "type": "Entry",
          "createdAt": "2022-07-26T16:42:21.440Z",
          "updatedAt": "2023-02-14T08:58:34.019Z",
          "environment": {
            "sys": {
              "id": "master",
              "type": "Link",
              "linkType": "Environment"
            }
          },
          "revision": 3,
          "contentType": {
            "sys": {
              "type": "Link",
              "linkType": "ContentType",
              "id": "link"
            }
          },
          "locale": "nl"
        },
        "fields": {
          "name": "Goes to abnamro dot com",
          "linkText": "Goes to abnamro dot com",
          "linkUrl": "https://www.abnamro.com",
          "external": false
        }
      },
      {
        "metadata": {
          "tags": []
        },
        "sys": {
          "space": {
            "sys": {
              "type": "Link",
              "linkType": "Space",
              "id": "riy4ayq9brzz"
            }
          },
          "id": "5OwLST03QEou27dQNmfr0u",
          "type": "Entry",
          "createdAt": "2023-02-14T08:57:21.074Z",
          "updatedAt": "2023-02-14T08:57:21.074Z",
          "environment": {
            "sys": {
              "id": "master",
              "type": "Link",
              "linkType": "Environment"
            }
          },
          "revision": 1,
          "contentType": {
            "sys": {
              "type": "Link",
              "linkType": "ContentType",
              "id": "link"
            }
          },
          "locale": "nl"
        },
        "fields": {
          "name": "Deeplink - Test",
          "linkText": "Deeplink to mijn-abnamro",
          "linkUrl": "/mijn-abnamro/bij-en-afschrijven/index.html"
        }
      },
      {
        "metadata": {
          "tags": []
        },
        "sys": {
          "space": {
            "sys": {
              "type": "Link",
              "linkType": "Space",
              "id": "riy4ayq9brzz"
            }
          },
          "id": "5c0bQWjcuceW2chBBDVTxL",
          "type": "Entry",
          "createdAt": "2022-07-26T16:40:59.855Z",
          "updatedAt": "2022-07-26T16:40:59.855Z",
          "environment": {
            "sys": {
              "id": "master",
              "type": "Link",
              "linkType": "Environment"
            }
          },
          "revision": 1,
          "contentType": {
            "sys": {
              "type": "Link",
              "linkType": "ContentType",
              "id": "botResponseButton"
            }
          },
          "locale": "nl"
        },
        "fields": {
          "title": "Bar",
          "buttonText": "Bar",
          "payload": {
            "primary": true
          }
        }
      },
      {
        "metadata": {
          "tags": []
        },
        "sys": {
          "space": {
            "sys": {
              "type": "Link",
              "linkType": "Space",
              "id": "riy4ayq9brzz"
            }
          },
          "id": "5xWzhApw5hq24GMvDEiZD3",
          "type": "Entry",
          "createdAt": "2022-07-25T12:14:15.284Z",
          "updatedAt": "2022-07-25T12:14:15.284Z",
          "environment": {
            "sys": {
              "id": "master",
              "type": "Link",
              "linkType": "Environment"
            }
          },
          "revision": 1,
          "contentType": {
            "sys": {
              "type": "Link",
              "linkType": "ContentType",
              "id": "untypedResponse"
            }
          },
          "locale": "nl"
        },
        "fields": {
          "title": "Lets test it with suggested actions",
          "answerText": {
            "data": {},
            "content": [
              {
                "data": {},
                "content": [
                  {
                    "data": {},
                    "marks": [],
                    "value": "Lets test it with suggested actions shall we? Here both the link and the buttons should be visible.",
                    "nodeType": "text"
                  }
                ],
                "nodeType": "paragraph"
              }
            ],
            "nodeType": "document"
          },
          "link": {
            "metadata": {
              "tags": []
            },
            "sys": {
              "space": {
                "sys": {
                  "type": "Link",
                  "linkType": "Space",
                  "id": "riy4ayq9brzz"
                }
              },
              "id": "1jlaWOKSTKKy2d2Q6KQBah",
              "type": "Entry",
              "createdAt": "2022-07-26T16:42:11.751Z",
              "updatedAt": "2022-07-26T16:42:11.751Z",
              "environment": {
                "sys": {
                  "id": "master",
                  "type": "Link",
                  "linkType": "Environment"
                }
              },
              "revision": 1,
              "contentType": {
                "sys": {
                  "type": "Link",
                  "linkType": "ContentType",
                  "id": "link"
                }
              },
              "locale": "nl"
            },
            "fields": {
              "name": "This goes to home page",
              "linkText": "This goes to home page",
              "linkUrl": "https://www.abnamro.nl/nl/prive/index.html",
              "external": false
            }
          },
          "attributes": {
            "payload": {
              "url": "/nl/prive/index.html",
              "linkText": "This goes to home page"
            }
          }
        }
      },
      {
        "metadata": {
          "tags": []
        },
        "sys": {
          "space": {
            "sys": {
              "type": "Link",
              "linkType": "Space",
              "id": "riy4ayq9brzz"
            }
          },
          "id": "5z0RnkNC0VYytL9nP9VK4G",
          "type": "Entry",
          "createdAt": "2022-07-11T07:51:46.574Z",
          "updatedAt": "2022-12-02T14:55:09.539Z",
          "environment": {
            "sys": {
              "id": "master",
              "type": "Link",
              "linkType": "Environment"
            }
          },
          "revision": 11,
          "contentType": {
            "sys": {
              "type": "Link",
              "linkType": "ContentType",
              "id": "event"
            }
          },
          "locale": "nl"
        },
        "fields": {
          "name": "disableInputField",
          "title": "Invoer veld tonen - disableInputField:false",
          "eventAttributes": {
            "payload": {
              "value": false
            }
          }
        }
      },
      {
        "metadata": {
          "tags": []
        },
        "sys": {
          "space": {
            "sys": {
              "type": "Link",
              "linkType": "Space",
              "id": "riy4ayq9brzz"
            }
          },
          "id": "60CINiDxgS761vGvhZKXOb",
          "type": "Entry",
          "createdAt": "2022-07-26T16:42:21.464Z",
          "updatedAt": "2022-07-26T16:42:21.464Z",
          "environment": {
            "sys": {
              "id": "master",
              "type": "Link",
              "linkType": "Environment"
            }
          },
          "revision": 1,
          "contentType": {
            "sys": {
              "type": "Link",
              "linkType": "ContentType",
              "id": "link"
            }
          },
          "locale": "nl"
        },
        "fields": {
          "name": "Go to google",
          "linkText": "Go to google",
          "linkUrl": "https://www.google.com",
          "external": false
        }
      },
      {
        "metadata": {
          "tags": []
        },
        "sys": {
          "space": {
            "sys": {
              "type": "Link",
              "linkType": "Space",
              "id": "riy4ayq9brzz"
            }
          },
          "id": "TD5wbfcLz7CBmmuZocSyp",
          "type": "Entry",
          "createdAt": "2022-07-25T12:14:41.573Z",
          "updatedAt": "2023-02-14T08:58:49.466Z",
          "environment": {
            "sys": {
              "id": "master",
              "type": "Link",
              "linkType": "Environment"
            }
          },
          "revision": 2,
          "contentType": {
            "sys": {
              "type": "Link",
              "linkType": "ContentType",
              "id": "untypedResponse"
            }
          },
          "locale": "nl"
        },
        "fields": {
          "title": "Internal valid links without isExternal set",
          "type": "Good to know",
          "answerText": {
            "data": {},
            "content": [
              {
                "data": {},
                "content": [
                  {
                    "data": {},
                    "marks": [],
                    "value": "Internal valid links without isExternal set",
                    "nodeType": "text"
                  }
                ],
                "nodeType": "paragraph"
              }
            ],
            "nodeType": "document"
          },
          "link": {
            "metadata": {
              "tags": []
            },
            "sys": {
              "space": {
                "sys": {
                  "type": "Link",
                  "linkType": "Space",
                  "id": "riy4ayq9brzz"
                }
              },
              "id": "4EBeo0VkTLb6EAPALjvOmx",
              "type": "Entry",
              "createdAt": "2022-07-26T16:42:21.421Z",
              "updatedAt": "2023-05-04T19:00:00.691Z",
              "environment": {
                "sys": {
                  "id": "master",
                  "type": "Link",
                  "linkType": "Environment"
                }
              },
              "revision": 2,
              "contentType": {
                "sys": {
                  "type": "Link",
                  "linkType": "ContentType",
                  "id": "link"
                }
              },
              "locale": "nl"
            },
            "fields": {
              "name": "Goes to abnamro dot bank",
              "linkText": "Goes to abnamro dot bank",
              "linkUrl": "https://www.abnamro.nl/nl/prive/lenen/leningen/persoonlijke-lening/index.html",
              "external": false
            }
          },
          "attributes": {
            "payload": {
              "url": "https://abnamro.bank/PersoonlijkeLeningAnna14",
              "linkText": "Goes to abnamro dot bank"
            }
          }
        }
      }
    ]
  }
}
