{
  "sys": {
    "type": "Array"
  },
  "total": 1,
  "skip": 0,
  "limit": 100,
  "items": [
    {
      "metadata": {
        "tags": []
      },
      "sys": {
        "space": {
          "sys": {
            "type": "Link",
            "linkType": "Space",
            "id": "riy4ayq9brzz"
          }
        },
        "id": "5uh9KsJ4gisSzc6RlCutmQ",
        "type": "Entry",
        "createdAt": "2023-01-31T09:02:18.768Z",
        "updatedAt": "2023-02-07T10:01:16.749Z",
        "environment": {
          "sys": {
            "id": "master",
            "type": "Link",
            "linkType": "Environment"
          }
        },
        "revision": 4,
        "contentType": {
          "sys": {
            "type": "Link",
            "linkType": "ContentType",
            "id": "node"
          }
        },
        "locale": "nl"
      },
      "fields": {
        "title": "Multi step component placholder",
        "chatbot": "TestBot",
        "skill": "GenesysTestBot",
        "responses": [
          {
            "metadata": {
              "tags": []
            },
            "sys": {
              "space": {
                "sys": {
                  "type": "Link",
                  "linkType": "Space",
                  "id": "riy4ayq9brzz"
                }
              },
              "id": "7LFt6Mgb2ZSJhsJXhJ7jOR",
              "type": "Entry",
              "createdAt": "2023-01-31T09:02:56.942Z",
              "updatedAt": "2023-06-30T12:27:16.471Z",
              "environment": {
                "sys": {
                  "id": "master",
                  "type": "Link",
                  "linkType": "Environment"
                }
              },
              "revision": 15,
              "contentType": {
                "sys": {
                  "type": "Link",
                  "linkType": "ContentType",
                  "id": "botResponse2"
                }
              },
              "locale": "nl"
            },
            "fields": {
              "title": "This is how you add multi step component right now",
              "answerText": {
                "data": {},
                "content": [
                  {
                    "data": {},
                    "content": [
                      {
                        "data": {},
                        "marks": [],
                        "value": "Here you can place some text that should show up above the opening link.",
                        "nodeType": "text"
                      }
                    ],
                    "nodeType": "paragraph"
                  }
                ],
                "nodeType": "document"
              },
              "genericLevel": "Chat only",
              "attributes": {
                "payload": {
                  "multiStepInstruction": {
                    "steps": [
                      {
                        "title": "Basically similar to regular swag just no response_type",
                        "bottomText": "Oke! Ga eerst op uw computer naar het inlogscherm van Internet Bankieren en kies voor ‘Inloggen met QR code’.",
                        "text": "Step 1",
                        "images": [
                          {
                            "imgSrc": "https://assets.abnamro.com/api/public/content/dsc-edgar-laptop-still-07-landscape-3x2.jpg?t=w624",
                            "imgAlt": "abc"
                          }
                        ],
                        "payload": [
                          {
                            "url": "https://www.abnamro.nl/nl/prive/index.html",
                            "linkText": "First link",
                            "isExternal": false
                          },
                          {
                            "url": "",
                            "linkText": "Second link",
                            "isExternal": false
                          }
                        ]
                      },
                      {
                        "title": "Basically similar to regular swag just no response_type",
                        "bottomText": "Oke! Ga eerst op uw computer naar het inlogscherm van Internet Bankieren en kies voor ‘Inloggen met QR code’.",
                        "text": "Step 2",
                        "images": [
                          {
                            "imgSrc": "https://www.abnamro.nl/nl/media/autoverzekering-cashback-nov-NBA-ankeiler_tcm16-83575.jpg",
                            "imgAlt": "abc"
                          }
                        ],
                        "payload": [
                          {
                            "url": "",
                            "linkText": "First link",
                            "isExternal": false
                          }
                        ]
                      },
                      {
                        "title": "Basically similar to regular swag just no response_type",
                        "bottomText": "Amet minim mollit non deserunt ullamco est sit aliqua dolor do amet sint. Velit officia consequat duis enim velit mollit. Exercitation veniam consequat sunt nostrud amet.",
                        "text": "Step 3",
                        "images": [
                          {
                            "imgSrc": "https://www.abnamro.nl/nl/media/autoverzekering-cashback-nov-NBA-ankeiler_tcm16-83575.jpg",
                            "imgAlt": "abc"
                          }
                        ],
                        "payload": [
                          {
                            "url": "",
                            "linkText": "First link",
                            "isExternal": false
                          }
                        ]
                      }
                    ],
                    "text": "Open step component"
                  }
                }
              }
            }
          },
          {
            "metadata": {
              "tags": []
            },
            "sys": {
              "space": {
                "sys": {
                  "type": "Link",
                  "linkType": "Space",
                  "id": "riy4ayq9brzz"
                }
              },
              "id": "2VUoDH6Tmcb92AOMhH3HdK",
              "type": "Entry",
              "createdAt": "2023-02-02T09:38:28.695Z",
              "updatedAt": "2023-06-20T11:09:24.700Z",
              "environment": {
                "sys": {
                  "id": "master",
                  "type": "Link",
                  "linkType": "Environment"
                }
              },
              "revision": 3,
              "contentType": {
                "sys": {
                  "type": "Link",
                  "linkType": "ContentType",
                  "id": "question"
                }
              },
              "locale": "nl"
            },
            "fields": {
              "title": "Is it sufficient?",
              "answerText": {
                "nodeType": "document",
                "data": {},
                "content": [
                  {
                    "nodeType": "paragraph",
                    "data": {},
                    "content": [
                      {
                        "nodeType": "text",
                        "value": "Is it sufficient with Two Steps?",
                        "marks": [],
                        "data": {}
                      }
                    ]
                  }
                ]
              },
              "genericLevel": "Chat only",
              "attributes": {}
            }
          }
        ],
        "options": [
          {
            "metadata": {
              "tags": []
            },
            "sys": {
              "space": {
                "sys": {
                  "type": "Link",
                  "linkType": "Space",
                  "id": "riy4ayq9brzz"
                }
              },
              "id": "1EKWN5Sx5QJQMp5Yajzfyo",
              "type": "Entry",
              "createdAt": "2023-02-02T09:39:05.462Z",
              "updatedAt": "2023-02-07T10:00:20.659Z",
              "environment": {
                "sys": {
                  "id": "master",
                  "type": "Link",
                  "linkType": "Environment"
                }
              },
              "revision": 2,
              "contentType": {
                "sys": {
                  "type": "Link",
                  "linkType": "ContentType",
                  "id": "botResponseButton"
                }
              },
              "locale": "nl"
            },
            "fields": {
              "title": "Ja",
              "buttonText": "Ja",
              "genericLevel": "Chat only",
              "payload": {}
            }
          },
          {
            "metadata": {
              "tags": []
            },
            "sys": {
              "space": {
                "sys": {
                  "type": "Link",
                  "linkType": "Space",
                  "id": "riy4ayq9brzz"
                }
              },
              "id": "74GRGAHCa1EKYveem51jBH",
              "type": "Entry",
              "createdAt": "2023-02-02T09:39:25.359Z",
              "updatedAt": "2023-03-24T08:01:43.245Z",
              "environment": {
                "sys": {
                  "id": "master",
                  "type": "Link",
                  "linkType": "Environment"
                }
              },
              "revision": 3,
              "contentType": {
                "sys": {
                  "type": "Link",
                  "linkType": "ContentType",
                  "id": "botResponseButton"
                }
              },
              "locale": "nl"
            },
            "fields": {
              "title": "Nee",
              "buttonText": "Nee",
              "genericLevel": "Chat only",
              "payload": {}
            }
          }
        ],
        "event": [
          {
            "metadata": {
              "tags": []
            },
            "sys": {
              "space": {
                "sys": {
                  "type": "Link",
                  "linkType": "Space",
                  "id": "riy4ayq9brzz"
                }
              },
              "id": "5z0RnkNC0VYytL9nP9VK4G",
              "type": "Entry",
              "createdAt": "2022-07-11T07:51:46.574Z",
              "updatedAt": "2022-12-02T14:55:09.539Z",
              "environment": {
                "sys": {
                  "id": "master",
                  "type": "Link",
                  "linkType": "Environment"
                }
              },
              "revision": 11,
              "contentType": {
                "sys": {
                  "type": "Link",
                  "linkType": "ContentType",
                  "id": "event"
                }
              },
              "locale": "nl"
            },
            "fields": {
              "name": "disableInputField",
              "title": "Invoer veld tonen - disableInputField:false",
              "eventAttributes": {
                "payload": {
                  "value": false
                }
              }
            }
          }
        ]
      }
    }
  ],
  "includes": {
    "Entry": [
      {
        "metadata": {
          "tags": []
        },
        "sys": {
          "space": {
            "sys": {
              "type": "Link",
              "linkType": "Space",
              "id": "riy4ayq9brzz"
            }
          },
          "id": "1EKWN5Sx5QJQMp5Yajzfyo",
          "type": "Entry",
          "createdAt": "2023-02-02T09:39:05.462Z",
          "updatedAt": "2023-02-07T10:00:20.659Z",
          "environment": {
            "sys": {
              "id": "master",
              "type": "Link",
              "linkType": "Environment"
            }
          },
          "revision": 2,
          "contentType": {
            "sys": {
              "type": "Link",
              "linkType": "ContentType",
              "id": "botResponseButton"
            }
          },
          "locale": "nl"
        },
        "fields": {
          "title": "Ja",
          "buttonText": "Ja",
          "genericLevel": "Chat only",
          "payload": {}
        }
      },
      {
        "metadata": {
          "tags": []
        },
        "sys": {
          "space": {
            "sys": {
              "type": "Link",
              "linkType": "Space",
              "id": "riy4ayq9brzz"
            }
          },
          "id": "2VUoDH6Tmcb92AOMhH3HdK",
          "type": "Entry",
          "createdAt": "2023-02-02T09:38:28.695Z",
          "updatedAt": "2023-06-20T11:09:24.700Z",
          "environment": {
            "sys": {
              "id": "master",
              "type": "Link",
              "linkType": "Environment"
            }
          },
          "revision": 3,
          "contentType": {
            "sys": {
              "type": "Link",
              "linkType": "ContentType",
              "id": "question"
            }
          },
          "locale": "nl"
        },
        "fields": {
          "title": "Is it sufficient?",
          "answerText": {
            "nodeType": "document",
            "data": {},
            "content": [
              {
                "nodeType": "paragraph",
                "data": {},
                "content": [
                  {
                    "nodeType": "text",
                    "value": "Is it sufficient with Two Steps?",
                    "marks": [],
                    "data": {}
                  }
                ]
              }
            ]
          },
          "genericLevel": "Chat only",
          "attributes": {}
        }
      },
      {
        "metadata": {
          "tags": []
        },
        "sys": {
          "space": {
            "sys": {
              "type": "Link",
              "linkType": "Space",
              "id": "riy4ayq9brzz"
            }
          },
          "id": "5z0RnkNC0VYytL9nP9VK4G",
          "type": "Entry",
          "createdAt": "2022-07-11T07:51:46.574Z",
          "updatedAt": "2022-12-02T14:55:09.539Z",
          "environment": {
            "sys": {
              "id": "master",
              "type": "Link",
              "linkType": "Environment"
            }
          },
          "revision": 11,
          "contentType": {
            "sys": {
              "type": "Link",
              "linkType": "ContentType",
              "id": "event"
            }
          },
          "locale": "nl"
        },
        "fields": {
          "name": "disableInputField",
          "title": "Invoer veld tonen - disableInputField:false",
          "eventAttributes": {
            "payload": {
              "value": false
            }
          }
        }
      },
      {
        "metadata": {
          "tags": []
        },
        "sys": {
          "space": {
            "sys": {
              "type": "Link",
              "linkType": "Space",
              "id": "riy4ayq9brzz"
            }
          },
          "id": "74GRGAHCa1EKYveem51jBH",
          "type": "Entry",
          "createdAt": "2023-02-02T09:39:25.359Z",
          "updatedAt": "2023-03-24T08:01:43.245Z",
          "environment": {
            "sys": {
              "id": "master",
              "type": "Link",
              "linkType": "Environment"
            }
          },
          "revision": 3,
          "contentType": {
            "sys": {
              "type": "Link",
              "linkType": "ContentType",
              "id": "botResponseButton"
            }
          },
          "locale": "nl"
        },
        "fields": {
          "title": "Nee",
          "buttonText": "Nee",
          "genericLevel": "Chat only",
          "payload": {}
        }
      },
      {
        "metadata": {
          "tags": []
        },
        "sys": {
          "space": {
            "sys": {
              "type": "Link",
              "linkType": "Space",
              "id": "riy4ayq9brzz"
            }
          },
          "id": "7LFt6Mgb2ZSJhsJXhJ7jOR",
          "type": "Entry",
          "createdAt": "2023-01-31T09:02:56.942Z",
          "updatedAt": "2023-06-30T12:27:16.471Z",
          "environment": {
            "sys": {
              "id": "master",
              "type": "Link",
              "linkType": "Environment"
            }
          },
          "revision": 15,
          "contentType": {
            "sys": {
              "type": "Link",
              "linkType": "ContentType",
              "id": "botResponse2"
            }
          },
          "locale": "nl"
        },
        "fields": {
          "title": "This is how you add multi step component right now",
          "answerText": {
            "data": {},
            "content": [
              {
                "data": {},
                "content": [
                  {
                    "data": {},
                    "marks": [],
                    "value": "Here you can place some text that should show up above the opening link.",
                    "nodeType": "text"
                  }
                ],
                "nodeType": "paragraph"
              }
            ],
            "nodeType": "document"
          },
          "genericLevel": "Chat only",
          "attributes": {
            "payload": {
              "multiStepInstruction": {
                "steps": [
                  {
                    "title": "Basically similar to regular swag just no response_type",
                    "bottomText": "Oke! Ga eerst op uw computer naar het inlogscherm van Internet Bankieren en kies voor ‘Inloggen met QR code’.",
                    "text": "Step 1",
                    "images": [
                      {
                        "imgSrc": "https://assets.abnamro.com/api/public/content/dsc-edgar-laptop-still-07-landscape-3x2.jpg?t=w624",
                        "imgAlt": "abc"
                      }
                    ],
                    "payload": [
                      {
                        "url": "https://www.abnamro.nl/nl/prive/index.html",
                        "linkText": "First link",
                        "isExternal": false
                      },
                      {
                        "url": "",
                        "linkText": "Second link",
                        "isExternal": false
                      }
                    ]
                  },
                  {
                    "title": "Basically similar to regular swag just no response_type",
                    "bottomText": "Oke! Ga eerst op uw computer naar het inlogscherm van Internet Bankieren en kies voor ‘Inloggen met QR code’.",
                    "text": "Step 2",
                    "images": [
                      {
                        "imgSrc": "https://www.abnamro.nl/nl/media/autoverzekering-cashback-nov-NBA-ankeiler_tcm16-83575.jpg",
                        "imgAlt": "abc"
                      }
                    ],
                    "payload": [
                      {
                        "url": "",
                        "linkText": "First link",
                        "isExternal": false
                      }
                    ]
                  },
                  {
                    "title": "Basically similar to regular swag just no response_type",
                    "bottomText": "Amet minim mollit non deserunt ullamco est sit aliqua dolor do amet sint. Velit officia consequat duis enim velit mollit. Exercitation veniam consequat sunt nostrud amet.",
                    "text": "Step 3",
                    "images": [
                      {
                        "imgSrc": "https://www.abnamro.nl/nl/media/autoverzekering-cashback-nov-NBA-ankeiler_tcm16-83575.jpg",
                        "imgAlt": "abc"
                      }
                    ],
                    "payload": [
                      {
                        "url": "",
                        "linkText": "First link",
                        "isExternal": false
                      }
                    ]
                  }
                ],
                "text": "Open step component"
              }
            }
          }
        }
      }
    ]
  }
}
