{
  "sys": {
    "type": "Array"
  },
  "total": 2,
  "skip": 0,
  "limit": 100,
  "items": [
    {
      "metadata": {
        "tags": []
      },
      "sys": {
        "space": {
          "sys": {
            "type": "Link",
            "linkType": "Space",
            "id": "riy4ayq9brzz"
          }
        },
        "id": "6JdLXhw9GEG3TJQ0gIJgl7",
        "type": "Entry",
        "createdAt": "2022-07-25T09:43:57.498Z",
        "updatedAt": "2023-06-27T13:48:53.532Z",
        "environment": {
          "sys": {
            "id": "master",
            "type": "Link",
            "linkType": "Environment"
          }
        },
        "revision": 2,
        "contentType": {
          "sys": {
            "type": "Link",
            "linkType": "ContentType",
            "id": "node"
          }
        },
        "locale": "nl"
      },
      "fields": {
        "title": "Markdown",
        "chatbot": "TestBot",
        "skill": "GenesysTestBot",
        "intent": "Components",
        "responses": [
          {
            "metadata": {
              "tags": []
            },
            "sys": {
              "space": {
                "sys": {
                  "type": "Link",
                  "linkType": "Space",
                  "id": "riy4ayq9brzz"
                }
              },
              "id": "4ZUgcFy0arqtxGgkx0kL1M",
              "type": "Entry",
              "createdAt": "2022-07-25T12:14:41.919Z",
              "updatedAt": "2023-06-27T13:46:13.955Z",
              "environment": {
                "sys": {
                  "id": "master",
                  "type": "Link",
                  "linkType": "Environment"
                }
              },
              "revision": 2,
              "contentType": {
                "sys": {
                  "type": "Link",
                  "linkType": "ContentType",
                  "id": "untypedResponse"
                }
              },
              "locale": "nl"
            },
            "fields": {
              "title": "# Header 1\nSome *examples* of __using",
              "type": "Good to know",
              "answerText": {
                "nodeType": "document",
                "data": {},
                "content": [
                  {
                    "nodeType": "paragraph",
                    "data": {},
                    "content": [
                      {
                        "nodeType": "text",
                        "value": "# Header 1\n*examples* __of markdown__.\n## Header 2\nHere is an unsorted list\n* This ",
                        "marks": [],
                        "data": {}
                      },
                      {
                        "nodeType": "hyperlink",
                        "data": {
                          "uri": "https://github.com/adam-p/markdown-here/wiki/Markdown-Cheatsheet"
                        },
                        "content": [
                          {
                            "nodeType": "text",
                            "value": "link",
                            "marks": [],
                            "data": {}
                          }
                        ]
                      },
                      {
                        "nodeType": "text",
                        "value": " opens in a new tab or window, also its an actually useful link with markdown info\n* This ",
                        "marks": [],
                        "data": {}
                      },
                      {
                        "nodeType": "hyperlink",
                        "data": {
                          "uri": "https://www.abnamro.nl"
                        },
                        "content": [
                          {
                            "nodeType": "text",
                            "value": "aab",
                            "marks": [],
                            "data": {}
                          }
                        ]
                      },
                      {
                        "nodeType": "text",
                        "value": " opens ~~here~~ in the same tab).<br>* Also some HTML works as well",
                        "marks": [],
                        "data": {}
                      }
                    ]
                  }
                ]
              },
              "attributes": {}
            }
          },
          {
            "metadata": {
              "tags": []
            },
            "sys": {
              "space": {
                "sys": {
                  "type": "Link",
                  "linkType": "Space",
                  "id": "riy4ayq9brzz"
                }
              },
              "id": "6vSdzfxGfWwbYcrYzdpErn",
              "type": "Entry",
              "createdAt": "2023-06-27T13:48:46.634Z",
              "updatedAt": "2023-06-27T13:49:30.731Z",
              "environment": {
                "sys": {
                  "id": "master",
                  "type": "Link",
                  "linkType": "Environment"
                }
              },
              "revision": 2,
              "contentType": {
                "sys": {
                  "type": "Link",
                  "linkType": "ContentType",
                  "id": "goodToKnow"
                }
              },
              "locale": "nl"
            },
            "fields": {
              "title": "markdown unsupported",
              "answerText": {
                "nodeType": "document",
                "data": {},
                "content": [
                  {
                    "nodeType": "paragraph",
                    "data": {},
                    "content": [
                      {
                        "nodeType": "text",
                        "value": "Unsupported markdown",
                        "marks": [],
                        "data": {}
                      }
                    ]
                  },
                  {
                    "nodeType": "paragraph",
                    "data": {},
                    "content": [
                      {
                        "nodeType": "text",
                        "value": "> Dorothy followed her through many of the beautiful rooms in her castle.\n>\n>> The Witch bade her clean the pots and kettles and sweep the floor and keep the fire fed with wood.",
                        "marks": [],
                        "data": {}
                      }
                    ]
                  }
                ]
              },
              "genericLevel": "Chat only"
            }
          }
        ],
        "event": [
          {
            "metadata": {
              "tags": []
            },
            "sys": {
              "space": {
                "sys": {
                  "type": "Link",
                  "linkType": "Space",
                  "id": "riy4ayq9brzz"
                }
              },
              "id": "5z0RnkNC0VYytL9nP9VK4G",
              "type": "Entry",
              "createdAt": "2022-07-11T07:51:46.574Z",
              "updatedAt": "2022-12-02T14:55:09.539Z",
              "environment": {
                "sys": {
                  "id": "master",
                  "type": "Link",
                  "linkType": "Environment"
                }
              },
              "revision": 11,
              "contentType": {
                "sys": {
                  "type": "Link",
                  "linkType": "ContentType",
                  "id": "event"
                }
              },
              "locale": "nl"
            },
            "fields": {
              "name": "disableInputField",
              "title": "Invoer veld tonen - disableInputField:false",
              "eventAttributes": {
                "payload": {
                  "value": false
                }
              }
            }
          }
        ],
        "nodeId": "node_3_1584462823380"
      }
    },
    {
      "metadata": {
        "tags": []
      },
      "sys": {
        "space": {
          "sys": {
            "type": "Link",
            "linkType": "Space",
            "id": "riy4ayq9brzz"
          }
        },
        "id": "3103RszdoRPd45wzPOMKPG",
        "type": "Entry",
        "createdAt": "2022-07-25T09:43:33.553Z",
        "updatedAt": "2023-01-06T17:43:47.085Z",
        "environment": {
          "sys": {
            "id": "master",
            "type": "Link",
            "linkType": "Environment"
          }
        },
        "revision": 2,
        "contentType": {
          "sys": {
            "type": "Link",
            "linkType": "ContentType",
            "id": "node"
          }
        },
        "locale": "nl"
      },
      "fields": {
        "chatbot": "TestBot",
        "skill": "GenesysTestBot",
        "intent": "Components",
        "responses": [
          {
            "metadata": {
              "tags": []
            },
            "sys": {
              "space": {
                "sys": {
                  "type": "Link",
                  "linkType": "Space",
                  "id": "riy4ayq9brzz"
                }
              },
              "id": "5V58LyM5p4n81V0XCT6Jg1",
              "type": "Entry",
              "createdAt": "2023-01-06T17:43:46.103Z",
              "updatedAt": "2023-01-06T17:43:46.103Z",
              "environment": {
                "sys": {
                  "id": "master",
                  "type": "Link",
                  "linkType": "Environment"
                }
              },
              "revision": 1,
              "contentType": {
                "sys": {
                  "type": "Link",
                  "linkType": "ContentType",
                  "id": "question"
                }
              },
              "locale": "nl"
            },
            "fields": {
              "title": "Multiple images coming up!",
              "answerText": {
                "nodeType": "document",
                "data": {},
                "content": [
                  {
                    "nodeType": "paragraph",
                    "data": {},
                    "content": [
                      {
                        "nodeType": "text",
                        "value": "Image of blue balls coming up",
                        "marks": [],
                        "data": {}
                      }
                    ]
                  }
                ]
              },
              "genericLevel": "Chat only",
              "attributes": {}
            }
          },
          {
            "metadata": {
              "tags": []
            },
            "sys": {
              "space": {
                "sys": {
                  "type": "Link",
                  "linkType": "Space",
                  "id": "riy4ayq9brzz"
                }
              },
              "id": "DWUfDHkSe62EL4yZbi1KC",
              "type": "Entry",
              "createdAt": "2022-07-25T12:14:15.077Z",
              "updatedAt": "2023-04-04T13:46:02.966Z",
              "environment": {
                "sys": {
                  "id": "master",
                  "type": "Link",
                  "linkType": "Environment"
                }
              },
              "revision": 2,
              "contentType": {
                "sys": {
                  "type": "Link",
                  "linkType": "ContentType",
                  "id": "untypedResponse"
                }
              },
              "locale": "nl"
            },
            "fields": {
              "title": "",
              "type": "Informational answer",
              "answerText": {
                "data": {},
                "content": [
                  {
                    "data": {},
                    "content": [
                      {
                        "data": {},
                        "marks": [],
                        "value": "",
                        "nodeType": "text"
                      }
                    ],
                    "nodeType": "paragraph"
                  }
                ],
                "nodeType": "document"
              },
              "images": {
                "metadata": {
                  "tags": []
                },
                "sys": {
                  "space": {
                    "sys": {
                      "type": "Link",
                      "linkType": "Space",
                      "id": "riy4ayq9brzz"
                    }
                  },
                  "id": "MlwedZxGjHOpeh9VNhgnu",
                  "type": "Entry",
                  "createdAt": "2022-07-26T16:40:59.777Z",
                  "updatedAt": "2023-04-04T13:44:46.772Z",
                  "environment": {
                    "sys": {
                      "id": "master",
                      "type": "Link",
                      "linkType": "Environment"
                    }
                  },
                  "revision": 3,
                  "contentType": {
                    "sys": {
                      "type": "Link",
                      "linkType": "ContentType",
                      "id": "image"
                    }
                  },
                  "locale": "nl"
                },
                "fields": {
                  "name": "Dit is alt 1",
                  "source": "https://www.abnamro.nl/mijn-abnamro/web-chat/images/Betaalpas_kiezen.jpg",
                  "altText": "Dit is alt 1"
                }
              }
            }
          }
        ],
        "options": [
          {
            "metadata": {
              "tags": []
            },
            "sys": {
              "space": {
                "sys": {
                  "type": "Link",
                  "linkType": "Space",
                  "id": "riy4ayq9brzz"
                }
              },
              "id": "7iG603ZKy58sbTMC5YEJpP",
              "type": "Entry",
              "createdAt": "2022-07-26T16:40:59.796Z",
              "updatedAt": "2022-07-26T16:40:59.796Z",
              "environment": {
                "sys": {
                  "id": "master",
                  "type": "Link",
                  "linkType": "Environment"
                }
              },
              "revision": 1,
              "contentType": {
                "sys": {
                  "type": "Link",
                  "linkType": "ContentType",
                  "id": "botResponseButton"
                }
              },
              "locale": "nl"
            },
            "fields": {
              "title": "Gifjes",
              "buttonText": "Gifjes",
              "payload": {
                "primary": true
              }
            }
          }
        ],
        "event": [
          {
            "metadata": {
              "tags": []
            },
            "sys": {
              "space": {
                "sys": {
                  "type": "Link",
                  "linkType": "Space",
                  "id": "riy4ayq9brzz"
                }
              },
              "id": "1VNtuiXkYDBvNHPjRFpn4f",
              "type": "Entry",
              "createdAt": "2022-07-08T15:14:31.698Z",
              "updatedAt": "2022-09-07T08:43:17.304Z",
              "environment": {
                "sys": {
                  "id": "master",
                  "type": "Link",
                  "linkType": "Environment"
                }
              },
              "revision": 8,
              "contentType": {
                "sys": {
                  "type": "Link",
                  "linkType": "ContentType",
                  "id": "event"
                }
              },
              "locale": "nl"
            },
            "fields": {
              "name": "disableInputField",
              "title": "Invoer veld niet tonen - disableInputField:true",
              "eventAttributes": {
                "payload": {
                  "value": true
                }
              }
            }
          }
        ],
        "nodeId": "node_7_1621607664373"
      }
    }
  ],
  "includes": {
    "Entry": [
      {
        "metadata": {
          "tags": []
        },
        "sys": {
          "space": {
            "sys": {
              "type": "Link",
              "linkType": "Space",
              "id": "riy4ayq9brzz"
            }
          },
          "id": "1VNtuiXkYDBvNHPjRFpn4f",
          "type": "Entry",
          "createdAt": "2022-07-08T15:14:31.698Z",
          "updatedAt": "2022-09-07T08:43:17.304Z",
          "environment": {
            "sys": {
              "id": "master",
              "type": "Link",
              "linkType": "Environment"
            }
          },
          "revision": 8,
          "contentType": {
            "sys": {
              "type": "Link",
              "linkType": "ContentType",
              "id": "event"
            }
          },
          "locale": "nl"
        },
        "fields": {
          "name": "disableInputField",
          "title": "Invoer veld niet tonen - disableInputField:true",
          "eventAttributes": {
            "payload": {
              "value": true
            }
          }
        }
      },
      {
        "metadata": {
          "tags": []
        },
        "sys": {
          "space": {
            "sys": {
              "type": "Link",
              "linkType": "Space",
              "id": "riy4ayq9brzz"
            }
          },
          "id": "4ZUgcFy0arqtxGgkx0kL1M",
          "type": "Entry",
          "createdAt": "2022-07-25T12:14:41.919Z",
          "updatedAt": "2023-06-27T13:46:13.955Z",
          "environment": {
            "sys": {
              "id": "master",
              "type": "Link",
              "linkType": "Environment"
            }
          },
          "revision": 2,
          "contentType": {
            "sys": {
              "type": "Link",
              "linkType": "ContentType",
              "id": "untypedResponse"
            }
          },
          "locale": "nl"
        },
        "fields": {
          "title": "# Header 1\nSome *examples* of __using",
          "type": "Good to know",
          "answerText": {
            "nodeType": "document",
            "data": {},
            "content": [
              {
                "nodeType": "paragraph",
                "data": {},
                "content": [
                  {
                    "nodeType": "text",
                    "value": "# Header 1\n*examples* __of markdown__.\n## Header 2\nHere is an unsorted list\n* This ",
                    "marks": [],
                    "data": {}
                  },
                  {
                    "nodeType": "hyperlink",
                    "data": {
                      "uri": "https://github.com/adam-p/markdown-here/wiki/Markdown-Cheatsheet"
                    },
                    "content": [
                      {
                        "nodeType": "text",
                        "value": "link",
                        "marks": [],
                        "data": {}
                      }
                    ]
                  },
                  {
                    "nodeType": "text",
                    "value": " opens in a new tab or window, also its an actually useful link with markdown info\n* This ",
                    "marks": [],
                    "data": {}
                  },
                  {
                    "nodeType": "hyperlink",
                    "data": {
                      "uri": "https://www.abnamro.nl"
                    },
                    "content": [
                      {
                        "nodeType": "text",
                        "value": "aab",
                        "marks": [],
                        "data": {}
                      }
                    ]
                  },
                  {
                    "nodeType": "text",
                    "value": " opens ~~here~~ in the same tab).<br>* Also some HTML works as well",
                    "marks": [],
                    "data": {}
                  }
                ]
              }
            ]
          },
          "attributes": {}
        }
      },
      {
        "metadata": {
          "tags": []
        },
        "sys": {
          "space": {
            "sys": {
              "type": "Link",
              "linkType": "Space",
              "id": "riy4ayq9brzz"
            }
          },
          "id": "5V58LyM5p4n81V0XCT6Jg1",
          "type": "Entry",
          "createdAt": "2023-01-06T17:43:46.103Z",
          "updatedAt": "2023-01-06T17:43:46.103Z",
          "environment": {
            "sys": {
              "id": "master",
              "type": "Link",
              "linkType": "Environment"
            }
          },
          "revision": 1,
          "contentType": {
            "sys": {
              "type": "Link",
              "linkType": "ContentType",
              "id": "question"
            }
          },
          "locale": "nl"
        },
        "fields": {
          "title": "Multiple images coming up!",
          "answerText": {
            "nodeType": "document",
            "data": {},
            "content": [
              {
                "nodeType": "paragraph",
                "data": {},
                "content": [
                  {
                    "nodeType": "text",
                    "value": "Image of blue balls coming up",
                    "marks": [],
                    "data": {}
                  }
                ]
              }
            ]
          },
          "genericLevel": "Chat only",
          "attributes": {}
        }
      },
      {
        "metadata": {
          "tags": []
        },
        "sys": {
          "space": {
            "sys": {
              "type": "Link",
              "linkType": "Space",
              "id": "riy4ayq9brzz"
            }
          },
          "id": "5z0RnkNC0VYytL9nP9VK4G",
          "type": "Entry",
          "createdAt": "2022-07-11T07:51:46.574Z",
          "updatedAt": "2022-12-02T14:55:09.539Z",
          "environment": {
            "sys": {
              "id": "master",
              "type": "Link",
              "linkType": "Environment"
            }
          },
          "revision": 11,
          "contentType": {
            "sys": {
              "type": "Link",
              "linkType": "ContentType",
              "id": "event"
            }
          },
          "locale": "nl"
        },
        "fields": {
          "name": "disableInputField",
          "title": "Invoer veld tonen - disableInputField:false",
          "eventAttributes": {
            "payload": {
              "value": false
            }
          }
        }
      },
      {
        "metadata": {
          "tags": []
        },
        "sys": {
          "space": {
            "sys": {
              "type": "Link",
              "linkType": "Space",
              "id": "riy4ayq9brzz"
            }
          },
          "id": "6vSdzfxGfWwbYcrYzdpErn",
          "type": "Entry",
          "createdAt": "2023-06-27T13:48:46.634Z",
          "updatedAt": "2023-06-27T13:49:30.731Z",
          "environment": {
            "sys": {
              "id": "master",
              "type": "Link",
              "linkType": "Environment"
            }
          },
          "revision": 2,
          "contentType": {
            "sys": {
              "type": "Link",
              "linkType": "ContentType",
              "id": "goodToKnow"
            }
          },
          "locale": "nl"
        },
        "fields": {
          "title": "markdown unsupported",
          "answerText": {
            "nodeType": "document",
            "data": {},
            "content": [
              {
                "nodeType": "paragraph",
                "data": {},
                "content": [
                  {
                    "nodeType": "text",
                    "value": "Unsupported markdown",
                    "marks": [],
                    "data": {}
                  }
                ]
              },
              {
                "nodeType": "paragraph",
                "data": {},
                "content": [
                  {
                    "nodeType": "text",
                    "value": "> Dorothy followed her through many of the beautiful rooms in her castle.\n>\n>> The Witch bade her clean the pots and kettles and sweep the floor and keep the fire fed with wood.",
                    "marks": [],
                    "data": {}
                  }
                ]
              }
            ]
          },
          "genericLevel": "Chat only"
        }
      },
      {
        "metadata": {
          "tags": []
        },
        "sys": {
          "space": {
            "sys": {
              "type": "Link",
              "linkType": "Space",
              "id": "riy4ayq9brzz"
            }
          },
          "id": "7iG603ZKy58sbTMC5YEJpP",
          "type": "Entry",
          "createdAt": "2022-07-26T16:40:59.796Z",
          "updatedAt": "2022-07-26T16:40:59.796Z",
          "environment": {
            "sys": {
              "id": "master",
              "type": "Link",
              "linkType": "Environment"
            }
          },
          "revision": 1,
          "contentType": {
            "sys": {
              "type": "Link",
              "linkType": "ContentType",
              "id": "botResponseButton"
            }
          },
          "locale": "nl"
        },
        "fields": {
          "title": "Gifjes",
          "buttonText": "Gifjes",
          "payload": {
            "primary": true
          }
        }
      },
      {
        "metadata": {
          "tags": []
        },
        "sys": {
          "space": {
            "sys": {
              "type": "Link",
              "linkType": "Space",
              "id": "riy4ayq9brzz"
            }
          },
          "id": "DWUfDHkSe62EL4yZbi1KC",
          "type": "Entry",
          "createdAt": "2022-07-25T12:14:15.077Z",
          "updatedAt": "2023-04-04T13:46:02.966Z",
          "environment": {
            "sys": {
              "id": "master",
              "type": "Link",
              "linkType": "Environment"
            }
          },
          "revision": 2,
          "contentType": {
            "sys": {
              "type": "Link",
              "linkType": "ContentType",
              "id": "untypedResponse"
            }
          },
          "locale": "nl"
        },
        "fields": {
          "title": "",
          "type": "Informational answer",
          "answerText": {
            "data": {},
            "content": [
              {
                "data": {},
                "content": [
                  {
                    "data": {},
                    "marks": [],
                    "value": "",
                    "nodeType": "text"
                  }
                ],
                "nodeType": "paragraph"
              }
            ],
            "nodeType": "document"
          },
          "images": {
            "metadata": {
              "tags": []
            },
            "sys": {
              "space": {
                "sys": {
                  "type": "Link",
                  "linkType": "Space",
                  "id": "riy4ayq9brzz"
                }
              },
              "id": "MlwedZxGjHOpeh9VNhgnu",
              "type": "Entry",
              "createdAt": "2022-07-26T16:40:59.777Z",
              "updatedAt": "2023-04-04T13:44:46.772Z",
              "environment": {
                "sys": {
                  "id": "master",
                  "type": "Link",
                  "linkType": "Environment"
                }
              },
              "revision": 3,
              "contentType": {
                "sys": {
                  "type": "Link",
                  "linkType": "ContentType",
                  "id": "image"
                }
              },
              "locale": "nl"
            },
            "fields": {
              "name": "Dit is alt 1",
              "source": "https://www.abnamro.nl/mijn-abnamro/web-chat/images/Betaalpas_kiezen.jpg",
              "altText": "Dit is alt 1"
            }
          }
        }
      },
      {
        "metadata": {
          "tags": []
        },
        "sys": {
          "space": {
            "sys": {
              "type": "Link",
              "linkType": "Space",
              "id": "riy4ayq9brzz"
            }
          },
          "id": "MlwedZxGjHOpeh9VNhgnu",
          "type": "Entry",
          "createdAt": "2022-07-26T16:40:59.777Z",
          "updatedAt": "2023-04-04T13:44:46.772Z",
          "environment": {
            "sys": {
              "id": "master",
              "type": "Link",
              "linkType": "Environment"
            }
          },
          "revision": 3,
          "contentType": {
            "sys": {
              "type": "Link",
              "linkType": "ContentType",
              "id": "image"
            }
          },
          "locale": "nl"
        },
        "fields": {
          "name": "Dit is alt 1",
          "source": "https://www.abnamro.nl/mijn-abnamro/web-chat/images/Betaalpas_kiezen.jpg",
          "altText": "Dit is alt 1"
        }
      }
    ]
  }
}
