{
  "sys": {
    "type": "Array"
  },
  "total": 1,
  "skip": 0,
  "limit": 100,
  "items": [
    {
      "metadata": {
        "tags": []
      },
      "sys": {
        "space": {
          "sys": {
            "type": "Link",
            "linkType": "Space",
            "id": "riy4ayq9brzz"
          }
        },
        "id": "50uID13xUxp0HeojV7yAwl",
        "type": "Entry",
        "createdAt": "2022-07-25T09:43:33.638Z",
        "updatedAt": "2023-01-06T18:33:07.542Z",
        "environment": {
          "sys": {
            "id": "master",
            "type": "Link",
            "linkType": "Environment"
          }
        },
        "revision": 2,
        "contentType": {
          "sys": {
            "type": "Link",
            "linkType": "ContentType",
            "id": "node"
          }
        },
        "locale": "nl"
      },
      "fields": {
        "title": "handover with custom waiting message",
        "chatbot": "TestBot",
        "skill": "GenesysTestBot",
        "intent": "Components",
        "responses": [
          {
            "metadata": {
              "tags": []
            },
            "sys": {
              "space": {
                "sys": {
                  "type": "Link",
                  "linkType": "Space",
                  "id": "riy4ayq9brzz"
                }
              },
              "id": "2eY8rX65jSi6OslXfLFbJy",
              "type": "Entry",
              "createdAt": "2023-01-06T18:33:06.646Z",
              "updatedAt": "2023-01-06T18:33:06.646Z",
              "environment": {
                "sys": {
                  "id": "master",
                  "type": "Link",
                  "linkType": "Environment"
                }
              },
              "revision": 1,
              "contentType": {
                "sys": {
                  "type": "Link",
                  "linkType": "ContentType",
                  "id": "response"
                }
              },
              "locale": "nl"
            },
            "fields": {
              "title": "Got it: <? input?>",
              "answerText": {
                "nodeType": "document",
                "data": {},
                "content": [
                  {
                    "nodeType": "paragraph",
                    "data": {},
                    "content": [
                      {
                        "nodeType": "text",
                        "value": "Got it: <? input ?>",
                        "marks": [],
                        "data": {}
                      }
                    ]
                  }
                ]
              },
              "genericLevel": "Chat only",
              "attributes": {}
            }
          }
        ],
        "event": [
          {
            "metadata": {
              "tags": []
            },
            "sys": {
              "space": {
                "sys": {
                  "type": "Link",
                  "linkType": "Space",
                  "id": "riy4ayq9brzz"
                }
              },
              "id": "4XqmsqSwrbpU2xGFME9bGP",
              "type": "Entry",
              "createdAt": "2022-07-26T16:40:59.834Z",
              "updatedAt": "2022-07-26T16:40:59.834Z",
              "environment": {
                "sys": {
                  "id": "master",
                  "type": "Link",
                  "linkType": "Environment"
                }
              },
              "revision": 1,
              "contentType": {
                "sys": {
                  "type": "Link",
                  "linkType": "ContentType",
                  "id": "event"
                }
              },
              "locale": "nl"
            },
            "fields": {
              "name": "overwriteWaitingMessage",
              "title": "overwriteWaitingMessage",
              "eventAttributes": {
                "text": "<? input ?>"
              }
            }
          },
          {
            "metadata": {
              "tags": []
            },
            "sys": {
              "space": {
                "sys": {
                  "type": "Link",
                  "linkType": "Space",
                  "id": "riy4ayq9brzz"
                }
              },
              "id": "1ozXutpOB2WLnluaQOsAim",
              "type": "Entry",
              "createdAt": "2022-07-26T16:40:59.814Z",
              "updatedAt": "2022-10-28T09:13:24.382Z",
              "environment": {
                "sys": {
                  "id": "master",
                  "type": "Link",
                  "linkType": "Environment"
                }
              },
              "revision": 2,
              "contentType": {
                "sys": {
                  "type": "Link",
                  "linkType": "ContentType",
                  "id": "event"
                }
              },
              "locale": "nl"
            },
            "fields": {
              "name": "liveAgentTransfer",
              "title": "liveAgentTransfer",
              "eventAttributes": {
                "name": "liveAgentTransfer",
                "payload": {
                  "chatSubject": "DBZ"
                },
                "response_type": "event"
              }
            }
          },
          {
            "metadata": {
              "tags": []
            },
            "sys": {
              "space": {
                "sys": {
                  "type": "Link",
                  "linkType": "Space",
                  "id": "riy4ayq9brzz"
                }
              },
              "id": "1VNtuiXkYDBvNHPjRFpn4f",
              "type": "Entry",
              "createdAt": "2022-07-08T15:14:31.698Z",
              "updatedAt": "2022-09-07T08:43:17.304Z",
              "environment": {
                "sys": {
                  "id": "master",
                  "type": "Link",
                  "linkType": "Environment"
                }
              },
              "revision": 8,
              "contentType": {
                "sys": {
                  "type": "Link",
                  "linkType": "ContentType",
                  "id": "event"
                }
              },
              "locale": "nl"
            },
            "fields": {
              "name": "disableInputField",
              "title": "Invoer veld niet tonen - disableInputField:true",
              "eventAttributes": {
                "payload": {
                  "value": true
                }
              }
            }
          }
        ],
        "nodeId": "node_7_1614686808391"
      }
    }
  ],
  "includes": {
    "Entry": [
      {
        "metadata": {
          "tags": []
        },
        "sys": {
          "space": {
            "sys": {
              "type": "Link",
              "linkType": "Space",
              "id": "riy4ayq9brzz"
            }
          },
          "id": "1VNtuiXkYDBvNHPjRFpn4f",
          "type": "Entry",
          "createdAt": "2022-07-08T15:14:31.698Z",
          "updatedAt": "2022-09-07T08:43:17.304Z",
          "environment": {
            "sys": {
              "id": "master",
              "type": "Link",
              "linkType": "Environment"
            }
          },
          "revision": 8,
          "contentType": {
            "sys": {
              "type": "Link",
              "linkType": "ContentType",
              "id": "event"
            }
          },
          "locale": "nl"
        },
        "fields": {
          "name": "disableInputField",
          "title": "Invoer veld niet tonen - disableInputField:true",
          "eventAttributes": {
            "payload": {
              "value": true
            }
          }
        }
      },
      {
        "metadata": {
          "tags": []
        },
        "sys": {
          "space": {
            "sys": {
              "type": "Link",
              "linkType": "Space",
              "id": "riy4ayq9brzz"
            }
          },
          "id": "1ozXutpOB2WLnluaQOsAim",
          "type": "Entry",
          "createdAt": "2022-07-26T16:40:59.814Z",
          "updatedAt": "2022-10-28T09:13:24.382Z",
          "environment": {
            "sys": {
              "id": "master",
              "type": "Link",
              "linkType": "Environment"
            }
          },
          "revision": 2,
          "contentType": {
            "sys": {
              "type": "Link",
              "linkType": "ContentType",
              "id": "event"
            }
          },
          "locale": "nl"
        },
        "fields": {
          "name": "liveAgentTransfer",
          "title": "liveAgentTransfer",
          "eventAttributes": {
            "name": "liveAgentTransfer",
            "payload": {
              "chatSubject": "DBZ"
            },
            "response_type": "event"
          }
        }
      },
      {
        "metadata": {
          "tags": []
        },
        "sys": {
          "space": {
            "sys": {
              "type": "Link",
              "linkType": "Space",
              "id": "riy4ayq9brzz"
            }
          },
          "id": "2eY8rX65jSi6OslXfLFbJy",
          "type": "Entry",
          "createdAt": "2023-01-06T18:33:06.646Z",
          "updatedAt": "2023-01-06T18:33:06.646Z",
          "environment": {
            "sys": {
              "id": "master",
              "type": "Link",
              "linkType": "Environment"
            }
          },
          "revision": 1,
          "contentType": {
            "sys": {
              "type": "Link",
              "linkType": "ContentType",
              "id": "response"
            }
          },
          "locale": "nl"
        },
        "fields": {
          "title": "Got it: <? input?>",
          "answerText": {
            "nodeType": "document",
            "data": {},
            "content": [
              {
                "nodeType": "paragraph",
                "data": {},
                "content": [
                  {
                    "nodeType": "text",
                    "value": "Got it: <? input ?>",
                    "marks": [],
                    "data": {}
                  }
                ]
              }
            ]
          },
          "genericLevel": "Chat only",
          "attributes": {}
        }
      },
      {
        "metadata": {
          "tags": []
        },
        "sys": {
          "space": {
            "sys": {
              "type": "Link",
              "linkType": "Space",
              "id": "riy4ayq9brzz"
            }
          },
          "id": "4XqmsqSwrbpU2xGFME9bGP",
          "type": "Entry",
          "createdAt": "2022-07-26T16:40:59.834Z",
          "updatedAt": "2022-07-26T16:40:59.834Z",
          "environment": {
            "sys": {
              "id": "master",
              "type": "Link",
              "linkType": "Environment"
            }
          },
          "revision": 1,
          "contentType": {
            "sys": {
              "type": "Link",
              "linkType": "ContentType",
              "id": "event"
            }
          },
          "locale": "nl"
        },
        "fields": {
          "name": "overwriteWaitingMessage",
          "title": "overwriteWaitingMessage",
          "eventAttributes": {
            "text": "<? input ?>"
          }
        }
      }
    ]
  }
}
