{
  "sys": {
    "type": "Array"
  },
  "total": 1,
  "skip": 0,
  "limit": 100,
  "items": [
    {
      "metadata": {
        "tags": []
      },
      "sys": {
        "space": {
          "sys": {
            "type": "Link",
            "linkType": "Space",
            "id": "riy4ayq9brzz"
          }
        },
        "id": "iKRk2ZtmdjKDidhGx0hhB",
        "type": "Entry",
        "createdAt": "2022-07-25T09:43:57.950Z",
        "updatedAt": "2022-07-25T09:43:57.950Z",
        "environment": {
          "sys": {
            "id": "master",
            "type": "Link",
            "linkType": "Environment"
          }
        },
        "revision": 1,
        "contentType": {
          "sys": {
            "type": "Link",
            "linkType": "ContentType",
            "id": "node"
          }
        },
        "locale": "nl"
      },
      "fields": {
        "title": "Placeholder change",
        "chatbot": "TestBot",
        "skill": "GenesysTestBot",
        "intent": "Watson & Swag (#ws intents)",
        "responses": [
          {
            "metadata": {
              "tags": []
            },
            "sys": {
              "space": {
                "sys": {
                  "type": "Link",
                  "linkType": "Space",
                  "id": "riy4ayq9brzz"
                }
              },
              "id": "7ClJnYh6fIpYYyVLxBlDkl",
              "type": "Entry",
              "createdAt": "2022-07-25T12:14:53.689Z",
              "updatedAt": "2022-07-25T12:14:53.689Z",
              "environment": {
                "sys": {
                  "id": "master",
                  "type": "Link",
                  "linkType": "Environment"
                }
              },
              "revision": 1,
              "contentType": {
                "sys": {
                  "type": "Link",
                  "linkType": "ContentType",
                  "id": "untypedResponse"
                }
              },
              "locale": "nl"
            },
            "fields": {
              "title": "I will change the placeholder for",
              "answerText": {
                "data": {},
                "content": [
                  {
                    "data": {},
                    "content": [
                      {
                        "data": {},
                        "marks": [],
                        "value": "I will change the placeholder for you in the payload of this message.",
                        "nodeType": "text"
                      }
                    ],
                    "nodeType": "paragraph"
                  }
                ],
                "nodeType": "document"
              },
              "attributes": {
                "placeholder": "I speedrun Hollow Knight - Sam"
              }
            }
          }
        ],
        "event": [
          {
            "metadata": {
              "tags": []
            },
            "sys": {
              "space": {
                "sys": {
                  "type": "Link",
                  "linkType": "Space",
                  "id": "riy4ayq9brzz"
                }
              },
              "id": "5z0RnkNC0VYytL9nP9VK4G",
              "type": "Entry",
              "createdAt": "2022-07-11T07:51:46.574Z",
              "updatedAt": "2022-12-02T14:55:09.539Z",
              "environment": {
                "sys": {
                  "id": "master",
                  "type": "Link",
                  "linkType": "Environment"
                }
              },
              "revision": 11,
              "contentType": {
                "sys": {
                  "type": "Link",
                  "linkType": "ContentType",
                  "id": "event"
                }
              },
              "locale": "nl"
            },
            "fields": {
              "name": "disableInputField",
              "title": "Invoer veld tonen - disableInputField:false",
              "eventAttributes": {
                "payload": {
                  "value": false
                }
              }
            }
          }
        ],
        "nodeId": "node_2_1612879068009"
      }
    }
  ],
  "includes": {
    "Entry": [
      {
        "metadata": {
          "tags": []
        },
        "sys": {
          "space": {
            "sys": {
              "type": "Link",
              "linkType": "Space",
              "id": "riy4ayq9brzz"
            }
          },
          "id": "5z0RnkNC0VYytL9nP9VK4G",
          "type": "Entry",
          "createdAt": "2022-07-11T07:51:46.574Z",
          "updatedAt": "2022-12-02T14:55:09.539Z",
          "environment": {
            "sys": {
              "id": "master",
              "type": "Link",
              "linkType": "Environment"
            }
          },
          "revision": 11,
          "contentType": {
            "sys": {
              "type": "Link",
              "linkType": "ContentType",
              "id": "event"
            }
          },
          "locale": "nl"
        },
        "fields": {
          "name": "disableInputField",
          "title": "Invoer veld tonen - disableInputField:false",
          "eventAttributes": {
            "payload": {
              "value": false
            }
          }
        }
      },
      {
        "metadata": {
          "tags": []
        },
        "sys": {
          "space": {
            "sys": {
              "type": "Link",
              "linkType": "Space",
              "id": "riy4ayq9brzz"
            }
          },
          "id": "7ClJnYh6fIpYYyVLxBlDkl",
          "type": "Entry",
          "createdAt": "2022-07-25T12:14:53.689Z",
          "updatedAt": "2022-07-25T12:14:53.689Z",
          "environment": {
            "sys": {
              "id": "master",
              "type": "Link",
              "linkType": "Environment"
            }
          },
          "revision": 1,
          "contentType": {
            "sys": {
              "type": "Link",
              "linkType": "ContentType",
              "id": "untypedResponse"
            }
          },
          "locale": "nl"
        },
        "fields": {
          "title": "I will change the placeholder for",
          "answerText": {
            "data": {},
            "content": [
              {
                "data": {},
                "content": [
                  {
                    "data": {},
                    "marks": [],
                    "value": "I will change the placeholder for you in the payload of this message.",
                    "nodeType": "text"
                  }
                ],
                "nodeType": "paragraph"
              }
            ],
            "nodeType": "document"
          },
          "attributes": {
            "placeholder": "I speedrun Hollow Knight - Sam"
          }
        }
      }
    ]
  }
}
