{
  "sys": {
    "type": "Array"
  },
  "total": 1,
  "skip": 0,
  "limit": 100,
  "items": [
    {
      "metadata": {
        "tags": []
      },
      "sys": {
        "space": {
          "sys": {
            "type": "Link",
            "linkType": "Space",
            "id": "riy4ayq9brzz"
          }
        },
        "id": "6gn8BOBIWL1NM9gmGGAvIB",
        "type": "Entry",
        "createdAt": "2022-07-25T09:44:15.366Z",
        "updatedAt": "2022-11-30T16:56:39.881Z",
        "environment": {
          "sys": {
            "id": "master",
            "type": "Link",
            "linkType": "Environment"
          }
        },
        "revision": 2,
        "contentType": {
          "sys": {
            "type": "Link",
            "linkType": "ContentType",
            "id": "node"
          }
        },
        "locale": "nl"
      },
      "fields": {
        "title": "QR component",
        "chatbot": "TestBot",
        "skill": "GenesysTestBot",
        "intent": "Components",
        "responses": [
          {
            "metadata": {
              "tags": []
            },
            "sys": {
              "space": {
                "sys": {
                  "type": "Link",
                  "linkType": "Space",
                  "id": "riy4ayq9brzz"
                }
              },
              "id": "orZmuqI8cFdCcXgUOk5Yq",
              "type": "Entry",
              "createdAt": "2022-07-25T12:14:54.238Z",
              "updatedAt": "2022-11-30T16:56:35.366Z",
              "environment": {
                "sys": {
                  "id": "master",
                  "type": "Link",
                  "linkType": "Environment"
                }
              },
              "revision": 3,
              "contentType": {
                "sys": {
                  "type": "Link",
                  "linkType": "ContentType",
                  "id": "untypedResponse"
                }
              },
              "locale": "nl"
            },
            "fields": {
              "title": "Hoe bevalt deze QR code en",
              "answerText": {
                "data": {},
                "content": [
                  {
                    "data": {},
                    "content": [
                      {
                        "data": {},
                        "marks": [],
                        "value": "Hoe bevalt deze QR code en titel?",
                        "nodeType": "text"
                      }
                    ],
                    "nodeType": "paragraph"
                  }
                ],
                "nodeType": "document"
              },
              "attributes": {
                "title": "Prachtige titel",
                "qrUrl": "nl.abnamro.deeplink.mocca://IVR_DEF_HYPOTHEKEN",
                "qrAlt": "Mocca deeplink Hypotheken",
                "bottomText": "Dit is text die we onder onze images enzo kunnen zetten! Het is geweldig, its great, its the best."
              }
            }
          },
          {
            "metadata": {
              "tags": []
            },
            "sys": {
              "space": {
                "sys": {
                  "type": "Link",
                  "linkType": "Space",
                  "id": "riy4ayq9brzz"
                }
              },
              "id": "6n7ZP1vilmayR4820ojtnn",
              "type": "Entry",
              "createdAt": "2022-07-25T12:14:54.199Z",
              "updatedAt": "2022-11-30T16:56:07.049Z",
              "environment": {
                "sys": {
                  "id": "master",
                  "type": "Link",
                  "linkType": "Environment"
                }
              },
              "revision": 2,
              "contentType": {
                "sys": {
                  "type": "Link",
                  "linkType": "ContentType",
                  "id": "untypedResponse"
                }
              },
              "locale": "nl"
            },
            "fields": {
              "title": "",
              "answerText": {
                "data": {},
                "content": [
                  {
                    "data": {},
                    "content": [
                      {
                        "data": {},
                        "marks": [],
                        "value": "",
                        "nodeType": "text"
                      }
                    ],
                    "nodeType": "paragraph"
                  }
                ],
                "nodeType": "document"
              },
              "attributes": {
                "qrUrl": "https://youtu.be/n_qbGJuxCYY",
                "qrAlt": "Youtube link"
              }
            }
          }
        ],
        "event": [
          {
            "metadata": {
              "tags": []
            },
            "sys": {
              "space": {
                "sys": {
                  "type": "Link",
                  "linkType": "Space",
                  "id": "riy4ayq9brzz"
                }
              },
              "id": "5z0RnkNC0VYytL9nP9VK4G",
              "type": "Entry",
              "createdAt": "2022-07-11T07:51:46.574Z",
              "updatedAt": "2022-12-02T14:55:09.539Z",
              "environment": {
                "sys": {
                  "id": "master",
                  "type": "Link",
                  "linkType": "Environment"
                }
              },
              "revision": 11,
              "contentType": {
                "sys": {
                  "type": "Link",
                  "linkType": "ContentType",
                  "id": "event"
                }
              },
              "locale": "nl"
            },
            "fields": {
              "name": "disableInputField",
              "title": "Invoer veld tonen - disableInputField:false",
              "eventAttributes": {
                "payload": {
                  "value": false
                }
              }
            }
          }
        ],
        "nodeId": "node_1_1634288930589"
      }
    }
  ],
  "includes": {
    "Entry": [
      {
        "metadata": {
          "tags": []
        },
        "sys": {
          "space": {
            "sys": {
              "type": "Link",
              "linkType": "Space",
              "id": "riy4ayq9brzz"
            }
          },
          "id": "5z0RnkNC0VYytL9nP9VK4G",
          "type": "Entry",
          "createdAt": "2022-07-11T07:51:46.574Z",
          "updatedAt": "2022-12-02T14:55:09.539Z",
          "environment": {
            "sys": {
              "id": "master",
              "type": "Link",
              "linkType": "Environment"
            }
          },
          "revision": 11,
          "contentType": {
            "sys": {
              "type": "Link",
              "linkType": "ContentType",
              "id": "event"
            }
          },
          "locale": "nl"
        },
        "fields": {
          "name": "disableInputField",
          "title": "Invoer veld tonen - disableInputField:false",
          "eventAttributes": {
            "payload": {
              "value": false
            }
          }
        }
      },
      {
        "metadata": {
          "tags": []
        },
        "sys": {
          "space": {
            "sys": {
              "type": "Link",
              "linkType": "Space",
              "id": "riy4ayq9brzz"
            }
          },
          "id": "6n7ZP1vilmayR4820ojtnn",
          "type": "Entry",
          "createdAt": "2022-07-25T12:14:54.199Z",
          "updatedAt": "2022-11-30T16:56:07.049Z",
          "environment": {
            "sys": {
              "id": "master",
              "type": "Link",
              "linkType": "Environment"
            }
          },
          "revision": 2,
          "contentType": {
            "sys": {
              "type": "Link",
              "linkType": "ContentType",
              "id": "untypedResponse"
            }
          },
          "locale": "nl"
        },
        "fields": {
          "title": "",
          "answerText": {
            "data": {},
            "content": [
              {
                "data": {},
                "content": [
                  {
                    "data": {},
                    "marks": [],
                    "value": "",
                    "nodeType": "text"
                  }
                ],
                "nodeType": "paragraph"
              }
            ],
            "nodeType": "document"
          },
          "attributes": {
            "qrUrl": "https://youtu.be/n_qbGJuxCYY",
            "qrAlt": "Youtube link"
          }
        }
      },
      {
        "metadata": {
          "tags": []
        },
        "sys": {
          "space": {
            "sys": {
              "type": "Link",
              "linkType": "Space",
              "id": "riy4ayq9brzz"
            }
          },
          "id": "orZmuqI8cFdCcXgUOk5Yq",
          "type": "Entry",
          "createdAt": "2022-07-25T12:14:54.238Z",
          "updatedAt": "2022-11-30T16:56:35.366Z",
          "environment": {
            "sys": {
              "id": "master",
              "type": "Link",
              "linkType": "Environment"
            }
          },
          "revision": 3,
          "contentType": {
            "sys": {
              "type": "Link",
              "linkType": "ContentType",
              "id": "untypedResponse"
            }
          },
          "locale": "nl"
        },
        "fields": {
          "title": "Hoe bevalt deze QR code en",
          "answerText": {
            "data": {},
            "content": [
              {
                "data": {},
                "content": [
                  {
                    "data": {},
                    "marks": [],
                    "value": "Hoe bevalt deze QR code en titel?",
                    "nodeType": "text"
                  }
                ],
                "nodeType": "paragraph"
              }
            ],
            "nodeType": "document"
          },
          "attributes": {
            "title": "Prachtige titel",
            "qrUrl": "nl.abnamro.deeplink.mocca://IVR_DEF_HYPOTHEKEN",
            "qrAlt": "Mocca deeplink Hypotheken",
            "bottomText": "Dit is text die we onder onze images enzo kunnen zetten! Het is geweldig, its great, its the best."
          }
        }
      }
    ]
  }
}
