{
    "$schema": "https://schema.management.azure.com/schemas/2019-04-01/deploymentTemplate.json#",
    "contentVersion": "1.0.0.0",
    "parameters": {
        "compliantDataFactoryName": {
            "type": "string",
            "metadata": {
                "description": "Name of the DataFactory"
            }
        },
        "azureKeyVaultBaseUrl": {
            "type": "string",
            "metadata": {
                "description": "Base URL of the Keyvault which contains the Key"
            }
        },
        "keyName": {
            "type": "string",
            "metadata": {
                "description": "Name of the Key to set the Customer Managed Key"
            }
        },
        "keyVersion": {
            "type": "string",
            "metadata": {
                "description": "The Version of the Key which is used to set the CMK on the Datafactory"
            }
        },
        "identityType": {
            "type": "string",
            "metadata": {
                "description": "The identity type"
            },
            "allowedValues": [
                "SystemAssigned",
                "SystemAssigned,UserAssigned",
                "UserAssigned"
            ]
        },
        "publicNetworkAccess": {
            "type": "string",
            "metadata": {
                "description": "Whether or not public network access is allowed for the data factory."
            }
        },
        "datafactoryManagedIdentityType": {
            "type": "string",
            "metadata": {
                "description": "The type of the credential managed Identity"
            }
        },
        "computePropertiesLocation": {
            "type": "string",
            "metadata": {
                "description": "The location for managed integration runtime. The supported regions could be found on /azure/data-factory/data-factory-data-movement-activities"
            }
        },
        "computeType": {
            "type": "string",
            "metadata": {
                "description": "Set the object type"
            }
        },
        "coreCount": {
            "type": "int",
            "metadata": {
                "description": "Core count of the cluster which will execute data flow job. Supported values are: 8, 16, 32, 48, 80, 144 and 272."
            }
        },

        "timeToLive": {
            "type": "int",
            "metadata": {
                "description": "Time to live (in minutes) setting of the cluster which will execute data flow job."
            }
        },
        "ManagedVirtualNetworkReferenceType": {
            "type": "string",
            "metadata": {
                "description": "Managed Virtual Network reference type."
            }
        },
        "referenceNameDataFactory": {
            "type": "string",
            "metadata": {
                "description": "Reference ManagedVirtualNetwork name."
            }
        },
        "identityResourceGroupName": {
            "type": "string",
            "metadata": {
                "description": "Object ID of the User Assigned Identity"
            }
        },
        "identityName": {
            "type": "string",
            "metadata": {
                "description": "OBject ID of the User Assigned Identity"
            }
        }
    },
    "variables": {
        "userAssignedIdentityId": "[resourceID(parameters('identityResourceGroupName'),'Microsoft.ManagedIdentity/userAssignedIdentities', parameters('identityName'))]"
    },
    "resources": [
        {
            "type": "Microsoft.DataFactory/factories",
            "apiVersion": "2018-06-01",
            "name": "[parameters('compliantDataFactoryName')]",
            "location": "[resourceGroup().location]",
            "identity": {
                "type": "[parameters('identityType')]",
                "userAssignedIdentities": {
                    "[variables('userAssignedIdentityId')]": {}
                }
            },
            "properties": {
                "publicNetworkAccess": "[parameters('publicNetworkAccess')]",
                "encryption": {
                    "identity": {
                        "userAssignedIdentity": "[variables('userAssignedIdentityId')]"
                    },
                    "VaultBaseUrl": "[parameters('azureKeyVaultBaseUrl')]",
                    "KeyName": "[parameters('KeyName')]",
                    "KeyVersion": "[parameters('KeyVersion')]"
                }
            }
        },
        {
            "type": "Microsoft.DataFactory/factories/managedVirtualNetworks",
            "apiVersion": "2018-06-01",
            "name": "[format('{0}/{1}', parameters('compliantDataFactoryName'), 'default')]",
            "properties": {},
            "dependsOn": [
                "[resourceId('Microsoft.DataFactory/factories', parameters('compliantDataFactoryName'))]"
            ]
        },
        {
            "name": "[concat(parameters('compliantDataFactoryName'), '/ManagedVNetIR')]",
            "type": "Microsoft.DataFactory/factories/integrationRuntimes",
            "apiVersion": "2018-06-01",
            "properties": {
                "type": "Managed",
                "typeProperties": {
                    "computeProperties": {
                        "location": "[parameters('computePropertiesLocation')]",
                        "dataFlowProperties": {
                            "computeType": "[parameters('computeType')]",
                            "coreCount": "[parameters('coreCount')]",
                            "timeToLive": "[parameters('timeToLive')]"
                        }
                    }
                },
                "managedVirtualNetwork": {
                    "type": "ManagedVirtualNetworkReference",
                    "referenceName": "[parameters('referenceNameDataFactory')]"
                }
            },
            "dependsOn": [
                "[resourceId('Microsoft.DataFactory/factories', parameters('compliantDataFactoryName'))]",
                "[resourceId('Microsoft.DataFactory/factories/managedVirtualNetworks', parameters('compliantDataFactoryName'), 'default')]"
            ]
        }
    ]
}