{
  "$schema": "https://schema.management.azure.com/schemas/2019-04-01/deploymentParameters.json#",

  "contentVersion": "1.0.0.0",
  "parameters": {
    "appId": {
      "value": "AEC"
    },
    "initiativeName": {
      "value": "Prevent-database-server-deletion"
    },
    "initiativeDisplayName": {
      "value": "Prevent Database Servers Deletion"
    },
    "initiativeDescription": {
      "value": "This initiative contains policies related to database deletion prevention."
    },
    "initiativeCategory": {
      "value": "Security"
    },
    "policyConfig": {
      "value": {
        "PreventSqlServerDeletion": {
          "displayName": "Prevent Azure SQL Server Deletion",
          "description": "This policy prevents the accidental deletion of Azure SQL Server.",
          "category": "ProtectResourcefromAccidentalDeletion",
          "rule": {
            "if": {
              "allOf": [
                {
                  "field": "type",
                  "equals": "Microsoft.Sql/servers"
                },
                {
                  "anyOf": [
                    {
                      "field": "[concat('tags[', parameters('deletionApprovalTagName'), ']')]",
                      "exists": false
                    },
                    {
                      "allOf": [
                        {
                          "field": "[concat('tags[', parameters('deletionApprovalTagName'), ']')]",
                          "exists": true
                        },
                        {
                          "field": "[concat('tags[', parameters('deletionApprovalTagName'), ']')]",
                          "notEquals": "true"
                        }
                      ]
                    }
                  ]
                }
              ]
            },
            "then": {
              "effect": "denyAction",
              "details": {
                "actionNames": ["delete"]
              }
            }
          },
          "parameters": {
            "deletionApprovalTagName": {
              "type": "String",
              "defaultValue": "DeletionApproved"
            }
          }
        },
        "PreventSqlMIDeletion": {
          "displayName": "Prevent SQL Managed Instance Deletion",
          "description": "This policy prevents the accidental deletion of SQL Managed Instance.",
          "category": "ProtectResourcefromAccidentalDeletion",
          "rule": {
            "if": {
              "allOf": [
                {
                  "field": "type",
                  "equals": "Microsoft.Sql/servers"
                },
                {
                  "anyOf": [
                    {
                      "field": "[concat('tags[', parameters('deletionApprovalTagName'), ']')]",
                      "exists": false
                    },
                    {
                      "allOf": [
                        {
                          "field": "[concat('tags[', parameters('deletionApprovalTagName'), ']')]",
                          "exists": true
                        },
                        {
                          "field": "[concat('tags[', parameters('deletionApprovalTagName'), ']')]",
                          "notEquals": "true"
                        }
                      ]
                    }
                  ]
                }
              ]
            },
            "then": {
              "effect": "denyAction",
              "details": {
                "actionNames": ["delete"]
              }
            }
          },
          "parameters": {
            "deletionApprovalTagName": {
              "type": "String",
              "defaultValue": "DeletionApproved"
            }
          }
        }
      }
    }
  }
}
