{
  "$schema": "https://schema.management.azure.com/schemas/2019-04-01/deploymentParameters.json#",

  "contentVersion": "1.0.0.0",
  "parameters": {
    "appId": {
      "value": "AEC"
    },
    "initiativeName": {
      "value": "Prevent-database-server-deletion"
    },
    "initiativeDisplayName": {
      "value": "Prevent Database Servers Deletion"
    },
    "initiativeDescription": {
      "value": "This initiative contains policies related to database deletion prevention."
    },
    "initiativeCategory": {
      "value": "Security"
    },
    "policyDefinitionswithParameters": {
      "value": [
        {
          "policyDefinitionId": "/subscriptions/eadb9dfd-2100-4b4d-981a-3225eb77daa7/providers/Microsoft.Authorization/policyDefinitions/AEC-PreventSqlServerDeletion",
          "parameters": {
            "deletionApprovalTagName": {
              "value": "DeletionApproved"
            }
          }
        },
        {
          "policyDefinitionId": "/subscriptions/eadb9dfd-2100-4b4d-981a-3225eb77daa7/providers/Microsoft.Authorization/policyDefinitions/AEC-PreventSqlMIDeletion",
          "parameters": {
            "deletionApprovalTagName": {
              "value": "DeletionApproved"
            }
          }
        }
      ]
    }
  }
}
