{
  "$schema": "https://schema.management.azure.com/schemas/2019-04-01/deploymentParameters.json#",

  "contentVersion": "1.0.0.0",
  "parameters": {
    "appId": {
      "value": "AEC"
    },
    "policyName": {
      "value": "Prevent-Sql-Server-Deletion"
    },
    "policyDisplayName": {
      "value": "Prevent Azure SQL Server Deletion"
    },
    "policyDescription": {
      "value": "This policy prevents the accidental deletion of Azure SQL Server."
    },
    "policyCategory": {
      "value": "ProtectResourcefromAccidentalDeletion"
    },
    "policyRule": {
      "value": {
        "if": {
          "allOf": [
            {
              "field": "type",
              "equals": "Microsoft.Sql/servers"
            },
            {
              "anyOf": [
                {
                  "field": "[concat('tags[', parameters('deletionApprovalTagName'), ']')]",
                  "exists": false
                },
                {
                  "allOf": [
                    {
                      "field": "[concat('tags[', parameters('deletionApprovalTagName'), ']')]",
                      "exists": true
                    },
                    {
                      "field": "[concat('tags[', parameters('deletionApprovalTagName'), ']')]",
                      "notEquals": "true"
                    }
                  ]
                }
              ]
            }
          ]
        },
        "then": {
          "effect": "denyAction",
          "details": {
            "actionNames": ["delete"]
          }
        }
      }
    },
    "policyParameters": {
      "value": {
        "deletionApprovalTagName": {
          "type": "String",
          "defaultValue": "DeletionApproved"
        }
      }
    }
  }
}
