{
  "assignableScopes": [
    "/subscriptions/eadb9dfd-2100-4b4d-981a-3225eb77daa7"
  ],
  "description": "Can do a restore request for any Azure Cosmos DB database account with continuous backup",
  "permissions": [
    {
      "actions": [
        "Microsoft.Resources/deployments/validate/action",
        "Microsoft.DocumentDB/databaseAccounts/write",
        "Microsoft.Resources/deployments/write",  
        "Microsoft.DocumentDB/locations/restorableDatabaseAccounts/restore/action",
        "Microsoft.DocumentDB/locations/restorableDatabaseAccounts/read",
        "Microsoft.DocumentDB/locations/restorableDatabaseAccounts/*/read"
        ],
        "dataActions": [],
        "notActions": [],
        "notDataActions": []
      }
    ],
    "Name": "CosmosDBRestorableAction",
    "roleType": "CustomRole"
}