{
  "$schema": "https://schema.management.azure.com/schemas/2015-01-01/deploymentParameters.json#",
  "contentVersion": "1.0.0.0",
  "parameters": {
    "pserviceBusNamespaceName": {
      "value": "acep03-a-servicebus"
    },
    "pqueueNameList": {
      "value": [
        {
          "serviceBusQueueName": "acep03-a-sb-logging-queue",
          "autoDeleteOnIdle": "P10675199DT2H48M5.4775807S",
          "defaultMessageTimeToLive": "P10675199DT2H48M5.4775807S",
          "duplicateDetectionHistoryTimeWindow": "PT10M",
          "lockDuration": "PT1M",
          "maxDeliveryCount": 10,
          "maxMessageSizeInKilobytes": 1024,
          "maxSizeInMegabytes": 1024
        },
        {
          "serviceBusQueueName": "acep03-a-sb-queue",
          "autoDeleteOnIdle": "P10675199DT2H48M5.4775807S",
          "defaultMessageTimeToLive": "P10675199DT2H48M5.4775807S",
          "duplicateDetectionHistoryTimeWindow": "PT10M",
          "lockDuration": "PT1M",
          "maxDeliveryCount": 10,
          "maxMessageSizeInKilobytes": 1024,
          "maxSizeInMegabytes": 1024
        },
        {
          "serviceBusQueueName": "acep03-a-sb-ivr-queue",
          "autoDeleteOnIdle": "P10675199DT2H48M5.4775807S",
          "defaultMessageTimeToLive": "P10675199DT2H48M5.4775807S",
          "duplicateDetectionHistoryTimeWindow": "PT10M",
          "lockDuration": "PT1M",
          "maxDeliveryCount": 10,
          "maxMessageSizeInKilobytes": 1024,
          "maxSizeInMegabytes": 1024
        },
        {
          "serviceBusQueueName": "acep03-a-sb-msd-queue",
          "autoDeleteOnIdle": "P10675199DT2H48M5.4775807S",
          "defaultMessageTimeToLive": "P10675199DT2H48M5.4775807S",
          "duplicateDetectionHistoryTimeWindow": "PT10M",
          "lockDuration": "PT1M",
          "maxDeliveryCount": 10,
          "maxMessageSizeInKilobytes": 1024,
          "maxSizeInMegabytes": 1024
        }
      ]
    },
    "pstorageAccountName": {
      "value": "acep03asaplatform"
    },
    "pContainerList": {
      "value": [
        {
          "name": "dial-connector-backup"
        },
        {
          "name": "watson-tools-backups"
        },
        {
          "name": "contentful-tools"
        },
        {
          "name": "callgpt-user-conversation"
        },
        {
          "name": "callgpt-user-nps"
        },
        {
          "name": "kb-resources"
        }
      ]
    }
  }
}
