{
  "$schema": "https://schema.management.azure.com/schemas/2019-04-01/deploymentParameters.json#",
  "contentVersion": "1.0.0.0",
  "parameters": {
    "administratorLoginName": {
      "value": "localmysqladmin"
    },
    "aadAdminName": {
      "value": "lzftt-d-rg-spn"
    },
    "aadAdminObjectId": {
      "value": "7023cb9a-4413-420b-9ce5-7780e7a2abac"
    },
    "keyVaultName": {
      "value": "lzftt-demo-kv"
    },
    "serverName": {
      "value": "ftt-d-rg-mysql"
    },
    "sourceServerName": {
      "value": "examplevalue"
    },
    "vnetRGName": {
      "value": "lzftt01-vnets-d-rg"
    },
    "vnetName": {
      "value": "lzftt01-d-vnet"
    },
    "pleSubnetName": {
      "value": "ple01-subnet"
    }
  }
}
