{
    "$schema": "https://schema.management.azure.com/schemas/2015-01-01/deploymentParameters.json#",
    "contentVersion": "1.0.0.0",
    "parameters": {
      "actionGroupList": {
        "value": [
          {
            "actionGroupName": "acei-acep-d-actiongroup",
            "actionGroupShortName": "aceipdagp",
            "pEmailRecivers": [
              {
                "emailAddress": "Team-ACE-Platform@nl.abnamro.com",
                "name": "Platform"
              }
            ]
          }
        ]
      }
    }
  }