{
  "$schema": "https://schema.management.azure.com/schemas/2015-01-01/deploymentParameters.json#",
  "contentVersion": "1.0.0.0",
  "parameters": {
    "pScope": {
      "value": "acep"
    },
    "pCommonActionGroupId": {
      "value": [
        {
          "pActionGroupId": "/subscriptions/6c8774fc-d876-4653-b8e7-addc40b17cc6/resourceGroups/acei-d-rg/providers/Microsoft.Insights/actiongroups/acei-acep-d-actiongroup"
        },
        {
          "pActionGroupId": "/subscriptions/6c8774fc-d876-4653-b8e7-addc40b17cc6/resourceGroups/cbspitsm-p-rg/providers/microsoft.Insights/actiongroups/ServiceNow-PR-"
        }
      ]
    },
      "metricsDimentions": {
        "value": {
          "node-pool": {
            "dimentionName": "node",
            "dimentionOperator": "StartsWith",
            "dimentionvalues": "aks-acep"
          },
          "pods": {
            "dimentionName": "namespace",
            "dimentionOperator": "StartsWith",
            "dimentionvalues": "acep"
          }
        }
      }
  }
}