{
  "$schema": "https://schema.management.azure.com/schemas/2015-01-01/deploymentParameters.json#",
  "contentVersion": "1.0.0.0",
  "parameters": {
    "cosmosDbAccountKeyName": {
      "value": "lzftt-demo-cmk"
    },
    "cosmosDbAccountName": {
      "value": "cosmosnosqlram3"
    },
    "cosmosDbAccountUmiName": {
      "value": "ftt-ram-d-sa-uami"
    },
    "keyVaultName": {
      "value": "lzftt-demo-kv"
    },
    "privateEndpointSubnetName": {
      "value": "ple01-subnet"
    },
    "privateEndpointvNetName": {
      "value": "lzftt03-d-vnet"
    },
    "privateEndpointvNetRgName": {
      "value": "lzftt03-vnets-d-rg"
    },
    "noSqlDatabaseName": {
      "value": "mynosqldb"
    },
    "noSqlContainerName": {
      "value": "mycontainer"
    }
  }
}