{
  "$schema": "https://schema.management.azure.com/schemas/2015-01-01/deploymentParameters.json#",
  "contentVersion": "1.0.0.0",
  "parameters": {
    "additionalcosmosDbAccountProperties": {
      "value": {
        "createMode": "Restore",
        "restoreParameters": {
          "restoreSource": "/subscriptions/eadb9dfd-2100-4b4d-981a-3225eb77daa7/providers/Microsoft.DocumentDB/locations/westeurope/restorableDatabaseAccounts/8334a53c-35cd-42fc-a1d8-a2c15cd88be1",
          "restoreMode": "PointInTime",
          "restoreTimestampInUtc": "2024-12-19T09:02:59.263062Z",
          "restoreWithTtlDisabled": "true"
        }
      }
    },
    "cosmosDbAccountKeyName": {
      "value": "lzftt-demo-cmk"
    },
    "cosmosDbAccountName": {
      "value": "cosmosnosqlram3"
    },
    "cosmosDbAccountUmiName": {
      "value": "ftt-ram-d-sa-uami"
    },
    "keyVaultName": {
      "value": "lzftt-demo-kv"
    },
    "privateEndpointSubnetName": {
      "value": "ple01-subnet"
    },
    "privateEndpointvNetName": {
      "value": "lzftt03-d-vnet"
    },
    "privateEndpointvNetRgName": {
      "value": "lzftt03-vnets-d-rg"
    }
  }
}