{
    "$schema": "https://schema.management.azure.com/schemas/2019-04-01/deploymentParameters.json#",
    "contentVersion": "1.0.0.0",
    "parameters": {
        "applicationGatewayName": {
            "value": "exampleapplicationgatewayname"
        },
        "wafPolicyResourceId": {
            "value": "exampleWafPolicyResourceId"
        },
        "virtualNetworkResourceGroup": {
            "value": "examplevirtualnetworkresourcegroupname"
        },
        "virtualNetworkName": {
            "value": "examplevirtualnetworkname"
        },
        "subnetName": {
            "value": "examplesubnetname"
        },
        "backendAddressPools": {
            "value": [
                {
                    "name": "examplebackendaddresspoolname",
                    "backendAddresses": [
                        {
                            "fqdn": "examplefqdn"
                        }
                    ]
                },
                {
                    "name": "exampledefaultbackendaddresspoolname",
                    "backendAddresses": [
                        {
                            "fqdn": "examplefqdn"
                        }
                    ]
                }
            ]
        },
        "frontendPorts": {
            "value": [
                443,
                4443
            ]
        },
        "keyVaultName": {
            "value": "examplekeyvaultname"
        },
        "sslCertificateName": {
            "value": "examplesslcertificatename"
        },
        "userAssignedManagedIdentityName": {
            "value": "exampleuserassignedmanagedidentityname"
        },
        "httpListeners": {
            "value": [
                {
                    "name": "examplebasichttplistenername",
                    "properties": {
                        "frontendIPConfiguration": {
                            "id": "/subscriptions/examplereplacewithyoursubscriptionid/resourceGroups/examplereplacewithyourresourcegroupname/providers/Microsoft.Network/applicationGateways/exampleapplicationgatewayname/frontendIPConfigurations/appGwPublicFrontendIp"
                        },
                        "frontendPort": {
                            "id": "/subscriptions/examplereplacewithyoursubscriptionid/resourceGroups/examplereplacewithyourresourcegroupname/providers/Microsoft.Network/applicationGateways/exampleapplicationgatewayname/frontendPorts/port_443"
                        },
                        "protocol": "Https",
                        "hostName": "examplehostname",
                        "sslCertificate": {
                            "id": "/subscriptions/examplereplacewithyoursubscriptionid/resourceGroups/examplereplacewithyourresourcegroupname/providers/Microsoft.Network/applicationGateways/exampleapplicationgatewayname/sslCertificates/examplesslcertificatename"
                        },
                        "requireServerNameIndication": true
                    }
                },
                {
                    "name": "examplepathbasedroutinghttplistenername",
                    "properties": {
                        "frontendIPConfiguration": {
                            "id": "/subscriptions/examplereplacewithyoursubscriptionid/resourceGroups/examplereplacewithyourresourcegroupname/providers/Microsoft.Network/applicationGateways/exampleapplicationgatewayname/frontendIPConfigurations/appGwPublicFrontendIp"
                        },
                        "frontendPort": {
                            "id": "/subscriptions/examplereplacewithyoursubscriptionid/resourceGroups/examplereplacewithyourresourcegroupname/providers/Microsoft.Network/applicationGateways/exampleapplicationgatewayname/frontendPorts/port_4443"
                        },
                        "protocol": "Https",
                        "hostName": "examplehostname",
                        "sslCertificate": {
                            "id": "/subscriptions/examplereplacewithyoursubscriptionid/resourceGroups/examplereplacewithyourresourcegroupname/providers/Microsoft.Network/applicationGateways/exampleapplicationgatewayname/sslCertificates/examplesslcertificatename"
                        },
                        "requireServerNameIndication": true
                    }
                }
            ]
        },
        "backendHttpSettings": {
            "value": [
                {
                    "name": "examplebackendhttpsettingname",
                    "properties": {
                        "protocol": "Https",
                        "port": 443,
                        "cookieBasedAffinity": "Enabled",
                        "affinityCookieName": "ApplicationGatewayAffinity",
                        "requestTimeout": 20,
                        "connectionDraining": {
                            "drainTimeoutInSec": 60,
                            "enabled": true
                        },
                        "probe": {
                            "id": "/subscriptions/examplereplacewithyoursubscriptionid/resourceGroups/examplereplacewithyourresourcegroupname/providers/Microsoft.Network/applicationGateways/exampleapplicationgatewayname/probes/examplehealthprobename"
                        }
                    }
                },
                {
                    "name": "exampledefaultbackendhttpsettingname",
                    "properties": {
                        "protocol": "Https",
                        "port": 443,
                        "cookieBasedAffinity": "Enabled",
                        "affinityCookieName": "ApplicationGatewayAffinity",
                        "requestTimeout": 20,
                        "connectionDraining": {
                            "drainTimeoutInSec": 60,
                            "enabled": true
                        }
                    }
                }
            ]
        },
        "requestRoutingRules": {
            "value": [
                {
                    "name": "examplebasicrequestroutingrulename",
                    "properties": {
                        "ruleType": "Basic",
                        "priority": 10,
                        "httpListener": {
                            "id": "/subscriptions/examplereplacewithyoursubscriptionid/resourceGroups/examplereplacewithyourresourcegroupname/providers/Microsoft.Network/applicationGateways/exampleapplicationgatewayname/httpListeners/examplebasichttplistenername"
                        },
                        "backendAddressPool": {
                            "id": "/subscriptions/examplereplacewithyoursubscriptionid/resourceGroups/examplereplacewithyourresourcegroupname/providers/Microsoft.Network/applicationGateways/exampleapplicationgatewayname/backendAddressPools/examplebackendaddresspoolname"
                        },
                        "backendHttpSettings": {
                            "id": "/subscriptions/examplereplacewithyoursubscriptionid/resourceGroups/examplereplacewithyourresourcegroupname/providers/Microsoft.Network/applicationGateways/exampleapplicationgatewayname/backendHttpSettingsCollection/examplebackendhttpsettingname"
                        }
                    }
                },
                {
                    "name": "examplepathbasedroutingrequestroutingrulename",
                    "properties": {
                        "ruleType": "PathBasedRouting",
                        "priority": 20,
                        "httpListener": {
                            "id": "/subscriptions/examplereplacewithyoursubscriptionid/resourceGroups/examplereplacewithyourresourcegroupname/providers/Microsoft.Network/applicationGateways/exampleapplicationgatewayname/httpListeners/examplepathbasedroutinghttplistenername"
                        },
                        "urlPathMap": {
                            "id": "/subscriptions/examplereplacewithyoursubscriptionid/resourceGroups/examplereplacewithyourresourcegroupname/providers/Microsoft.Network/applicationGateways/exampleapplicationgatewayname/urlPathMaps/exampleurlpathmapname"
                        }
                    }
                }
            ]
        },
        "urlPathMaps": {
            "value": [
                {
                    "name": "exampleurlpathmapname",
                    "properties": {
                        "pathRules": [
                            {
                                "name": "examplepathrulename",
                                "properties": {
                                    "paths": [
                                        "/examplepath"
                                    ],
                                    "backendAddressPool": {
                                        "id": "/subscriptions/examplereplacewithyoursubscriptionid/resourceGroups/examplereplacewithyourresourcegroupname/providers/Microsoft.Network/applicationGateways/exampleapplicationgatewayname/backendAddressPools/examplebackendaddresspoolname"
                                    },
                                    "backendHttpSettings": {
                                        "id": "/subscriptions/examplereplacewithyoursubscriptionid/resourceGroups/examplereplacewithyourresourcegroupname/providers/Microsoft.Network/applicationGateways/exampleapplicationgatewayname/backendHttpSettingsCollection/examplebackendhttpsettingname"
                                    }
                                }
                            }
                        ],
                        "defaultBackendAddressPool": {
                            "id": "/subscriptions/examplereplacewithyoursubscriptionid/resourceGroups/examplereplacewithyourresourcegroupname/providers/Microsoft.Network/applicationGateways/exampleapplicationgatewayname/backendAddressPools/exampledefaultbackendaddresspoolname"
                        },
                        "defaultBackendHttpSettings": {
                            "id": "/subscriptions/examplereplacewithyoursubscriptionid/resourceGroups/examplereplacewithyourresourcegroupname/providers/Microsoft.Network/applicationGateways/exampleapplicationgatewayname/backendHttpSettingsCollection/exampledefaultbackendhttpsettingname"
                        }
                    }
                }
            ]
        },
        "healthProbes": {
            "value": [
                {
                    "name": "examplehealthprobename",
                    "properties": {
                        "protocol": "Https",
                        "host": "examplehostname.aab",
                        "pickHostNameFromBackendHttpSettings": false,
                        "port": 443,
                        "path": "/images/example.aspx",
                        "interval": 30,
                        "timeout": 30,
                        "unhealthyThreshold": 3,
                        "minServers": 0,
                        "match": {
                            "body": "examplehttpresponsebodymatch",
                            "statusCodes": [
                                "200-399"
                            ]
                        }
                    }
                }
            ]
        }
    }
}