{
    "$schema": "https://schema.management.azure.com/schemas/2019-04-01/deploymentTemplate.json#",
    "contentVersion": "2.0.0.0",
    "parameters": {
        "applicationGatewayName": {
            "type": "string",
            "minLength": 1,
            "maxLength": 80,
            "metadata": {
                "description": "The name of the Application Gateway."
            }
        },
        "location": {
            "type": "string",
            "defaultValue": "[resourceGroup().location]",
            "metadata": {
                "description": "The location of the Application Gateway."
            }
        },
        "enableAvailabilityZones": {
            "type": "bool",
            "defaultValue": false,
            "metadata": {
                "description": "Whether to enable availability zones."
            }
        },
        "availabilityZones": {
            "type": "array",
            "defaultValue": [
                1,
                2,
                3
            ],
            "metadata": {
                "description": "A list of availability zones denoting where the resource needs to come from."
            }
        },
        "enableAutoscaling": {
            "type": "bool",
            "defaultValue": true,
            "metadata": {
                "description": "Whether to enable autoscaling."
            }
        },
        "minimumInstanceCount": {
            "type": "int",
            "defaultValue": 0,
            "minValue": 0,
            "maxValue": 124,
            "metadata": {
                "description": "The minimum instance count of the Application Gateway when autoscaling is enabled. The minimum instance count should be smaller than the maximum instance count. High availability is ensured, even if set to zero."
            }
        },
        "maximumInstanceCount": {
            "type": "int",
            "defaultValue": 10,
            "minValue": 1,
            "maxValue": 125,
            "metadata": {
                "description": "The maximum instance count of the Application Gateway when autoscaling is enabled."
            }
        },
        "instanceCount": {
            "type": "int",
            "defaultValue": 2,
            "minValue": 1,
            "maxValue": 125,
            "metadata": {
                "description": "The instance count of the Application Gateway when autoscaling is disabled. A minimum instance count of 2 is recommended for production workloads."
            }
        },
        "enableHttp2": {
            "type": "bool",
            "defaultValue": false,
            "metadata": {
                "description": "Whether to enable HTTP2 on the Application Gateway."
            }
        },
        "wafPolicyResourceId": {
            "type": "String",
            "metadata": {
                "description": "The resource ID of the WAF policy."
            }
        },
        "virtualNetworkResourceGroup": {
            "type": "string",
            "minLength": 1,
            "maxLength": 90,
            "metadata": {
                "description": "The name of the Virtual Network Resource Group."
            }
        },
        "virtualNetworkName": {
            "type": "string",
            "minLength": 2,
            "maxLength": 64,
            "metadata": {
                "description": "The name of the Virtual Network. The location of the Virtual Network must match the location of the Application Gateway."
            }
        },
        "subnetName": {
            "type": "string",
            "minLength": 1,
            "maxLength": 80,
            "metadata": {
                "description": "The name of the subnet."
            }
        },
        "dnsNameLabel": {
            "type": "string",
            "defaultValue": "none",
            "minLength": 3,
            "maxLength": 63,
            "metadata": {
                "description": "The optional DNS name label for the public IP address when only using the public frontend IP address. An A record that starts with the specified label and resolves to the public IP address will be registered with the Azure-provided DNS servers, e.g., mylabel.westeurope.cloudapp.azure.com. Note: When a DNS name label is not required, please keep the default value of the parameter ''dnsNameLabel'' set to ''none''."
            }
        },
        "addPrivateFrontendIpAddress": {
            "type": "bool",
            "defaultValue": false,
            "metadata": {
                "description": "Whether to add a private frontend IP address. Note: When adding a private frontend IP address, please keep the default value of the parameter ''dnsNameLabel'' set to ''none''."
            }
        },
        "privateFrontendIpAddress": {
            "type": "string",
            "defaultValue": "optional",
            "metadata": {
                "description": "The private frontend IP address. An Application Gateway can only use a private IP address with allocation method as Static."
            }
        },
        "backendAddressPools": {
            "type": "array",
            "metadata": {
                "description": "An object array that contains the complete definition of the backend address pool."
            }
        },
        "frontendPorts": {
            "type": "array",
            "metadata": {
                "description": "An array that contains the frontend ports."
            }
        },
        "keyVaultName": {
            "type": "string",
            "metadata": {
                "description": "The name of the Key Vault that contains the SSL certificate."
            }
        },
        "sslCertificateName": {
            "type": "string",
            "metadata": {
                "description": "The name of the SSL certificate secret in Key Vault, which is used for the HTTP listener. The name of the SSL certificate must be unique within the Application Gateway."
            }
        },
        "policyName": {
            "type": "string",
            "defaultValue": "AppGwSslPolicy20220101S",
            "allowedValues": [
                "AppGwSslPolicy20170401S",
                "AppGwSslPolicy20220101",
                "AppGwSslPolicy20220101S"
            ],
            "metadata": {
                "description": "The name of SSL predefined policy."
            }
        },
        "userAssignedManagedIdentityName": {
            "type": "string",
            "metadata": {
                "description": "The name of the User-Assigned Managed Identity that has permissions to access the Key Vault to retrieve the SSL certificate."
            }
        },
        "httpListeners": {
            "type": "array",
            "metadata": {
                "description": "An object array that contains the properties of one or more HTTP listeners, each with name, frontend IP (either ''Public'' or ''Private''), frontend port and host name."
            }
        },
        "backendHttpSettings": {
            "type": "array",
            "metadata": {
                "description": "An object array that contains the complete definition of one or more backend HTTP settings."
            }
        },
        "requestRoutingRules": {
            "type": "array",
            "metadata": {
                "description": "An object array that contains one or more request routing rules."
            }
        },
        "urlPathMaps": {
            "type": "array",
            "metadata": {
                "description": "An object array that contains one or more URL path maps used when specifying path based request routing rules. Note: When specifying only basic request routing rules, please use an empty array."
            }
        },
        "healthProbes": {
            "type": "array",
            "metadata": {
                "description": "An object array that contains zero or more the health probes. Note: When no health probes are required, please use an empty array."
            }
        }
    },
    "variables": {
        "autoscaleConfiguration": {
            "minCapacity": "[parameters('minimumInstanceCount')]",
            "maxCapacity": "[parameters('maximumInstanceCount')]"
        },
        "dnsSettings": {
            "domainNameLabel": "[parameters('dnsNameLabel')]"
        },
        "addDnsSettings": "[or(not(parameters('addPrivateFrontendIpAddress')), not(equals(parameters('dnsNameLabel'), 'none')))]",
        "frontendIpConfigurations": "[if(parameters('addPrivateFrontendIpAddress'), createArray(variables('publicFrontendIpConfiguration'), variables('privateFrontendIpConfiguration')), createArray(variables('publicFrontendIpConfiguration')))]",
        "privateFrontendIpConfigurationName": "appGwPrivateFrontendIp",
        "privateFrontendIpConfiguration": {
            "name": "[variables('privateFrontendIpConfigurationName')]",
            "properties": {
                "privateIPAddress": "[parameters('privateFrontendIpAddress')]",
                "privateIPAllocationMethod": "Static",
                "subnet": {
                    "id": "[variables('subnetResourceId')]"
                }
            }
        },
        "publicFrontendIpConfigurationName": "appGwPublicFrontendIp",
        "publicFrontendIpConfiguration": {
            "name": "[variables('publicFrontendIpConfigurationName')]",
            "properties": {
                "publicIPAddress": {
                    "id": "[variables('publicIpAddressResourceId')]"
                }
            }
        },
        "publicIpAddressName": "[concat(parameters('applicationGatewayName'), '-publicip')]",
        "publicIpAddressResourceId": "[resourceId('Microsoft.Network/publicIPAddresses', variables('publicIpAddressName'))]",
        "skuName": "WAF_v2",
        "subnetResourceId": "[resourceId(parameters('virtualNetworkResourceGroup'), 'Microsoft.Network/virtualNetworks/subnets', parameters('virtualNetworkName'), parameters('subnetName'))]",
        "userAssignedManagedIdentityResourceId": "[resourceId('Microsoft.ManagedIdentity/userAssignedIdentities', parameters('userAssignedManagedIdentityName'))]"
    },
    "resources": [
        {
            "type": "Microsoft.Network/publicIPAddresses",
            "apiVersion": "2024-01-01",
            "name": "[variables('publicIpAddressName')]",
            "location": "[parameters('location')]",
            "zones": "[if(parameters('enableAvailabilityZones'), parameters('availabilityZones'), json('null'))]",
            "sku": {
                "name": "Standard",
                "tier": "Regional"
            },
            "properties": {
                "publicIPAddressVersion": "IPv4",
                "publicIPAllocationMethod": "Static",
                "idleTimeoutInMinutes": 4,
                "dnsSettings": "[if(variables('addDnsSettings'), variables('dnsSettings'), json('null'))]"
            }
        },
        {
            "type": "Microsoft.Network/applicationGateways",
            "apiVersion": "2024-01-01",
            "name": "[parameters('applicationGatewayName')]",
            "location": "[parameters('location')]",
            "zones": "[if(parameters('enableAvailabilityZones'), parameters('availabilityZones'), json('null'))]",
            "identity": {
                "type": "UserAssigned",
                "userAssignedIdentities": {
                    "[variables('userAssignedManagedIdentityResourceId')]": {}
                }
            },
            "dependsOn": [
                "[variables('publicIpAddressResourceId')]"
            ],
            "properties": {
                "autoscaleConfiguration": "[if(parameters('enableAutoscaling'), variables('autoscaleConfiguration'), json('null'))]",
                "copy": [
                    {
                        "name": "backendAddressPools",
                        "count": "[length(parameters('backendAddressPools'))]",
                        "input": {
                            "name": "[parameters('backendAddressPools')[copyIndex('backendAddressPools')].name]",
                            "properties": {
                                "backendAddresses": "[parameters('backendAddressPools')[copyIndex('backendAddressPools')].backendAddresses]"
                            }
                        }
                    },
                    {
                        "name": "backendHttpSettingsCollection",
                        "count": "[length(parameters('backendHttpSettings'))]",
                        "input": {
                            "name": "[parameters('backendHttpSettings')[copyIndex('backendHttpSettingsCollection')].name]",
                            "properties": "[parameters('backendHttpSettings')[copyIndex('backendHttpSettingsCollection')].properties]"
                        }
                    },
                    {
                        "name": "frontendPorts",
                        "count": "[length(parameters('frontendPorts'))]",
                        "input": {
                            "name": "[concat('port_', parameters('frontendPorts')[copyIndex('frontendPorts')])]",
                            "properties": {
                                "port": "[parameters('frontendPorts')[copyIndex('frontendPorts')]]"
                            }
                        }
                    },
                    {
                        "name": "httpListeners",
                        "count": "[length(parameters('httpListeners'))]",
                        "input": {
                            "name": "[parameters('httpListeners')[copyIndex('httpListeners')].name]",
                            "properties": "[parameters('httpListeners')[copyIndex('httpListeners')].properties]"
                        }
                    }
                ],
                "enableHttp2": "[parameters('enableHttp2')]",
                "frontendIPConfigurations": "[variables('frontendIpConfigurations')]",
                "gatewayIPConfigurations": [
                    {
                        "name": "appGatewayIpConfig",
                        "properties": {
                            "subnet": {
                                "id": "[variables('subnetResourceId')]"
                            }
                        }
                    }
                ],
                "probes": "[if(empty(parameters('healthProbes')), json('null'), parameters('healthProbes'))]",
                "requestRoutingRules": "[parameters('requestRoutingRules')]",
                "sku": {
                    "name": "[variables('skuName')]",
                    "tier": "[variables('skuName')]",
                    "capacity": "[if(parameters('enableAutoscaling'), json('null'), parameters('instanceCount'))]"
                },
                "sslCertificates": [
                    {
                        "name": "[parameters('sslCertificateName')]",
                        "properties": {
                            "keyVaultSecretId": "[reference(resourceId('Microsoft.KeyVault/vaults/secrets', parameters('keyVaultName'), parameters('sslCertificateName')), '2023-07-01').secretUri]"
                        }
                    }
                ],
                "sslPolicy": {
                    "policyType": "Predefined",
                    "policyName": "[parameters('policyName')]"
                },
                "urlPathMaps": "[if(empty(parameters('urlPathMaps')), json('null'), parameters('urlPathMaps'))]",
                 "firewallPolicy": {
                    "id": "[parameters('wafPolicyResourceId')]"
                }
            }
        }
    ],
    "outputs": {
        "publicIpAddress": {
            "type": "string",
            "value": "[reference(variables('publicIpAddressResourceId'), '2024-01-01', 'Full').properties.ipAddress]"
        },
        "publicIpAddressFqdn": {
            "condition": "[variables('addDnsSettings')]",
            "type": "string",
            "value": "[reference(variables('publicIpAddressResourceId'), '2024-01-01', 'Full').properties.dnsSettings.fqdn]"
        }
    }
}