{
  "$schema": "https://schema.management.azure.com/schemas/2019-04-01/deploymentParameters.json#",
  "contentVersion": "1.0.0.0",
  "parameters": {
    "name": {
      "value": "default-value"
    },
    "tags": {
      "value": {
        "default-param": "default-value"
      }
    },
    "sku": {
      "value": "default-value"
    },
    "keyIdentifier": {
      "value": "default-value"
    },
    "userAssignedIdentities": {
      "value": "default-value"
    },
    "identityClientId": {
      "value": "default-value"
    },
    "identityType": {
      "value": "default-value"
    },
    "createMode": {
      "value": "default-value"
    },
    "disableLocalAuth": {
      "value": true
    },
    "enablePurgeProtection": {
      "value": false
    },
    "publicNetworkAccess": {
      "value": "default-value"
    },
    "softDeleteRetentionInDays": {
      "value": 0
    },
    "additionalAppConfigurationProperties": {
      "value": {
        "default-param": "default-value"
      }
    },
    "privateEndpointName": {
      "value": "default-value"
    },
    "pleSubnetName": {
      "value": "default-value"
    },
    "vnetName": {
      "value": "default-value"
    },
    "vnetResourceGroup": {
      "value": "default-value"
    }
  }
}
