{
  "$schema": "https://schema.management.azure.com/schemas/2015-01-01/deploymentParameters.json#",
  "contentVersion": "1.0.0.0",
  "parameters": {
    "actionGroupList": {
      "value": [
        {
          "actionGroupName": "acei-acev-d-actiongroup",
          "actionGroupShortName": "aceipdagp",
          "pEmailRecivers": [
            {
              "emailAddress": "team-ace-voice@nl.abnamro.com",
              "name": "Conversational-IVR"
            }
          ]
        }
      ]
    }
  }
}
