{
  "$schema": "https://schema.management.azure.com/schemas/2015-01-01/deploymentParameters.json#",
  "contentVersion": "1.0.0.0",
  "parameters": {
    "pScope": {
      "value": "acev"
    },
    "pCommonActionGroupId": {
      "value": [
        {
          "pActionGroupId": "/subscriptions/6c8774fc-d876-4653-b8e7-addc40b17cc6/resourceGroups/cbspitsm-p-rg/providers/microsoft.Insights/actiongroups/ServiceNow-PR-"
        },
        {
          "pActionGroupId": "/subscriptions/6C8774FC-D876-4653-B8E7-ADDC40B17CC6/resourceGroups/acei-d-rg/providers/microsoft.insights/actionGroups/acei-acev-d-actiongroup"
        }
      ]
    },
    "metricsDimentions": {
      "value": {
        "node-pool": {
          "dimentionName": "node",
          "dimentionOperator": "StartsWith",
          "dimentionvalues": "aks-acev"
        },
        "pods": {
          "dimentionName": "namespace",
          "dimentionOperator": "StartsWith",
          "dimentionvalues": "acev"
        }
      }
    }
  }
}