{
    "$schema": "https://schema.management.azure.com/schemas/2019-04-01/deploymentTemplate.json#",
    "contentVersion": "1.0.0.0",
    "parameters": {
        "virtualMachineScaleSetName": {
            "type": "string",
            "minLength": 1,
            "maxLength": 15,
            "metadata": {
                "description": "The name of the Virtual Machine Scale Set."
            }
        },
        "location": {
            "type": "string",
            "defaultValue": "[resourceGroup().location]",
            "metadata": {
                "description": "The location of the Virtual Machine Scale Set."
            }
        },
        "enableAvailabilityZones": {
            "type": "bool",
            "defaultValue": false,
            "metadata": {
                "description": "Whether to enable Availability Zones. Availability Zones cannot be enabled after a Virtual Machine Scale Set is created."
            }
        },
        "numberOfAvailabilityZones": {
            "type": "int",
            "defaultValue": 1,
            "minValue": 1,
            "maxValue": 3,
            "metadata": {
                "description": "The number of Availability Zones for the Virtual Machine Scale Set. The number of Availability Zones cannot be changed after a Virtual Machine Scale Set is created."
            }
        },
        "imageName": {
            "type": "string",
            "defaultValue": "WindowsServer2019",
            "allowedValues": [
                "WindowsServer2019",
                "WindowsServer2022"
            ],
            "metadata": {
                "description": "The name of the image definition representing the operating system of the Virtual Machine instances."
            }
        },
        "instanceSize": {
            "type": "string",
            "defaultValue": "Standard_D2s_v5",
            "metadata": {
                "description": "The size of the Virtual Machine instances."
            }
        },
        "adminUsername": {
            "type": "string",
            "minLength": 1,
            "maxLength": 20,
            "metadata": {
                "description": "The name of the administrator account."
            }
        },
        "adminPassword": {
            "type": "securestring",
            "minLength": 12,
            "maxLength": 123,
            "metadata": {
                "description": "The password of the administrator account."
            }
        },
        "osDiskType": {
            "type": "string",
            "defaultValue": "Premium_LRS",
            "allowedValues": [
                "Standard_LRS",
                "StandardSSD_LRS",
                "StandardSSD_ZRS",
                "Premium_LRS",
                "Premium_ZRS"
            ],
            "metadata": {
                "description": "The Storage Account type used for the OS disk of the Virtual Machine instances."
            }
        },
        "osDiskEncryptionSetName": {
            "type": "string",
            "minLength": 1,
            "maxLength": 80,
            "metadata": {
                "description": "The name of the Disk Encryption Set used to encrypt the OS disk of the Virtual Machine instances."
            }
        },
        "virtualNetworkResourceGroup": {
            "type": "string",
            "minLength": 1,
            "maxLength": 90,
            "metadata": {
                "description": "The Resource Group name of the Virtual Network."
            }
        },
        "virtualNetworkName": {
            "type": "string",
            "minLength": 2,
            "maxLength": 64,
            "metadata": {
                "description": "The name of the Virtual Network."
            }
        },
        "subnetName": {
            "type": "string",
            "minLength": 1,
            "maxLength": 80,
            "metadata": {
                "description": "The name of the subnet in the Virtual Network to which the Virtual Machine Scale Set is assigned."
            }
        },
        "enableAcceleratedNetworking": {
            "type": "bool",
            "defaultValue": true,
            "metadata": {
                "description": "Whether to enable accelerated networking, which enables low latency and high throughput on the Network Interface. Accelerated networking is only available when using a supported OS and Virtual Machine size."
            }
        },
        "instanceCount": {
            "type": "int",
            "defaultValue": 2,
            "minValue": 1,
            "maxValue": 1000,
            "metadata": {
                "description": "The number of Virtual Machine instances in the Virtual Machine Scale Set. By setting the maximum number of Virtual Machine instances over 100, the Virtual Machine Scale Set will be enabled to scale to multiple placement groups."
            }
        },
        "scaleInPolicy": {
            "type": "string",
            "defaultValue": "Default",
            "allowedValues": [
                "Default",
                "NewestVM",
                "OldestVM"
            ],
            "metadata": {
                "description": "The rules to be followed when scaling-in a Virtual Machine Scale Set."
            }
        },
        "forceDeletion": {
            "type": "bool",
            "defaultValue": false,
            "metadata": {
                "description": "Whether to apply force delete to scale-in operations, which deletes Virtual Machine instances regardless of current connections or usage with associated resources. Force delete does not delete associated resources by default."
            }
        },
        "upgradePolicy": {
            "type": "string",
            "defaultValue": "Manual",
            "allowedValues": [
                "Automatic",
                "Manual",
                "Rolling"
            ],
            "metadata": {
                "description": "The upgrade policy to determine how Virtual Machine instances are brought up-to-date with the latest Virtual Machine Scale Set model."
            }
        },
        "overprovision": {
            "type": "bool",
            "defaultValue": false,
            "metadata": {
                "description": "Whether the Virtual Machine Scale Set should be overprovisioned. If enabled, the Virtual Machine Scale Set spins up more Virtual Machine instances than requested, then deletes the extra Virtual Machine instances once the requested number of Virtual Machine instances are successfully provisioned. Overprovisioning improves provisioning success rates and reduces deployment time. You are not billed for the extra Virtual Machine instances, and they do not count toward your quota limits."
            }
        },
        "singlePlacementGroup": {
            "type": "bool",
            "defaultValue": false,
            "metadata": {
                "description": "Whether the Virtual Machine Scale Set will be limited to 1 placement group and can have a maximum Virtual Machine instance count of 100. If not enabled, the Virtual Machine Scale Set can span multiple placement groups. This allows the Virtual Machine instance count to be up to 1000 but changes the availability characteristics of the Virtual Machine Scale Set."
            }
        },
        "platformFaultDomainCount": {
            "type": "int",
            "defaultValue": 1,
            "metadata": {
                "description": "The fault domain count for each placement group. Virtual Machine Scale Sets deployed to an Availability Zone must have the value set to 1 or 5. The fault domain count cannot be changed after a Virtual Machine Scale Set is created."
            }
        }
    },
    "variables": {
        "availabilityZones": "[pickZones('Microsoft.Compute', 'virtualMachineScaleSets', parameters('location'), parameters('numberOfAvailabilityZones'))]",
        "gallerySubscriptionId": "389bf9fe-9fbc-4851-847a-da3386cf092e",
        "galleryResourceGroup": "compute-p-rg",
        "galleryName": "aps_vmss_acg",
        "imageResourceId": "[resourceId(variables('gallerySubscriptionId'), variables('galleryResourceGroup'), 'Microsoft.Compute/galleries/images', variables('galleryName'), parameters('imageName'))]",
        "computerNamePrefix": "[toLower(substring(concat(parameters('virtualMachineScaleSetName'), uniqueString(resourceGroup().id)), 0, 9))]",
        "osDiskEncryptionSetResourceId": "[resourceId('Microsoft.Compute/diskEncryptionSets', parameters('osDiskEncryptionSetName'))]",
        "networkInterfaceName": "[concat(parameters('virtualMachineScaleSetName'), '-nic')]",
        "subnetResourceId": "[resourceId(parameters('virtualNetworkResourceGroup'), 'Microsoft.Network/virtualNetworks/subnets', parameters('virtualNetworkName'), parameters('subnetName'))]"
    },
    "resources": [
        {
            "type": "Microsoft.Compute/virtualMachineScaleSets",
            "apiVersion": "2022-11-01",
            "name": "[parameters('virtualMachineScaleSetName')]",
            "location": "[parameters('location')]",
            "zones": "[if(parameters('enableAvailabilityZones'), variables('availabilityZones'), json('null'))]",
            "sku": {
                "name": "[parameters('instanceSize')]",
                "capacity": "[parameters('instanceCount')]"
            },
            "identity": {
                "type": "SystemAssigned"
            },
            "properties": {
                "orchestrationMode": "Uniform",
                "overprovision": "[parameters('overprovision')]",
                "platformFaultDomainCount": "[parameters('platformFaultDomainCount')]",
                "singlePlacementGroup": "[if(greater(parameters('instanceCount'), 100), bool('false'), parameters('singlePlacementGroup'))]",
                "scaleInPolicy": {
                    "rules": [
                        "[parameters('scaleInPolicy')]"
                    ],
                    "forceDeletion": "[parameters('forceDeletion')]"
                },
                "upgradePolicy": {
                    "automaticOSUpgradePolicy": {
                        "enableAutomaticOSUpgrade": true
                    },
                    "mode": "[parameters('upgradePolicy')]"
                },
                "virtualMachineProfile": {
                    "storageProfile": {
                        "imageReference": {
                            "id": "[variables('imageResourceId')]"
                        },
                        "osDisk": {
                            "createOption": "FromImage",
                            "caching": "ReadWrite",
                            "managedDisk": {
                                "storageAccountType": "[parameters('osDiskType')]",
                                "diskEncryptionSet": {
                                    "id": "[variables('osDiskEncryptionSetResourceId')]"
                                }
                            }
                        }
                    },
                    "osProfile": {
                        "computerNamePrefix": "[variables('computerNamePrefix')]",
                        "adminUsername": "[parameters('adminUsername')]",
                        "adminPassword": "[parameters('adminPassword')]",
                        "windowsConfiguration": {
                            "provisionVMAgent": true,
                            "enableAutomaticUpdates": false,
                            "enableVMAgentPlatformUpdates": false
                        },
                        "allowExtensionOperations": true
                    },
                    "networkProfile": {
                        "networkInterfaceConfigurations": [
                            {
                                "name": "[variables('networkInterfaceName')]",
                                "properties": {
                                    "enableAcceleratedNetworking": "[parameters('enableAcceleratedNetworking')]",
                                    "primary": true,
                                    "ipConfigurations": [
                                        {
                                            "name": "ipconfig",
                                            "properties": {
                                                "primary": true,
                                                "subnet": {
                                                    "id": "[variables('subnetResourceId')]"
                                                },
                                                "privateIPAddressVersion": "IPv4"
                                            }
                                        }
                                    ]
                                }
                            }
                        ]
                    },
                    "extensionProfile": {
                        "extensions": [
                            {
                                "type": "extensions",
                                "name": "HealthExtension",
                                "properties": {
                                    "publisher": "Microsoft.ManagedServices",
                                    "type": "ApplicationHealthWindows",
                                    "autoUpgradeMinorVersion": true,
                                    "typeHandlerVersion": "1.0",
                                    "settings": {
                                        "protocol": "tcp",
                                        "port": "3389"
                                    }
                                }
                            },
                            {
                                "type": "extensions",
                                "name": "AzureMonitorWindowsAgent",
                                "properties": {
                                    "publisher": "Microsoft.Azure.Monitor",
                                    "type": "AzureMonitorWindowsAgent",
                                    "enableAutomaticUpgrade": true,
                                    "autoUpgradeMinorVersion": true,
                                    "typeHandlerVersion": "1.14"
                                }
                            }
                        ]
                    }
                }
            }
        }
    ]
}