{
    "$schema": "https://schema.management.azure.com/schemas/2019-04-01/deploymentParameters.json#",
    "contentVersion": "1.0.0.0",
    "parameters": {
        "virtualMachineScaleSetName": {
            "value": "examplevalue"
        },
        "enableAvailabilityZones": {
            "value": false
        },
        "numberOfAvailabilityZones": {
            "value": 1
        },
        "imageName": {
            "value": "WindowsServer2019"
        },
        "instanceSize": {
            "value": "Standard_D2s_v5"
        },
        "adminUsername": {
            "value": "examplevalue"
        },
        "adminPassword": {
            "value": "examplevalue"
        },
        "osDiskType": {
            "value": "Premium_LRS"
        },
        "osDiskEncryptionSetName": {
            "value": "examplevalue"
        },
        "virtualNetworkResourceGroup": {
            "value": "examplevalue"
        },
        "virtualNetworkName": {
            "value": "examplevalue"
        },
        "subnetName": {
            "value": "examplevalue"
        },
        "enableAcceleratedNetworking": {
            "value": true
        },
        "instanceCount": {
            "value": 2
        },
        "scaleInPolicy": {
            "value": "Default"
        },
        "forceDeletion": {
            "value": false
        },
        "upgradePolicy": {
            "value": "Manual"
        },
        "overprovision": {
            "value": false
        },
        "singlePlacementGroup": {
            "value": false
        },
        "platformFaultDomainCount": {
            "value": 1
        }
    }
}