{
  "$schema": "https://schema.management.azure.com/schemas/2015-01-01/deploymentParameters.json#",
  "contentVersion": "1.0.0.0",
  "parameters": {
    "adbDbfsKeyExist": {
      "value": false
    },
    "adbAdminEntraGroupId": {
      "value": "b9d250ef-c6c4-4f4f-a595-b3f382697a21"
    },
    "adbName": {
      "value": "pvm-adb001"
    },
    "adbVNetName": {
      "value": "lzftt01-a-vnet"
    },
    "adbVNetRgName": {
      "value": "lzftt01-vnets-a-rg"
    },
    "keyVaultName": {
      "value": "act-pvm-kv-we"
    },
    "privateEndpointvNetName": {
      "value": "lzftt01-a-vnet"
    },
    "privateEndpointvNetRgName": {
      "value": "lzftt01-vnets-a-rg"
    },
    "privateEndpointSubnetName": {
      "value": "ple01-subnet"
    }
  }
}