{
  "$schema": "https://schema.management.azure.com/schemas/2015-01-01/deploymentParameters.json#",
  "contentVersion": "1.0.0.0",
  "parameters": {
    "keyVaultAdminEntraGroupId": {
      "value": "b9d250ef-c6c4-4f4f-a595-b3f382697a21"
    },
    "keyVaultEnablePurgeProtection": {
      "value": true
    },
    "keyVaultName": {
      "value": "pvm-adb-kv3"
    },
    "keyVaultsoftDeleteRetentionInDays": {
      "value": 7
    },
    "privateEndpointSubnetName": {
      "value": "ple01-subnet"
    },
    "privateEndpointvNetName": {
      "value": "lzftt01-a-vnet"
    },
    "privateEndpointvNetRgName": {
      "value": "lzftt01-vnets-a-rg"
    }
  }
}