{
    "$schema": "https://schema.management.azure.com/schemas/2019-04-01/deploymentParameters.json#",
    "contentVersion": "1.0.0.0",
    "parameters": {
        "compliantDataFactoryName": {
            "value": "lzftt-adf-ManagedVNet"
        },
        "azureKeyVaultBaseUrl": {
            "value": "https://lzftt-demo-kv.vault.azure.net/"
        },
        "keyName": {
            "value": "lzftt-demo-cmk"
        },
        "keyVersion": {
            "value": "99f9a545ee77414982eafd511c764930"
        },
        "identityType": {
            "value": "UserAssigned"
        },
        "publicNetworkAccess": {
            "value": "Disabled"
        },
        "datafactoryManagedIdentityType": {
            "value": "General"
        },
        "computePropertiesLocation": {
            "value": "AutoResolve"
        },
        "computeType": {
            "value": "General"
        },
        "coreCount": {
            "value": 8
        },
        "timeToLive": {
            "value": 0
        },
        "ManagedVirtualNetworkReferenceType": {
            "value": "ManagedVirtualNetworkReference"
        },
        "referenceNameDataFactory": {
            "value": "default"
        },
        "identityResourceGroupName": {
            "value": "lzftt-d-rg"
        },
        "identityName": {
            "value": "lzftt-umi"
        }
    }
}