{
    "$schema": "https://schema.management.azure.com/schemas/2019-04-01/deploymentParameters.json#",
    "contentVersion": "1.0.0.0",
    "parameters": {
        "storageAccountName": {
            "value": "fttadlstestacc5"
        },
        "userAssignedIdentityName": {
            "value": "fttTestIdentity01"
        },
        "keyVaultName": {
            "value": "fttadls-kv"
        },
        "deployKey":{
            "value": false
        },
        "createCMKPermissions": {
            "value": {
                "keys": [
                    "list",
                    "unwrapKey",
                    "wrapKey"
                ]
            }
        },
        "keyVaultAction": {
            "value": "add"
        },
        "keyName": {
            "value": "fttacccmk11"
        }
    }
}