{
  "$schema": "https://schema.management.azure.com/schemas/2019-04-01/deploymentTemplate.json#",
  "contentVersion": "1.0.0.0",
  "parameters": {
    "applicationInsightsName": {
      "value": "lzftt-demo-appinsight"
    },
    "location": {
      "value": "West Europe"
    },
    "applicationType": {
      "value": "web"
    },
    "applicationKind": {
      "value": "web"
    },
    "workspaceResourceId": {
      "value": "/subscriptions/b658ffad-30c7-4be6-881c-e3dc1f6520af/resourceGroups/oms-rg/providers/Microsoft.OperationalInsights/workspaces/infra-p-oms"
    }
  }
}