{
  "$schema": "https://schema.management.azure.com/schemas/2019-04-01/deploymentTemplate.json#",
  "contentVersion": "1.0.0.0",
  "parameters": {
    "applicationInsightsName": {
      "type": "string",
      "minLength": 1,
      "maxLength": 255,
      "metadata": {
        "description": "The name of the application insights"
      }
    },
    "workspaceResourceId": {
      "type": "string",
      "metadata": {
        "description": "Log Analytics workspace ID to associate with your Application Insights resource."
      }
    },
    "location": {
      "type": "string",
      "defaultValue": "[resourceGroup().location]",
      "metadata": {
        "description": "Location for all resources."
      }
    },
    "applicationType": {
      "type": "string",
      "allowedValues": [
        "web",
        "other"
      ],
      "metadata": {
        "description": "Type of app you are deploying."
      }
    },
    "applicationKind": {
      "type": "string",
      "allowedValues": [
        "web",
        "java",
        "Node.JS",
        "other"
      ],
      "metadata": {
        "description": "The kind of application that this component refers to, used to customize UI."
      }
    }
  },
  "resources": [
    {
      "type": "Microsoft.Insights/components",
      "apiVersion": "2020-02-02",
      "name": "[parameters('applicationInsightsName')]",
      "location": "[parameters('location')]",
      "kind": "[parameters('applicationKind')]",
      "properties": {
        "Application_Type": "[parameters('applicationType')]",
        "Request_Source": "rest",
        "WorkspaceResourceId": "[parameters('workspaceResourceId')]",
        "RetentionInDays": 90,
        "IngestionMode": "LogAnalytics",
        "publicNetworkAccessForIngestion": "Enabled",
        "publicNetworkAccessForQuery": "Enabled"
      }
    }
  ]
}