{
  "$schema": "https://schema.management.azure.com/schemas/2015-01-01/deploymentParameters.json#",
  "contentVersion": "1.0.0.0",
  "parameters": {
    "srcKeyVaultName": {
      "value": "keyvaultRS250123"
    },
    "secretsToCopy": {
      "value":[ 
       "testsecret25-01-2023"
      ]  
    },
    "destKeyVaultName": {
      "value": "keyvaultRS1908"
    },
    "sourceSubscription": {
      "value": "fda0220a-4c77-4c02-a69e-af06d74ff1d3"
    },
    "sourceResourceGroup": {
      "value": "az-community-d-rg"
    }
  }
}