{
  "$schema": "https://schema.management.azure.com/schemas/2015-01-01/deploymentParameters.json#",
  "contentVersion": "1.0.0.0",
  "parameters": {
    "environmentLetter": {
      "value": "d"
    },
    "location":{
      "value": "West Europe"
    },
    "cosmosAccountName": {
      "value": "vk-cosmosaccount"
    },
    "cosmosUAMIName": {
      "value": "sfe-a-uamidaks"
    },
    "cosmosKeyVaultName": {
      "value": "sfe-lzftt-a-kv01"
    },
    "cosmosKeyName": {
      "value": "sfe-aks01-secret-01" 
    },
    "cosmosDBName": {
      "value": "cosmosdb"
    }
  }
}