{
    "admin_labeler": {
        "summarisation": {},
        "labeler": {}
    },
    "AdvisorAssist-CCO-Business-User": {
        "summarisation": {},
        "knowledge_base": {},
        "transcription": {},
        "gender_summarisation": {},
        "shorten_summarisation": {},
        "edited_summarisation": {},
        "feedback": {},
        "nps_submission": {},
        "language_detection": {}
    },
    "AdvisorAssist-CCO": {
        "summarisation": {},
        "knowledge_base": {},
        "transcription": {},
        "gender_summarisation": {},
        "shorten_summarisation": {},
        "edited_summarisation": {},
        "feedback": {},
        "nps_submission": {},
        "language_detection": {}
    },
    "AdvisorAssist-Complaints": {
        "summarisation": {},
        "knowledge_base": {},
        "transcription": {},
        "gender_summarisation": {},
        "shorten_summarisation": {},
        "edited_summarisation": {},
        "feedback": {},
        "nps_submission": {},
        "language_detection": {}
    },
    "AdvisorAssist-P&BB-Hypotheken": {
        "summarisation": {},
        "knowledge_base": {},
        "transcription": {},
        "gender_summarisation": {},
        "shorten_summarisation": {},
        "edited_summarisation": {},
        "feedback": {},
        "nps_submission": {},
        "language_detection": {}
    },
    "AdvisorAssist-CCO-Product-Services": {
        "summarisation": {},
        "knowledge_base": {},
        "transcription": {},
        "gender_summarisation": {},
        "shorten_summarisation": {},
        "edited_summarisation": {},
        "feedback": {},
        "nps_submission": {},
        "language_detection": {}
    },
    "AdvisorAssist-NabestaandenDesk": {
        "summarisation": {},
        "knowledge_base": {},
        "transcription": {},
        "gender_summarisation": {},
        "shorten_summarisation": {},
        "edited_summarisation": {},
        "feedback": {},
        "nps_submission": {},
        "language_detection": {}
    },
    "AdvisorAssist-Proactief-Beheer": {
        "summarisation": {},
        "knowledge_base": {},
        "transcription": {},
        "gender_summarisation": {},
        "shorten_summarisation": {},
        "edited_summarisation": {},
        "feedback": {},
        "nps_submission": {},
        "language_detection": {}
    },
    "AdvisorAssist-Fraud": {
        "summarisation": {},
        "knowledge_base": {},
        "transcription": {},
        "gender_summarisation": {},
        "shorten_summarisation": {},
        "edited_summarisation": {},
        "feedback": {},
        "nps_submission": {},
        "language_detection": {}
    },
    "AdvisorAssist-Consumer-Affluent-Investments": {
        "summarisation": {},
        "knowledge_base": {},
        "transcription": {},
        "gender_summarisation": {},
        "shorten_summarisation": {},
        "edited_summarisation": {},
        "feedback": {},
        "nps_submission": {},
        "language_detection": {}
    },
    "agent_assist_dfc": {
        "summarisation": {},
        "transcription": {},
        "gender_summarisation": {},
        "shorten_summarisation": {},
        "edited_summarisation": {},
        "feedback": {},
        "nps_submission": {},
        "language_detection": {}
    },
    "kb_search_dfc": {
        "knowledge_base": {},
        "feedback": {},
        "nps_submission": {}
    },
    "kb_search": {
        "knowledge_base": {},
        "feedback": {},
        "nps_submission": {}
    },
    "chat": {
        "chat": {}
    },
    "admin_feedback": {
        "feedback_query": {},
        "summarisation_query": {},
        "edited_summarisation_query": {},
        "nps_query": {}
    }
}