{
    "$schema": "https://schema.management.azure.com/schemas/2019-04-01/deploymentTemplate.json#",
    "contentVersion": "1.0.0.0",
    "parameters": {
        "virtualMachineName": {
            "type": "string",
            "metadata": {
                "description": "The name of the Virtual Machine."
            }
        },
        "location": {
            "type": "string",
            "defaultValue": "[resourceGroup().location]",
            "metadata": {
                "description": "The location of the Virtual Machine."
            }
        },
        "organizationName": {
            "type": "string",
            "metadata": {
                "description": "The name of the Azure DevOps organization."
            }
        },
        "projectName": {
            "type": "string",
            "metadata": {
                "description": "The name of the team project that contains the deployment group."
            }
        },
        "deploymentGroupName": {
            "type": "string",
            "metadata": {
                "description": "The name of the deployment group to which the agent will be added."
            }
        },
        "agentName": {
            "type": "string",
            "metadata": {
                "description": "The agent name of the Virtual Machine in the deployment group. If an empty value is specified, the Virtual Machine name with '-DG' appended will be used."
            }
        },
        "tags": {
            "type": "string",
            "metadata": {
                "description": "A comma-separated list of tags that can be used in a release pipeline to target a subset of agents in the deployment group. Tags are not case sensitive and each must be no more than 256 characters."
            }
        },
        "patToken": {
            "type": "securestring",
            "metadata": {
                "description": "The Personal Access Token that will be used to authenticate against Azure Pipelines to download and configure the agent."
            }
        }
    },
    "resources": [
        {
            "type": "Microsoft.Compute/virtualMachines/extensions",
            "apiVersion": "2021-11-01",
            "name": "[concat(parameters('virtualMachineName'), '/TeamServicesAgentLinux')]",
            "location": "[parameters('location')]",
            "properties": {
                "publisher": "Microsoft.VisualStudio.Services",
                "type": "TeamServicesAgentLinux",
                "typeHandlerVersion": "1.0",
                "autoUpgradeMinorVersion": true,
                "settings": {
                    "VSTSAccountName": "[parameters('organizationName')]",
                    "TeamProject": "[parameters('projectName')]",
                    "DeploymentGroup": "[parameters('deploymentGroupName')]",
                    "AgentName": "[parameters('agentName')]",
                    "Tags": "[parameters('tags')]"
                },
                "protectedSettings": {
                    "PATToken": "[parameters('patToken')]"
                }
            }
        }
    ]
}