{
    "$schema": "https://schema.management.azure.com/schemas/2019-04-01/deploymentParameters.json#",
    "contentVersion": "1.0.0.0",
    "parameters": {
        "virtualMachineName": {
            "value": "sfe-fttWinVm"
        },
        "organizationName": {
            "value": "https://dev.azure.com/cbsp-abnamro"
        },
        "projectName": {
            "value": "GRD0001007"
        },
        "deploymentGroupName": {
            "value": "lzftt-d-vmextension"
        },
        "environmentName": {
            "value": "lzftt-d-environment"
        },
        "agentName": {
            "value": ""
        },
        "tags": {
            "value": ""
        },
        "patToken": {
            "value": ""
        }
    }
}