{
  "$schema": "https://schema.management.azure.com/schemas/2015-01-01/deploymentParameters.json#",
  "contentVersion": "1.0.0.0",
  "parameters": {
    "pActionGroupIdList": {
      "value": [
        {
          "pActionGroupId": "/subscriptions/6c8774fc-d876-4653-b8e7-addc40b17cc6/resourceGroups/acei-d-rg/providers/Microsoft.Insights/actiongroups/acei-d-actiongroup"
        },
        {
          "pActionGroupId": "/subscriptions/6c8774fc-d876-4653-b8e7-addc40b17cc6/resourceGroups/cbspitsm-p-rg/providers/microsoft.Insights/actiongroups/ServiceNow-PR-"
        }
    ]
    },
    "ciNumber": {
      "value": "CI0079965"
    },
    "resources": {
      "value": [
      {
        "alertName": "Administrative-Activity-Alert-on-Cluster-acei-d-aks",
        "List": [
            {
              "field":"Category",
              "equals":"Administrative"
            },
            {
              "field":"Level",
              "equals":"Error"
            },
            {
              "field":"Level",
              "equals":"Critical"
            }
          ],
            "resourceId": "/subscriptions/6c8774fc-d876-4653-b8e7-addc40b17cc6/resourceGroups/acei-d-rg/providers/Microsoft.ContainerService/managedClusters/acei-d-aks"
      }
      ]
    }
  }
}