{
    "$schema": "https://schema.management.azure.com/schemas/2015-01-01/deploymentParameters.json#",
    "contentVersion": "1.0.0.0",
    "parameters": {
      "roleAssignments": {
        "value": [
          {
            "principalId": "054cce0e-b184-408c-b8c1-add720e153c8",
            "roleDefinitionName": "Storage Blob Data Reader",
            "resourceId": "/subscriptions/6c8774fc-d876-4653-b8e7-addc40b17cc6/resourceGroups/acei-d-rg/providers/Microsoft.Storage/storageAccounts/aceidaksbackupsa"
          },
          {
            "groupId": "b4adc51c-f832-4a91-9826-b7363b34a176",
            "roleDefinitionName": "Azure Kubernetes Service RBAC Cluster Admin",
            "resourceId": "/subscriptions/6c8774fc-d876-4653-b8e7-addc40b17cc6/resourceGroups/acei-d-rg/providers/Microsoft.ContainerService/managedClusters/acei-d-aks"
          },
          {
            "principalId": "2b64d8ff-569d-482d-9d85-370b8acfa3f4",
            "roleDefinitionName": "Azure Kubernetes Service RBAC Cluster Admin",
            "resourceId": "/subscriptions/6c8774fc-d876-4653-b8e7-addc40b17cc6/resourceGroups/acei-d-rg/providers/Microsoft.ContainerService/managedClusters/acei-d-aks"
          }
        ]
      }
    }
  }