{
  "$schema": "https://schema.management.azure.com/schemas/2015-01-01/deploymentParameters.json#",
  "contentVersion": "1.0.0.0",
  "parameters": {
    "nodeTaints": {
      "value": [
        "CriticalAddonsOnly=true:NoSchedule"
      ]
    },
    "userAssignedManagedIdentityId": {
      "value": "/subscriptions/6c8774fc-d876-4653-b8e7-addc40b17cc6/resourceGroups/acei-d-rg/providers/Microsoft.ManagedIdentity/userAssignedIdentities/acei-d-aks-umi"
    },
    "logAnalyticsWorkspace": {
      "value": "acei-log-d-ws"
    },
    "resourceGroupServicePrincipalObjectId": {
      "value": "2b64d8ff-569d-482d-9d85-370b8acfa3f4"
    },
    "aksSkuTier": {
      "value": "Standard"
    },
    "agentPoolList": {
      "value": [
        {
          "nodePoolName": "system",
          "nodePoolCount": 2,
          "nodePoolMaxPod": 30,
          "nodePoolVmSize": "Standard_D8lds_v5",
          "mode": "System",
          "enableAutoScaling": false,
          "maxNodeCount": 2,
          "minNodeCount": 2,
          "applicationName": "acei"
        }
      ]
    }
  }
}