{
  "resourceGroupName": "acei-d-rg",
  "aks": [
    {
      "name": "acei-d-aks",
      "version": "1.32.3",
      "enabledRBAC": true,
      "enablePrivateCluster": true,
      "securityProfile": {
        "workloadIdentity": true,
        "imageCleaner": true
      },
      "networkProfile": {
        "networkPluginMode": "overlay",
        "networkPolicy": "calico"
      },
      "addonProfiles": {
        "azureKeyvaultSecretsProvider": true,
        "azurePolicy": true,
        "omsagent": true
      },
      "nodepoolcount": 2,
      "nodepool": [
        {
          "name": "system",
          "vmSize": "Standard_D8lds_v5",
          "enableAutoScaling": false,
          "minNodeCount": 2,
          "maxNodeCount": 2,
          "enableEncryptionAtHost": true,
          "osDiskType": "Managed",
          "applicationLabel": "acei",
          "nodeType": "System",
          "availabilityZoneSize": 3,
          "status": "Running"
        },
        {
          "name": "acep",
          "vmSize": "Standard_F8s_v2",
          "enableAutoScaling": false,
          "minNodeCount": 1,
          "maxNodeCount": 1,
          "enableEncryptionAtHost": true,
          "osDiskType": "Managed",
          "applicationLabel": "acep",
          "nodeType": "User",
          "availabilityZoneSize": 3,
          "status": "Running"
        }
      ]
    }
  ],
  "keyVault": [
    {
      "name": "acei-d-kv",
      "sku": "premium",
      "isPLEEnabled": true,
      "publicNetworkAccess": "Disabled"
    }
  ],
  "LogWorkspace": [
    {
      "name": "acei-log-d-ws",
      "retentionInDays": 31,
      "publicNetworkAccessForIngestion": "Disable"
    }
  ],
  "BackupVault": [
    {
      "name": "acei-d-aks-backup-vault",
      "retentionDurationInDays": 14,
      "softDelete": "On",
      "encryption": "Enabled",
      "datastoreType": "VaultStore",
      "redundantType": "LocallyRedundant"
    }
  ],
  "StorageAccount": [
    {
      "name": "aceidaksbackupsa",
      "kind": "StorageV2",
      "sku": "Standard_LRS",
      "tier": "Standard",
      "isPLEEnabled": true,
      "requireInfrastructureEncryption": true,
      "allowBlobPublicAccess": false
    }
  ]
}