{
    "$schema": "https://schema.management.azure.com/schemas/2015-01-01/deploymentParameters.json#",
    "contentVersion": "1.0.0.0",
    "parameters": {
      "roleAssignments": {
        "value": [
          {
            "uamiName": "acei-d-aks-umi",
            "roleDefinitionName": "Key Vault Certificate User",
            "resourceId": "/subscriptions/6c8774fc-d876-4653-b8e7-addc40b17cc6/resourceGroups/acei-d-rg/providers/Microsoft.KeyVault/vaults/acei-d-kv"
          },
          {
            "uamiName": "acei-d-aks-umi",
            "roleDefinitionName": "Key Vault Secrets User",
            "resourceId": "/subscriptions/6c8774fc-d876-4653-b8e7-addc40b17cc6/resourceGroups/acei-d-rg/providers/Microsoft.KeyVault/vaults/acei-d-kv"
          },
          {
            "uamiName": "acei-d-aks-umi",
            "roleDefinitionName": "Key Vault Crypto Service Encryption User",
            "resourceId": "/subscriptions/6c8774fc-d876-4653-b8e7-addc40b17cc6/resourceGroups/acei-d-rg/providers/Microsoft.KeyVault/vaults/acei-d-kv"
          },
          {
            "groupId": "02ac69a2-9b38-4894-877f-3cdfbe38ee14",
            "roleDefinitionName": "Key Vault Administrator",
            "resourceId": "/subscriptions/6c8774fc-d876-4653-b8e7-addc40b17cc6/resourceGroups/acei-d-rg/providers/Microsoft.KeyVault/vaults/acei-d-kv"
          },
          {
            "principalId": "2b64d8ff-569d-482d-9d85-370b8acfa3f4",
            "roleDefinitionName": "Key Vault Certificates Officer",
            "resourceId": "/subscriptions/6c8774fc-d876-4653-b8e7-addc40b17cc6/resourceGroups/acei-d-rg/providers/Microsoft.KeyVault/vaults/acei-d-kv"
          },
          {
            "principalId": "2b64d8ff-569d-482d-9d85-370b8acfa3f4",
            "roleDefinitionName": "Key Vault Crypto Officer",
            "resourceId": "/subscriptions/6c8774fc-d876-4653-b8e7-addc40b17cc6/resourceGroups/acei-d-rg/providers/Microsoft.KeyVault/vaults/acei-d-kv"
          },
          {
            "principalId": "2b64d8ff-569d-482d-9d85-370b8acfa3f4",
            "roleDefinitionName": "Key Vault Secrets Officer",
            "resourceId": "/subscriptions/6c8774fc-d876-4653-b8e7-addc40b17cc6/resourceGroups/acei-d-rg/providers/Microsoft.KeyVault/vaults/acei-d-kv"
          }
       ]
      }
    }
  }