{
  "$schema": "https://schema.management.azure.com/schemas/2015-01-01/deploymentParameters.json#",
  "contentVersion": "1.0.0.0",
  "parameters": {
    "ciNumber": {
      "value": "CI0026268"
    },
    "pMinFailingPeriodsToAlert": {
      "value": 1
    },
    "pNumberOfEvaluationPeriods": {
      "value": 1
    },
    "pCommonActionGroupId": {
      "value": [
        "/subscriptions/6c8774fc-d876-4653-b8e7-addc40b17cc6/resourceGroups/acei-d-rg/providers/Microsoft.Insights/actiongroups/acei-d-actiongroup",
        "/subscriptions/6c8774fc-d876-4653-b8e7-addc40b17cc6/resourceGroups/cbspitsm-p-rg/providers/microsoft.Insights/actiongroups/ServiceNow-PR-"
      ]
    },
    "logAlert": {
      "value": [
        {
          "alertRuleName": "jobs-failed-alert-acei-d-aks",
          "resourceId": "/subscriptions/6c8774fc-d876-4653-b8e7-addc40b17cc6/resourceGroups/acei-d-rg/providers/Microsoft.ContainerService/managedClusters/acei-d-aks",
          "alertSeverity": 1,
          "pEvaluationFrequency": "PT5M",
          "pOperator": "GreaterThan",
          "pQuery": "KubeEvents | where TimeGenerated > ago(5m) | where Namespace == 'kube-systems' | ObjectKind contains 'Job' and Reason contains 'fail'",
          "pThreshold": 10,
          "pTimeAggregation": "Count",
          "pWindowSize": "PT15M",
          "actionGroupId": [],
          "description": "Alert when jobs failed exceed 10 in the last 5mins"
        },
        {
          "alertRuleName": "container-outofmemory-error-alert-acei-d-aks",
          "resourceId": "/subscriptions/6c8774fc-d876-4653-b8e7-addc40b17cc6/resourceGroups/acei-d-rg/providers/Microsoft.ContainerService/managedClusters/acei-d-aks",
          "alertSeverity": 1,
          "pEvaluationFrequency": "PT5M",
          "pOperator": "GreaterThan",
          "pQuery": "KubePodInventory | where ContainerStatusReason == 'OOMKilled' | extend ContainerLastStatus=todynamic(ContainerLastStatus) | where TimeGenerated > ago(30m)",
          "pThreshold": 20,
          "pTimeAggregation": "Count",
          "pWindowSize": "PT15M",
          "actionGroupId": [],
          "description": "Alert when container outofmemory exceed 20 in the last 30mins"
        },
        {
          "alertRuleName": "container-crashloopbackOff-error-alert-acei-d-aks",
          "resourceId": "/subscriptions/6c8774fc-d876-4653-b8e7-addc40b17cc6/resourceGroups/acei-d-rg/providers/Microsoft.ContainerService/managedClusters/acei-d-aks",
          "alertSeverity": 1,
          "pEvaluationFrequency": "PT5M",
          "pOperator": "GreaterThan",
          "pQuery": "KubePodInventory | where ContainerStatusReason == 'CrashLoopBackOff' | extend ContainerLastStatus=todynamic(ContainerLastStatus) | where TimeGenerated > ago(30m)",
          "pThreshold": 20,
          "pTimeAggregation": "Count",
          "pWindowSize": "PT15M",
          "actionGroupId": [],
          "description": "Alert when container-crashloopbackOff failed exceed 20 in the last 30mins"
        },
        {
          "alertRuleName": "container-imagepullbackoff-error-alert-acei-d-aks",
          "resourceId": "/subscriptions/6c8774fc-d876-4653-b8e7-addc40b17cc6/resourceGroups/acei-d-rg/providers/Microsoft.ContainerService/managedClusters/acei-d-aks",
          "alertSeverity": 1,
          "pEvaluationFrequency": "PT5M",
          "pOperator": "GreaterThan",
          "pQuery": "KubePodInventory | where ContainerStatusReason == 'ImagePullBackOff' | extend ContainerLastStatus=todynamic(ContainerLastStatus) | where TimeGenerated > ago(30m)",
          "pThreshold": 20,
          "pTimeAggregation": "Count",
          "pWindowSize": "PT15M",
          "actionGroupId": [],
          "description": "Alert when jobs failed exceed 20 in the last 30mins"
        },
        {
          "alertRuleName": "nginx-alert-dns-response-failed-alert-acei-d-aks",
          "resourceId": "/subscriptions/6c8774fc-d876-4653-b8e7-addc40b17cc6/resourceGroups/acei-d-rg/providers/Microsoft.ContainerService/managedClusters/acei-d-aks",
          "alertSeverity": 1,
          "pEvaluationFrequency": "PT5M",
          "pOperator": "GreaterThan",
          "pQuery": "ContainerLog | where LogEntry !contains 'info' | extend client_ip = extract(@'^(\\S+)', 1, LogEntry) | extend request_method = extract(@'(GET|POST|PUT|DELETE|PATCH|OPTIONS)', 0, LogEntry) | extend status_code = extract(@'\"\\s(\\d{3})\\s', 1, LogEntry) | extend dns_name = extract(@'(?:https?://)([a-zA-Z0-9.-]+\\.[a-zA-Z]{2,6})', 1, LogEntry) | project TimeGenerated, client_ip, dns_name, status_code, LogEntry | where status_code != '200' and status_code != '' | where dns_name != '' | summarize count() by dns_name",
          "pThreshold": 50,
          "pTimeAggregation": "Count",
          "pWindowSize": "PT15M",
          "actionGroupId": [],
          "description": "Alert when particular DNS name getting failed exceed 50 in 15mins"
        },
        {
          "alertRuleName": "AKS-BackupJob-Failed-acei-d-aks",
          "resourceId": "/subscriptions/6c8774fc-d876-4653-b8e7-addc40b17cc6/resourcegroups/acei-d-rg/providers/Microsoft.DataProtection/backupVaults/acei-d-aks-backup-vault",
          "alertSeverity": 1,
          "pEvaluationFrequency": "PT15M",
          "pOperator": "GreaterThanOrEqual",
          "pQuery": "AddonAzureBackupJobs | where JobStatus != 'Completed'",
          "pThreshold": 1,
          "pTimeAggregation": "Count",
          "pWindowSize": "PT15M",
          "actionGroupId": [],
          "description": "Validate AKS Backup Status"
        }
      ]
    }
  }
}