{
  "$schema": "https://schema.management.azure.com/schemas/2015-01-01/deploymentParameters.json#",
  "contentVersion": "1.0.0.0",
  "parameters": {
    "pCommonActionGroupId": {
      "value":[
        {
          "pActionGroupId": "/subscriptions/6c8774fc-d876-4653-b8e7-addc40b17cc6/resourceGroups/acei-d-rg/providers/Microsoft.Insights/actiongroups/acei-d-actiongroup"
        },
        {
          "pActionGroupId": "/subscriptions/6c8774fc-d876-4653-b8e7-addc40b17cc6/resourceGroups/cbspitsm-p-rg/providers/microsoft.Insights/actiongroups/ServiceNow-PR-"
        }
      ]
    },
    "pScope": {
      "value": "system"
    },
      "metricsDimentions": {
        "value": {
          "node-pool": {
            "dimentionName": "node",
            "dimentionOperator": "StartsWith",
            "dimentionvalues": "aks-system"
          },
          "pods": {
              "dimentionName": "namespace",
              "dimentionOperator": "StartsWith",
              "dimentionvalues": "calico-system,flux-system,gatekeeper-system,ingress-nginx,kube-system,tigera-operator,twistlock-system"
        }
      }
    }
  }
}
