{
  "$schema": "https://schema.management.azure.com/schemas/2019-04-01/deploymentParameters.json#",

  "contentVersion": "1.0.0.0",
  "parameters": {
    "keyVaultName": {
      "value": "__keyVaultName__"
    },
    "vmName": {
      "value": "__vmName__"
    },
    "keyStartDate": {
      "value": "2025-01-27"
    },
    "keyEndDate": {
      "value": "2026-01-27"
    },
    "virtualNetworkResourceGroup": {
      "value": "__virtualNetworkResourceGroup__"
    },
    "virtualNetworkName": {
      "value": "__virtualNetworkName__"
    },
    "pleSubnetName": {
      "value": "__pleSubnetName__"
    },
    "virtualMachineSize": {
      "value": "__virtualMachineSize__"
    },
    "vmadminUsername": {
      "value": "__vmadminUsername__"
    },
    "vmadminPassword": {
      "value": "__vmadminPassword__"
    },
    "vmosDiskSizeGB": {
      "value": "__vmosDiskSizeGB__"
    },
    "vmsubnetName": {
      "value": "__vmsubnetName__"
    },
    "vmenableAvailabilityZone": {
      "value": "__vmenableAvailabilityZone__"
    },
    "dataDisksConfig": {
      "value": {}
    }
  }
}
