{
    "$schema": "https://schema.management.azure.com/schemas/2019-04-01/deploymentParameters.json#",
    "contentVersion": "2.0.0.0",
    "parameters": {
        "accountName": {
            "value": "examplevalue"
        },
        "location": {
            "value": "westeurope"
        },
        "secondaryRegion": {
            "value": "northeurope"
        },
        "ipRules": {
            "value": []
        },
        "keyVaultName": {
            "value": "examplevault"
        },
        "keyName": {
            "value": "examplekey"
        }
    }
}