{
  "$schema": "https://schema.management.azure.com/schemas/2019-04-01/deploymentTemplate.json#",
  "contentVersion": "1.0.5.0",
  "parameters": {
    "accountName": {
      "type": "string",
      "minLength": 3,
      "maxLength": 44,
      "metadata": {
        "description": "The name of the Cosmos DB Account."
      }
    },
    "location": {
      "type": "string",
      "defaultValue": "[resourceGroup().location]",
      "metadata": {
        "description": "The (primary replica) region for the Cosmos DB Account."
      }
    },
    "isPrimaryRegionZoneRedundant": {
      "type": "bool",
      "defaultValue": false,
      "metadata": {
        "description": "Enable Availability Zones for the primary region to further improve the availability and resiliency of your application."
      }
    },
    "secondaryRegion": {
      "type": "string",
      "metadata": {
        "description": "The secondary replica region for the Cosmos DB account."
      }
    },
    "isSecondaryRegionZoneRedundant": {
      "type": "bool",
      "defaultValue": false,
      "metadata": {
        "description": "Enable Availability Zones for the secondary region to further improve the availability and resiliency of your application."
      }
    },
    "ipRules": {
      "type": "array",
      "defaultValue": [
        {
          "ipAddressOrRange": "20.76.109.96/32"
        },
        {
          "ipAddressOrRange": "20.76.109.97/32"
        },
        {
          "ipAddressOrRange": "20.76.109.98/32"
        },
        {
          "ipAddressOrRange": "20.76.109.99/32"
        },
        {
          "ipAddressOrRange": "20.76.109.102/32"
        },
        {
          "ipAddressOrRange": "20.76.109.103/32"
        },
        {
          "ipAddressOrRange": "20.76.109.106/32"
        },
        {
          "ipAddressOrRange": "20.76.109.107/32"
        },
        {
          "ipAddressOrRange": "20.76.109.110/32"
        },
        {
          "ipAddressOrRange": "20.101.218.80/28"
        },
        {
          "ipAddressOrRange": "20.101.218.96/28"
        },
        {
          "ipAddressOrRange": "40.76.54.131/32"
        },
        {
          "ipAddressOrRange": "52.169.50.45/32"
        },
        {
          "ipAddressOrRange": "52.176.6.30/32"
        },
        {
          "ipAddressOrRange": "52.187.184.26/32"
        },
        {
          "ipAddressOrRange": "104.42.195.92/32"
        },
        {
          "ipAddressOrRange": "164.140.188.0/24"
        },
        {
          "ipAddressOrRange": "164.140.203.0/24"
        },
        {
          "ipAddressOrRange": "167.202.201.0/27"
        }
      ],
      "metadata": {
        "description": "An array of IPv4 addresses or IPv4 address ranges in CIDR format. Provided IPs must be well-formatted and cannot be contained in one of the following ranges: 10.0.0.0/8, 100.64.0.0/10, 172.16.0.0/12, 192.168.0.0/16, since these are not enforceable by the IP address filter. Example element: { \"ipAddressOrRange\":\"104.42.195.92\" }."
      }
    },
    "publicNetworkAccess": {
      "type": "string",
      "defaultValue": "Enabled",
      "allowedValues": [
        "Disabled",
        "Enabled"
      ],
      "metadata": {
        "description": "Whether to enable or disable public network access. When enabled (default), customers can connect by using either public endpoints (with IP-based firewall rules) or Private Link Endpoints. When this setting is disabled, only connections via Private Link Endpoints are allowed."
      }
    },
    "keyVaultName": {
      "type": "string",
      "metadata": {
        "description": "The name of the Key Vault for the customer managed keys."
      }
    },
    "keyName": {
      "type": "string",
      "metadata": {
        "description": "The name of the Key for the customer managed keys."
      }
    }
  },
  "variables": {
    "azureCosmosDbObjectId": "b090c035-2d80-4818-a776-f6b6034e780d",
    "accountType": "GlobalDocumentDB",
    "identityType": {
      "type": "SystemAssigned"
    },
    "consistencyPolicy": {
      "defaultConsistencyLevel": "Session"
    },
    "locations": [
      {
        "locationName": "[parameters('location')]",
        "failoverPriority": 0,
        "isZoneRedundant": "[parameters('isPrimaryRegionZoneRedundant')]"
      },
      {
        "locationName": "[parameters('secondaryRegion')]",
        "failoverPriority": 1,
        "isZoneRedundant": "[parameters('isSecondaryRegionZoneRedundant')]"
      }
    ],
    "keyVaultKeyResourceId": "[resourceId('Microsoft.KeyVault/vaults/keys', parameters('keyVaultName'), parameters('keyName'))]",
    "accountResourceId": "[resourceId('Microsoft.DocumentDB/databaseAccounts', parameters('accountName'))]"
  },
  "resources": [
    {
      "type": "Microsoft.Resources/deployments",
      "apiVersion": "2021-04-01",
      "name": "[concat(parameters('keyVaultName'), '-addAzureCosmosDbAccessPolicy')]",
      "properties": {
        "mode": "Incremental",
        "template": {
          "$schema": "https://schema.management.azure.com/schemas/2019-04-01/deploymentTemplate.json#",
          "contentVersion": "1.0.0.0",
          "resources": [
            {
              "type": "Microsoft.KeyVault/vaults/accessPolicies",
              "apiVersion": "2021-06-01-preview",
              "name": "[concat(parameters('keyVaultName'), '/add')]",
              "properties": {
                "accessPolicies": [
                  {
                    "tenantId": "[subscription().tenantId]",
                    "objectId": "[variables('azureCosmosDbObjectId')]",
                    "permissions": {
                      "keys": [
                        "get",
                        "unwrapkey",
                        "wrapkey"
                      ]
                    }
                  }
                ]
              }
            }
          ]
        }
      }
    },
    {
      "type": "Microsoft.DocumentDB/databaseAccounts",
      "apiVersion": "2021-04-15",
      "name": "[parameters('accountName')]",
      "location": "[parameters('location')]",
      "kind": "[variables('accountType')]",
      "identity": "[variables('identityType')]",
      "dependsOn": [
        "[resourceId('Microsoft.Resources/deployments', concat(parameters('keyVaultName'), '-addAzureCosmosDbAccessPolicy'))]"
      ],
      "properties": {
        "consistencyPolicy": "[variables('consistencyPolicy')]",
        "locations": "[variables('locations')]",
        "databaseAccountOfferType": "Standard",
        "ipRules": "[parameters('ipRules')]",
        "enableAutomaticFailover": false,
        "enableMultipleWriteLocations": true,
        "disableKeyBasedMetadataWriteAccess": true,
        "keyVaultKeyUri": "[reference(variables('keyVaultKeyResourceId'), '2021-06-01-preview', 'Full').properties.keyUri]",
        "publicNetworkAccess": "[parameters('publicNetworkAccess')]"
      },
      "resources": [
        {
          "type": "providers/advancedThreatProtectionSettings",
          "apiVersion": "2019-01-01",
          "name": "Microsoft.Security/current",
          "dependsOn": [
            "[variables('accountResourceId')]"
          ],
          "properties": {
            "isEnabled": true
          }
        }
      ]
    },
    {
      "type": "Microsoft.Resources/deployments",
      "apiVersion": "2021-04-01",
      "name": "[concat(parameters('accountName'), '-setDefaultIdentity')]",
      "dependsOn": [
        "[variables('accountResourceId')]"
      ],
      "properties": {
        "mode": "Incremental",
        "template": {
          "$schema": "https://schema.management.azure.com/schemas/2019-04-01/deploymentTemplate.json#",
          "contentVersion": "1.0.0.0",
          "resources": [
            {
              "type": "Microsoft.KeyVault/vaults/accessPolicies",
              "apiVersion": "2021-06-01-preview",
              "name": "[concat(parameters('keyVaultName'), '/add')]",
              "properties": {
                "accessPolicies": [
                  {
                    "tenantId": "[subscription().tenantId]",
                    "objectId": "[reference(variables('accountResourceId'), '2021-04-15', 'Full').identity.principalId]",
                    "permissions": {
                      "keys": [
                        "get",
                        "unwrapkey",
                        "wrapkey"
                      ]
                    }
                  }
                ]
              }
            },
            {
              "type": "Microsoft.DocumentDB/databaseAccounts",
              "apiVersion": "2021-04-15",
              "name": "[parameters('accountName')]",
              "location": "[parameters('location')]",
              "kind": "[variables('accountType')]",
              "identity": "[variables('identityType')]",
              "dependsOn": [
                "[resourceId('Microsoft.KeyVault/vaults/accessPolicies', parameters('keyVaultName'), 'add')]"
              ],
              "properties": {
                "consistencyPolicy": "[variables('consistencyPolicy')]",
                "locations": "[variables('locations')]",
                "databaseAccountOfferType": "Standard",
                "ipRules": "[parameters('ipRules')]",
                "enableAutomaticFailover": false,
                "enableMultipleWriteLocations": true,
                "disableKeyBasedMetadataWriteAccess": true,
                "keyVaultKeyUri": "[reference(variables('keyVaultKeyResourceId'), '2021-06-01-preview', 'Full').properties.keyUri]",
                "publicNetworkAccess": "[parameters('publicNetworkAccess')]",
                "defaultIdentity": "SystemAssignedIdentity"
              }
            },
            {
              "type": "Microsoft.KeyVault/vaults/accessPolicies",
              "apiVersion": "2021-06-01-preview",
              "name": "[concat(parameters('keyVaultName'), '/remove')]",
              "dependsOn": [
                "[variables('accountResourceId')]"
              ],
              "properties": {
                "accessPolicies": [
                  {
                    "tenantId": "[subscription().tenantId]",
                    "objectId": "[variables('azureCosmosDbObjectId')]",
                    "permissions": {
                      "keys": [
                        "get",
                        "unwrapkey",
                        "wrapkey"
                      ]
                    }
                  }
                ]
              }
            }
          ]
        }
      }
    }
  ]
}