{
    "apiVersion": "v1",
    "kind": "Namespace",
    "metadata": {
        "creationTimestamp": "2022-12-15T15:18:41Z",
        "deletionTimestamp": "2022-12-15T15:53:43Z",
        "labels": {
            "control-plane": "true",
            "kubernetes.io/metadata.name": "calico-apiserver",
            "name": "calico-apiserver"
        },
        "name": "calico-apiserver",
        "ownerReferences": [
            {
                "apiVersion": "operator.tigera.io/v1",
                "blockOwnerDeletion": true,
                "controller": true,
                "kind": "APIServer",
                "name": "default",
                "uid": "ddc315fd-eede-4d10-8a65-c76dec5cd9ba"
            }
        ],
        "resourceVersion": "140238",
        "uid": "6b89e4ca-e532-4e51-bd02-4526f6ed80b6"
    },
    "spec": {
        "finalizers": [
            "kubernetes"
        ]
    },
    "status": {
        "conditions": [
            {
                "lastTransitionTime": "2022-12-15T15:53:50Z",
                "message": "Discovery failed for some groups, 1 failing: unable to retrieve the complete list of server APIs: projectcalico.org/v3: the server is currently unable to handle the request",
                "reason": "DiscoveryFailed",
                "status": "True",
                "type": "NamespaceDeletionDiscoveryFailure"
            },
            {
                "lastTransitionTime": "2022-12-15T15:53:49Z",
                "message": "All legacy kube types successfully parsed",
                "reason": "ParsedGroupVersions",
                "status": "False",
                "type": "NamespaceDeletionGroupVersionParsingFailure"
            },
            {
                "lastTransitionTime": "2022-12-15T15:53:50Z",
                "message": "All content successfully deleted, may be waiting on finalization",
                "reason": "ContentDeleted",
                "status": "False",
                "type": "NamespaceDeletionContentFailure"
            },
            {
                "lastTransitionTime": "2022-12-15T15:53:50Z",
                "message": "All content successfully removed",
                "reason": "ContentRemoved",
                "status": "False",
                "type": "NamespaceContentRemaining"
            },
            {
                "lastTransitionTime": "2022-12-15T15:53:49Z",
                "message": "All content-preserving finalizers finished",
                "reason": "ContentHasNoFinalizers",
                "status": "False",
                "type": "NamespaceFinalizersRemaining"
            }
        ],
        "phase": "Terminating"
    }
}
