{
    "$schema": "https://schema.management.azure.com/schemas/2019-04-01/deploymentParameters.json#",
    "contentVersion": "1.0.0.0",
    "parameters": {
        "availabilitySetName": {
            "value": "ftt-d-linuxVM-aset"
        },
        "platformFaultDomainCount": {
            "value": 2
        },
        "platformUpdateDomainCount": {
            "value": 5
        },
        "skuName": {
            "value": "Aligned"
        },
        "enableproximityPlacementGroup": {
            "value": false
        },
        "proximityPlacementGroupName": {
            "value": "example"
        }
    }
}
