{
    "$schema": "https://schema.management.azure.com/schemas/2019-04-01/deploymentTemplate.json#",
    "contentVersion": "1.0.0.0",
    "parameters": {
        "availabilitySetName": {
            "type": "string",
            "metadata": {
                "description": "The name of the Availability Set."
            }
        },
        "platformFaultDomainCount": {
            "type": "int",
            "metadata": {
                "description": "The number of fault domains to use."
            }
        },
        "platformUpdateDomainCount": {
            "type": "int",
            "metadata": {
                "description": "The number of update domains to use."
            }
        },
        "skuName": {
            "type": "string",
            "metadata": {
                "description": "Sku of the availability set.."
            },
            "defaultValue": "Classic",
            "allowedValues": [
                "Aligned",
                "Classic"
            ]
        },
        "enableproximityPlacementGroup": {
            "type": "bool",
            "defaultValue": false,
            "metadata": {
                "description": "Whether to enable Proximity Placement Group"
            }
        },
        "proximityPlacementGroupName": {
            "type": "string",
            "metadata": {
                "description": "The name of Proximity Placement Group"
            }
        }
    },
    "variables": {
        "proximityPlacementGroupId": "[resourceId('Microsoft.Compute/proximityPlacementGroups', parameters('proximityPlacementGroupName'))]"
    },
    "resources": [
        {
            "type": "Microsoft.Compute/availabilitySets",
            "apiVersion": "2022-03-01",
            "name": "[parameters('availabilitySetName')]",
            "location": "[resourceGroup().location]",
            "sku": {
                "name": "[parameters('skuName')]"
            },
            "properties": {
                "platformFaultDomainCount": "[parameters('platformFaultDomainCount')]",
                "platformUpdateDomainCount": "[parameters('platformUpdateDomainCount')]",
                "proximityPlacementGroup": {
                    
                    "id": "[variables('proximityPlacementGroupId')]"
                }
            }
        }
    ],
    "outputs": {
        "workspace": {
            "type": "object",
            "value": "[reference(resourceId('Microsoft.Compute/availabilitySets', parameters('availabilitySetName')))]"
        }
    }
}
