{
    "$schema": "https://schema.management.azure.com/schemas/2019-04-01/deploymentParameters.json#",
    "contentVersion": "1.0.0.0",
    "parameters": {
        "name": {
            "value": "ram-restore-ltr-cmk-db"
        },
        "serverName": {
            "value": "new-ftt-server"
        },
        "longTermRetentionBackupResourceId": {
            "value": "/subscriptions/eadb9dfd-2100-4b4d-981a-3225eb77daa7/resourceGroups/lzftt-d-rg/providers/Microsoft.Sql/locations/westeurope/longTermRetentionServers/ftt-d-sqlserver/longTermRetentionDatabases/ram-restore-sql-test-db/longTermRetentionBackups/98d060e2-253b-4f2e-8380-46df616c1cfc;133854915730000000;Hot"
        },
        "encryptionProtector": {
            "value": "https://ram-ftt-kv1.vault.azure.net/keys/div-test-key2/1ff89b46c3c2427497b9cacd45f47d0f"
        },
        "userAssignedIdentities": {
            "value": "/subscriptions/eadb9dfd-2100-4b4d-981a-3225eb77daa7/resourceGroups/lzftt-d-rg/providers/Microsoft.ManagedIdentity/userAssignedIdentities/lzftt-umi"
        }
    }
  }