{
  "$schema": "https://schema.management.azure.com/schemas/2019-04-01/deploymentParameters.json#",
  "contentVersion": "1.0.0.0",
  "parameters": {
      "name": {
          "value": "'ram-restore-pitr-db'"
      },
      "serverName": {
          "value": "ftt-d-sqlserver"
      },
      "sourceDatabaseId": {
          "value": "/subscriptions/eadb9dfd-2100-4b4d-981a-3225eb77daa7/resourceGroups/lzftt-d-rg/providers/Microsoft.Sql/servers/ftt-d-sqlserver/databases/ram-sql-test-db"
      },
      "PITRDateTime": {
          "value": "2025-02-28T05:55:00.000Z"
      }
  }
}