{
  "$schema": "https://schema.management.azure.com/schemas/2019-04-01/deploymentTemplate.json#",
  "contentVersion": "1.0.5.0",
  "parameters": {
    "keyVaultName": {
      "type": "string",
      "minLength": 3,
      "maxLength": 24,
      "metadata": {
        "description": "The name of the Key Vault."
      }
    },
    "keyName": {
      "type": "string",
      "metadata": {
        "description": "The name of the Key."
      }
    },
    "secretName": {
    "type": "string",
    "metadata": {
        "description": "Specifies the name of the secret that you want to create."
    }
    },
    "secretValue": {
    "type": "secureString",
    "metadata": {
        "description": "Specifies the value of the secret that you want to create."
    }
    },
    "location": {
      "type": "string",
      "defaultValue": "[resourceGroup().location]",
      "metadata": {
        "description": "The location of the Key Vault."
      }
    },
    "enabledForDeployment": {
      "type": "bool",
      "defaultValue": false,
      "metadata": {
        "description": "Whether Azure Virtual Machines are permitted to retrieve certificates stored as secrets from the Key Vault."
      }
    },
    "enabledForDiskEncryption": {
      "type": "bool",
      "defaultValue": false,
      "metadata": {
        "description": "Whether Azure Disk Encryption is permitted to retrieve secrets from the Key Vault and unwrap keys."
      }
    },
    "enabledForTemplateDeployment": {
      "type": "bool",
      "defaultValue": false,
      "metadata": {
        "description": "Whether Azure Resource Manager is permitted to retrieve secrets from the Key Vault."
      }
    },
    "accessPolicies": {
      "type": "array",
      "metadata": {
        "description": "An object array that contains the complete definition of the access policy."
      }
    },
    "enableRbacAuthorization": {
      "type": "bool",
      "defaultValue": false,
      "metadata": {
        "description": "Whether to enable RBAC authorization."
      }
    },
    "enableSoftDelete": {
      "type": "bool",
      "defaultValue": true,
      "metadata": {
        "description": "Whether to enable soft-delete."
      }
    },
    "softDeleteRetentionInDays": {
      "type": "int",
      "minValue": 7,
      "maxValue": 90,
      "defaultValue": 90,
      "metadata": {
        "description": "The number of days that the soft-deleted items should be retained."
      }
    },
    "bypassNetworkAcls": {
      "type": "string",
      "defaultValue": "None",
      "allowedValues": [
        "AzureServices",
        "None"
      ],
      "metadata": {
        "description": "Specifies what traffic can bypass network rules."
      }
    },
    "virtualNetworkRules": {
      "type": "array",
      "metadata": {
        "description": "An array of Virtual Network resource IDs allowed to access the Key Vault."
      }
    },
    "ipRules": {
      "type": "array",
      "defaultValue": [
        "20.76.109.96/32",
        "20.76.109.97/32",
        "20.76.109.98/32",
        "20.76.109.99/32",
        "20.76.109.102/32",
        "20.76.109.103/32",
        "20.76.109.106/32",
        "20.76.109.107/32",
        "20.76.109.110/32",
        "20.101.218.80/28",
        "20.101.218.96/28",
        "164.140.188.224/28",
        "164.140.203.224/28",
        "167.202.201.0/27"
      ],
      "metadata": {
        "description": "An array of IPv4 addresses or IPv4 address ranges in CIDR format. Provided IPs must be well-formatted and cannot be contained in one of the following ranges: 10.0.0.0/8, 100.64.0.0/10, 172.16.0.0/12, 192.168.0.0/16, since these are not enforceable by the IP address filter. Example element: [ \"167.202.201.0/27\" ]."
      }
    },
    "privateEndpointName": {
      "type": "string",
      "metadata": {
        "description": "The PLE name ."
      }
    },
    "virtualNetworkid": {
      "metadata": {
        "description": "The vnet resource id ."
      },
      "type": "String"
    },
    "subnetName": {
      "metadata": {
        "description": "The Subnet name ."
      },
      "type": "String"
    },
    "keyVaultid": {
      "metadata": {
        "description": "The KV resource ID ."
      },
      "type": "String"
    }
  },
  "resources": [
    {
      "type": "Microsoft.KeyVault/vaults",
      "apiVersion": "2019-09-01",
      "name": "[parameters('keyVaultName')]",
      "location": "[parameters('location')]",
      "properties": {
        "tenantId": "[subscription().tenantId]",
        "sku": {
          "name": "Premium",
          "family": "A"
        },
        "copy": [
          {
            "name": "accessPolicies",
            "count": "[length(parameters('accessPolicies'))]",
            "input": {
              "tenantId": "[parameters('accessPolicies')[copyIndex('accessPolicies')].tenantId]",
              "objectId": "[parameters('accessPolicies')[copyIndex('accessPolicies')].objectId]",
              "permissions": "[parameters('accessPolicies')[copyIndex('accessPolicies')].permissions]"
            }
          }
        ],
        "enabledForDeployment": "[parameters('enabledForDeployment')]",
        "enabledForDiskEncryption": "[parameters('enabledForDiskEncryption')]",
        "enabledForTemplateDeployment": "[parameters('enabledForTemplateDeployment')]",
        "enableSoftDelete": "[parameters('enableSoftDelete')]",
        "softDeleteRetentionInDays": "[parameters('softDeleteRetentionInDays')]",
        "enableRbacAuthorization": "[parameters('enableRbacAuthorization')]",
        "enablePurgeProtection": true,
        "networkAcls": {
          "bypass": "[parameters('bypassNetworkAcls')]",
          "defaultAction": "Deny",
          "copy": [
            {
              "name": "ipRules",
              "count": "[length(parameters('ipRules'))]",
              "input": {
                "value": "[parameters('ipRules')[copyIndex('ipRules')]]"
              }
            },
            {
              "name": "virtualNetworkRules",
              "count": "[length(parameters('virtualNetworkRules'))]",
              "input": {
                "id": "[parameters('virtualNetworkRules')[copyIndex('virtualNetworkRules')]]"
              }
            }
          ]
        }
      },
      "resources": [
        {
          "type": "Microsoft.Network/privateEndpoints",
          "apiVersion": "2020-06-01",
          "name": "[parameters('privateEndpointName')]",
          "location": "[parameters('location')]",
          "dependsOn": [
            "[parameters('keyVaultName')]"
          ],
          "properties": {
            "subnet": {
              "id": "[concat(parameters('virtualNetworkid'), parameters('subnetName'))]"
            },
            "privateLinkServiceConnections": [
              {
                "name": "[parameters('privateEndpointName')]",
                "properties": {
                  "privateLinkServiceId": "[parameters('keyVaultid')]",
                  "groupIds": [
                    "vault"
                  ]
                }
              }
            ]
          }
        }
      ]
    },
    {
      "type": "Microsoft.KeyVault/vaults/keys",
      "apiVersion": "2021-04-01-preview",
      "name": "[concat(parameters('keyVaultName'), '/', parameters('keyName'))]",
      "location": "westeurope",
      "dependsOn": [
        "[resourceId('Microsoft.KeyVault/vaults', parameters('keyVaultName'))]"
      ],
      "properties": {
        "kty": "RSA",
        "keySize": 3072,
        "attributes": {
          "enabled": true,
          "exp": 1704035575
        }
      }
    },
    {
      "type": "Microsoft.KeyVault/vaults/secrets",
      "apiVersion": "2021-11-01-preview",
      "name": "[format('{0}/{1}', parameters('keyVaultName'), parameters('secretName'))]",
      "properties": {
          "value": "[parameters('secretValue')]"
      },
      "dependsOn": [
          "[resourceId('Microsoft.KeyVault/vaults', parameters('keyVaultName'))]"
      ]
    }
  ]
}