{
  "$schema": "https://schema.management.azure.com/schemas/2019-04-01/deploymentParameters.json#",
  "contentVersion": "1.0.0.0",
  "parameters": {
    "keyVaultName": {
      "value": "lzftt-demo-kv"
    },
    "keyName": {
      "value": "lzftt-demo-cmk"
    },
    "privateEndpointName": {
      "value": "lzftt-demo-kv-ple01"
    },
    "virtualNetworkid": {
      "value": "/subscriptions/eadb9dfd-2100-4b4d-981a-3225eb77daa7/resourceGroups/lz-az-community01-vnets-d-rg/providers/Microsoft.Network/virtualNetworks/lz-az-community01-d-vnet"
    },
    "subnetName": {
      "value": "/subnets/ple02-subnet"
    },
    "keyVaultid": {
      "value": "/subscriptions/eadb9dfd-2100-4b4d-981a-3225eb77daa7/resourceGroups/lzftt-d-rg/providers/Microsoft.KeyVault/vaults/lzftt-demo-kv"
    },
    "enabledForDeployment": {
      "value": true
    },
    "enabledForDiskEncryption": {
      "value": true
    },
    "enabledForTemplateDeployment": {
      "value": true
    },
    "bypassNetworkAcls": {
      "value": "None"
    },
    "enableSoftDelete": {
      "value": true
    },
    "softDeleteRetentionInDays": {
      "value": 8
    },
    "enableRbacAuthorization": {
      "value": false
    },
    "secretName":{
        "value":"lzftt-secret"
    },
    "secretValue":{
        "value":"eVjoN2HMFD1PvGigAvkStrUKXbKehK0DyGRj9k4urro4xM5uDhfzPi2USOLMuqrF6WwzXooXuLY2YwVZ5JdcEw=="
    },
    "accessPolicies": {
      "value": [
        {
          "tenantId": "3a15904d-3fd9-4256-a753-beb05cdf0c6d",
          "objectId": "7023cb9a-4413-420b-9ce5-7780e7a2abac",
          "permissions": {
            "keys": [
              "list",
              "get",
              "delete",
              "update",
              "purge",
              "recover",
              "wrapKey",
              "unwrapKey"
            ],
            "secrets": [
              "list",
              "get",
              "set"
            ],
            "certificates": [
              "get",
              "list",
              "create",
              "import"
            ]
          }
        },
        {
          "tenantId": "3a15904d-3fd9-4256-a753-beb05cdf0c6d",
          "objectId": "bfb5817b-a23a-4a85-9386-a71bf1ee1a55",
          "permissions": {
            "keys": [
              "list",
              "get",
              "wrapKey",
              "unwrapKey"
            ],
            "secrets": [
              "list",
              "get",
              "set"
            ],
            "certificates": [
              "get",
              "list",
              "create"
            ]
          }
        }
      ]
    },
    "virtualNetworkRules": {
      "value": [
      ]
    }
  }
}