{
  "$schema": "https://schema.management.azure.com/schemas/2019-04-01/deploymentParameters.json#",
  "contentVersion": "1.0.0.0",
  "parameters": {
    "keyExpirationDate": {
      "value": "2026-01-01"
    },
    "name": {
      "value": "ramstorage1310"
    },
    "keyName": {
      "value": "ramstorage-cmk"
    },
    "keyVaultName": {
      "value": "ftt-ram-d-kv"
    },
    "pleSubnetName": {
      "value": "ple01-subnet"
    },
    "vnetName": {
      "value": "lzftt04-d-vnet"
    },
    "vnetRGName": {
      "value": "lzftt04-vnets-d-rg"
    },
    "intendedBackupInterval": {
      "value": "1d"
    },
    "ipRules": {
      "value": [
        {
          "value": "164.140.188.224/28"
        },
        {
          "value": "167.202.201.0/27"
        },
        {
          "value": "164.140.203.224/28"
        }
      ]
    }
  }
}