{
    "$schema": "https://schema.management.azure.com/schemas/2019-04-01/deploymentParameters.json#",
    "contentVersion": "1.0.1.0",
    "parameters": {
        "diskEncryptionSetName": {
            "value": "examplevalue"
        },
        "keyVaultName": {
            "value": "examplevalue"
        },
        "keyName": {
            "value": "examplevalue"
        },
        "keyVersion": {
            "value": "examplevalue"
        },
        "autoKeyRotation": {
            "value": "Enabled"
        }
    }
}