{
    "$schema": "https://schema.management.azure.com/schemas/2019-04-01/deploymentTemplate.json#",
    "contentVersion": "1.0.1.0",
    "parameters": {
        "diskEncryptionSetName": {
            "type": "string",
            "minLength": 1,
            "maxLength": 80,
            "metadata": {
                "description": "The name of the Disk Encryption Set."
            }
        },
        "location": {
            "type": "string",
            "defaultValue": "[resourceGroup().location]",
            "metadata": {
                "description": "The location of the Disk Encryption Set."
            }
        },
        "encryptionType": {
            "type": "string",
            "defaultValue": "EncryptionAtRestWithCustomerKey",
            "allowedValues": [
                "EncryptionAtRestWithCustomerKey",
                "EncryptionAtRestWithPlatformAndCustomerKeys"
            ],
            "metadata": {
                "description": "The type of encryption of the Disk Encryption Set, i.e., encryption at-rest with a customer-managed key, or double encryption with platform-managed and customer-managed keys."
            }
        },
        "keyVaultName": {
            "type": "string",
            "minLength": 3,
            "maxLength": 24,
            "metadata": {
                "description": "The name of the Key Vault where the customer-managed key is stored for the Disk Encryption Set."
            }
        },
        "keyName": {
            "type": "string",
            "minLength": 1,
            "maxLength": 127,
            "metadata": {
                "description": "The name of the key used for the Disk Encryption Set."
            }
        },
        "keyVersion": {
            "type": "string",
            "metadata": {
                "description": "The version of the key. The key version is required regardless of the value for the parameter 'autoKeyRotation'."
            }
        },
        "autoKeyRotation": {
            "type": "string",
            "defaultValue": "Enabled",
            "allowedValues": [
                "Disabled",
                "Enabled"
            ],
            "metadata": {
                "description": "Whether automatic rotation to the latest key version of the selected key is enabled or disabled."
            }
        }
    },
    "variables": {
        "rotationToLatestKeyVersionEnabled": "[if(equals(parameters('autoKeyRotation'), 'Enabled'), bool('true'), bool('false'))]",
        "diskEncryptionSetResourceId": "[resourceId('Microsoft.Compute/diskEncryptionSets', parameters('diskEncryptionSetName'))]"
    },
    "resources": [
        {
            "type": "Microsoft.Compute/diskEncryptionSets",
            "apiVersion": "2021-12-01",
            "name": "[parameters('diskEncryptionSetName')]",
            "location": "[parameters('location')]",
            "identity": {
                "type": "SystemAssigned"
            },
            "properties": {
                "activeKey": {
                    "keyUrl": "[concat(reference(resourceId('Microsoft.KeyVault/vaults/keys', parameters('keyVaultName'), parameters('keyName')), '2021-10-01').keyUri, '/', parameters('keyVersion'))]",
                    "sourceVault": {
                        "id": "[resourceId('Microsoft.KeyVault/vaults', parameters('keyVaultName'))]"
                    }
                },
                "encryptionType": "[parameters('encryptionType')]",
                "rotationToLatestKeyVersionEnabled": "[variables('rotationToLatestKeyVersionEnabled')]"
            }
        },
        {
            "type": "Microsoft.KeyVault/vaults/accessPolicies",
            "apiVersion": "2021-10-01",
            "name": "[concat(parameters('keyVaultName'), '/add')]",
            "dependsOn": [
                "[variables('diskEncryptionSetResourceId')]"
            ],
            "properties": {
                "accessPolicies": [
                    {
                        "tenantId": "[subscription().tenantId]",
                        "objectId": "[reference(variables('diskEncryptionSetResourceId'), '2021-12-01', 'Full').identity.principalId]",
                        "permissions": {
                            "keys": [
                                "get",
                                "unwrapKey",
                                "wrapKey"
                            ]
                        }
                    }
                ]
            }
        }
    ]
}