{
    "$schema": "https://schema.management.azure.com/schemas/2015-01-01/deploymentParameters.json#",
    "contentVersion": "1.0.0.0",
    "parameters": {
      "fileShareName": {
        "value": "share4"
      },
      "policyName": {
        "value": "rsSnapshotBackups3"
      },
      "retention": {
        "value": {
          "retentionPolicyType": "LongTermRetentionPolicy",
          "dailySchedule": {
            "retentionTimes": [
              "2025-02-11T21:00:00Z"
            ],
            "retentionDuration": {
              "count": 30,
              "durationType": "Days"
            }
          },
          "weeklySchedule": null,
          "monthlySchedule": null,
          "yearlySchedule": null
        }
      },
      "schedule": {
        "value": {
          "schedulePolicyType": "SimpleSchedulePolicy",
          "scheduleRunFrequency": "Daily",
          "scheduleRunDays": null,
          "scheduleRunTimes": [
            "2025-02-11T21:00:00Z"
          ]
        }
      },
      "sourceSA": {
        "value": "actpvmstorage"
      },
      "vaultName": {
        "value": "act-pvm-rsv3"
      }
    }
  }