{
    "$schema": "https://schema.management.azure.com/schemas/2019-04-01/deploymentTemplate.json#",
    "contentVersion": "1.0.1.0",
    "parameters": {
        "appServicePlanName": {
            "type": "string",
            "minLength": 1,
            "maxLength": 40,
            "metadata": {
                "description": "The name of the App Service Plan."
            }
        },
        "location": {
            "type": "string",
            "defaultValue": "[resourceGroup().location]",
            "metadata": {
                "description": "The location of the App Service Plan."
            }
        },
        "appServiceName": {
            "type": "string",
            "minLength": 2,
            "maxLength": 60,
            "metadata": {
                "description": "The name of the App Service."
            }
        },
        "runtimeStack": {
            "type": "string",
            "allowedValues": [
                ".NET 6 (Early Access)",
                ".NET 5",
                ".NET Core 3.1 (LTS)",
                "ASP.NET V4.8",
                "ASP.NET V3.5",
                "Java 11 on Java SE",
                "Java 11 on JBoss EAP 7",
                "Java 11 on Tomcat 9.0",
                "Java 11 on Tomcat 8.5",
                "Java 11 on Tomcat 7.0",
                "Java 8 on Java SE",
                "Java 8 on JBoss EAP 7",
                "Java 8 on Tomcat 9.0",
                "Java 8 on Tomcat 8.5",
                "Java 8 on Tomcat 7.0",
                "Node 14 LTS",
                "Node 12 LTS",
                "PHP 8.0",
                "PHP 7.4",
                "PHP 7.3",
                "Python 3.9 (Early Access)",
                "Python 3.8",
                "Python 3.7",
                "Python 3.6",
                "Ruby 2.6"
            ],
            "metadata": {
                "description": "The runtime stack of the App Service."
            }
        },
        "useLinux": {
            "type": "bool",
            "defaultValue": false,
            "metadata": {
                "description": "True if the operating system should be Linux, false if the operating system should be Windows."
            }
        },
        "use32BitWorkerProcess": {
            "type": "bool",
            "defaultValue": true,
            "metadata": {
                "description": "True if a 32-bit worker process must be used, false if a 64-bit worker process must be used."
            }
        },
        "webSocketsEnabled": {
            "type": "bool",
            "defaultValue": false,
            "metadata": {
                "description": "Whether web sockets should be enabled."
            }
        },
        "alwaysOn": {
            "type": "bool",
            "defaultValue": true,
            "metadata": {
                "description": "Whether to enable always on, which prevents an application from being idled out due to inactivity. Not applicable to App Services on dynamicly scaling App Service Plans."
            }
        },
        "clientAffinityEnabled": {
            "type": "bool",
            "defaultValue": true,
            "metadata": {
                "description": "Whether client affinity should be enabled by sending Application Request Routing (ARR) affinity cookies. Improve performance of your stateless applications by turning affinity cookies off, stateful applications should keep this setting on for compatibility."
            }
        },
        "appSettings": {
            "type": "array",
            "metadata": {
                "description": "The variables passed as environment variables to the application code."
            }
        },
        "publicNetworkAccess": {
            "type": "string",
            "defaultValue": "Enabled",
            "allowedValues": [
                "Disabled",
                "Enabled"
            ],
            "metadata": {
                "description": "Whether public network access is enabled or disabled. When enabled (default), customers can connect by using either public endpoints (with IP security restriction rules) or Azure Private Endpoints. When this setting is disabled, only connections via Azure Private Endpoints are allowed."
            }
        },
        "ipSecurityRestrictions": {
            "type": "array",
            "defaultValue": [
                {
                    "name": "PreProdRule01",
                    "priority": 1,
                    "action": "Allow",
                    "ipAddress": "20.76.109.96/32"
                },
                {
                    "name": "PreProdRule02",
                    "priority": 2,
                    "action": "Allow",
                    "ipAddress": "20.76.109.97/32"
                },
                {
                    "name": "PreProdRule03",
                    "priority": 3,
                    "action": "Allow",
                    "ipAddress": "20.76.109.98/32"
                },
                {
                    "name": "PreProdRule04",
                    "priority": 4,
                    "action": "Allow",
                    "ipAddress": "20.76.109.99/32"
                },
                {
                    "name": "PreProdRule05",
                    "priority": 5,
                    "action": "Allow",
                    "ipAddress": "20.76.109.102/32"
                },
                {
                    "name": "PreProdRule06",
                    "priority": 6,
                    "action": "Allow",
                    "ipAddress": "20.76.109.103/32"
                },
                {
                    "name": "PreProdRule07",
                    "priority": 7,
                    "action": "Allow",
                    "ipAddress": "20.76.109.106/32"
                },
                {
                    "name": "PreProdRule08",
                    "priority": 8,
                    "action": "Allow",
                    "ipAddress": "20.76.109.107/32"
                },
                {
                    "name": "PreProdRule09",
                    "priority": 9,
                    "action": "Allow",
                    "ipAddress": "20.76.109.110/32"
                },
                {
                    "name": "PreProdRule10",
                    "priority": 10,
                    "action": "Allow",
                    "ipAddress": "20.101.218.80/28"
                },
                {
                    "name": "PreProdRule11",
                    "priority": 11,
                    "action": "Allow",
                    "ipAddress": "20.101.218.96/28"
                },
                {
                    "name": "PreProdRule12",
                    "priority": 12,
                    "action": "Allow",
                    "ipAddress": "164.140.188.224/28"
                },
                {
                    "name": "PreProdRule13",
                    "priority": 13,
                    "action": "Allow",
                    "ipAddress": "164.140.203.224/28"
                },
                {
                    "name": "PreProdRule14",
                    "priority": 14,
                    "action": "Allow",
                    "ipAddress": "167.202.201.0/27"
                }
            ],
            "metadata": {
                "description": "An array of IP security restriction rules."
            }
        },
        "scmIpSecurityRestrictionsUseMain": {
            "type": "bool",
            "defaultValue": false,
            "metadata": {
                "description": "Whether to use the main IP security restrictions for SCM."
            }
        },
        "scmIpSecurityRestrictions": {
            "type": "array",
            "defaultValue": [
                {
                    "name": "PreProdRule01",
                    "priority": 1,
                    "action": "Allow",
                    "ipAddress": "20.76.109.96/32"
                },
                {
                    "name": "PreProdRule02",
                    "priority": 2,
                    "action": "Allow",
                    "ipAddress": "20.76.109.97/32"
                },
                {
                    "name": "PreProdRule03",
                    "priority": 3,
                    "action": "Allow",
                    "ipAddress": "20.76.109.98/32"
                },
                {
                    "name": "PreProdRule04",
                    "priority": 4,
                    "action": "Allow",
                    "ipAddress": "20.76.109.99/32"
                },
                {
                    "name": "PreProdRule05",
                    "priority": 5,
                    "action": "Allow",
                    "ipAddress": "20.76.109.102/32"
                },
                {
                    "name": "PreProdRule06",
                    "priority": 6,
                    "action": "Allow",
                    "ipAddress": "20.76.109.103/32"
                },
                {
                    "name": "PreProdRule07",
                    "priority": 7,
                    "action": "Allow",
                    "ipAddress": "20.76.109.106/32"
                },
                {
                    "name": "PreProdRule08",
                    "priority": 8,
                    "action": "Allow",
                    "ipAddress": "20.76.109.107/32"
                },
                {
                    "name": "PreProdRule09",
                    "priority": 9,
                    "action": "Allow",
                    "ipAddress": "20.76.109.110/32"
                },
                {
                    "name": "PreProdRule10",
                    "priority": 10,
                    "action": "Allow",
                    "ipAddress": "20.101.218.80/28"
                },
                {
                    "name": "PreProdRule11",
                    "priority": 11,
                    "action": "Allow",
                    "ipAddress": "20.101.218.96/28"
                },
                {
                    "name": "PreProdRule12",
                    "priority": 12,
                    "action": "Allow",
                    "ipAddress": "164.140.188.224/28"
                },
                {
                    "name": "PreProdRule13",
                    "priority": 13,
                    "action": "Allow",
                    "ipAddress": "164.140.203.224/28"
                },
                {
                    "name": "PreProdRule14",
                    "priority": 14,
                    "action": "Allow",
                    "ipAddress": "167.202.201.0/27"
                }
            ],
            "metadata": {
                "description": "An array of SCM IP security restriction rules."
            }
        },
        "virtualNetworkResourceGroup": {
            "type": "string",
            "minLength": 1,
            "maxLength": 90,
            "metadata": {
                "description": "The name of the Virtual Network Resource Group."
            }
        },
        "virtualNetworkName": {
            "type": "string",
            "minLength": 2,
            "maxLength": 64,
            "metadata": {
                "description": "The name of the Virtual Network. The location of the Virtual Network must match the location of the App Service Plan."
            }
        },
        "subnetName": {
            "type": "string",
            "minLength": 1,
            "maxLength": 80,
            "metadata": {
                "description": "The name of the dedicated subnet. This subnet must have a delegation to 'Microsoft.Web/serverFarms' defined first."
            }
        }
    },
    "variables": {
        "appServiceKind": "[if(parameters('useLinux'), 'app,linux', 'app')]",
        "linuxFxVersion": {
            ".NET 6 (Early Access)": "DOTNETCORE|6.0",
            ".NET 5": "DOTNETCORE|5.0",
            ".NET Core 3.1 (LTS)": "DOTNETCORE|3.1",
            "Java 11 on Java SE": "JAVA|11-java11",
            "Java 11 on JBoss EAP 7": "JBOSSEAP|7-java11",
            "Java 11 on Tomcat 9.0": "TOMCAT|9.0-java11",
            "Java 11 on Tomcat 8.5": "TOMCAT|8.5-java11",
            "Java 11 on Tomcat 7.0": "TOMCAT|7.0-java11",
            "Java 8 on Java SE": "JAVA|8-jre8",
            "Java 8 on JBoss EAP 7": "JBOSSEAP|7-java8",
            "Java 8 on Tomcat 9.0": "TOMCAT|9.0-jre8",
            "Java 8 on Tomcat 8.5": "TOMCAT|8.5-jre8",
            "Node 14 LTS": "NODE|14-lts",
            "Node 12 LTS": "NODE|12-lts",
            "PHP 8.0": "PHP|8.0",
            "PHP 7.4": "PHP|7.4",
            "PHP 7.3": "PHP|7.3",
            "Python 3.9 (Early Access)": "PYTHON|3.9",
            "Python 3.8": "PYTHON|3.8",
            "Python 3.7": "PYTHON|3.7",
            "Python 3.6": "PYTHON|3.6",
            "Ruby 2.6": "RUBY|2.6"
        },
        "netFrameworkVersion": "[if(equals(parameters('runtimeStack'), '.NET 6 (Early Access)'), 'v6.0', if(equals(parameters('runtimeStack'), '.NET 5'), 'v5.0', if(or(equals(parameters('runtimeStack'), '.NET Core 3.1 (LTS)'), equals(parameters('runtimeStack'), 'ASP.NET V4.8')), 'v4.0', if(equals(parameters('runtimeStack'), 'ASP.NET V3.5'), 'v3.5', ''))))]",
        "javaVersion": "[if(startsWith(parameters('runtimeStack'), 'Java 11'), '11', if(startsWith(parameters('runtimeStack'), 'Java 8'), '1.8', ''))]",
        "javaContainer": "[if(endsWith(parameters('runtimeStack'), 'Java SE'), 'JAVA', if(contains(parameters('runtimeStack'), 'Tomcat'), 'TOMCAT', ''))]",
        "javaContainerVersion": "[if(endsWith(parameters('runtimeStack'), 'Java SE'), 'SE', if(endsWith(parameters('runtimeStack'), 'Tomcat 9.0'), '9.0', if(endsWith(parameters('runtimeStack'), 'Tomcat 8.5'), '8.5', if(endsWith(parameters('runtimeStack'), 'Tomcat 7.0'), '7.0', ''))))]",
        "nodeVersion": "[if(equals(parameters('runtimeStack'), 'Node 14 LTS'), '~14', if(equals(parameters('runtimeStack'), 'Node 12 LTS'), '~12', ''))]",
        "phpVersion": "[if(equals(parameters('runtimeStack'), 'PHP 7.4'), '7.4', if(equals(parameters('runtimeStack'), 'PHP 7.3'), '7.3', 'Off'))]",
        "pythonVersion": "[if(equals(parameters('runtimeStack'), 'Python 3.6'), '3.4.0', '')]",
        "minTlsVersion": "1.2",
        "subnetResourceId": "[resourceId(parameters('virtualNetworkResourceGroup'), 'Microsoft.Network/virtualNetworks/subnets', parameters('virtualNetworkName'), parameters('subnetName'))]",
        "appServicePlanResourceId": "[resourceId('Microsoft.Web/serverfarms', parameters('appServicePlanName'))]",
        "appServiceResourceId": "[resourceId('Microsoft.Web/sites', parameters('appServiceName'))]"
    },
    "resources": [
        {
            "type": "Microsoft.Web/sites",
            "apiVersion": "2021-02-01",
            "name": "[parameters('appServiceName')]",
            "location": "[parameters('location')]",
            "kind": "[variables('appServiceKind')]",
            "identity": {
                "type": "SystemAssigned"
            },
            "tags": {
                "[concat('hidden-related:', variables('appServicePlanResourceId'))]": "empty"
            },
            "properties": {
                "clientAffinityEnabled": "[parameters('clientAffinityEnabled')]",
                "httpsOnly": true,
                "reserved": "[parameters('useLinux')]",
                "serverFarmId": "[variables('appServicePlanResourceId')]",
                "siteConfig": {
                    "alwaysOn": "[if(reference(variables('appServicePlanResourceId'), '2021-02-01', 'Full').properties.elasticScaleEnabled, json('false'), parameters('alwaysOn'))]",
                    "appSettings": "[parameters('appSettings')]",
                    "ftpsState": "Disabled",
                    "javaContainer": "[if(parameters('useLinux'), json('null'), variables('javaContainer'))]",
                    "javaContainerVersion": "[if(parameters('useLinux'), json('null'), variables('javaContainerVersion'))]",
                    "javaVersion": "[if(parameters('useLinux'), json('null'), variables('javaVersion'))]",
                    "linuxFxVersion": "[if(parameters('useLinux'), variables('linuxFxVersion')[parameters('runtimeStack')], json('null'))]",
                    "minTlsVersion": "[variables('minTlsVersion')]",
                    "netFrameworkVersion": "[if(parameters('useLinux'), json('null'), variables('netFrameworkVersion'))]",
                    "nodeVersion": "[if(parameters('useLinux'), json('null'), variables('nodeVersion'))]",
                    "phpVersion": "[if(parameters('useLinux'), json('null'), variables('phpVersion'))]",
                    "publicNetworkAccess": "[parameters('publicNetworkAccess')]",
                    "pythonVersion": "[if(parameters('useLinux'), json('null'), variables('pythonVersion'))]",
                    "scmMinTlsVersion": "[variables('minTlsVersion')]",
                    "use32BitWorkerProcess": "[parameters('use32BitWorkerProcess')]",
                    "vnetRouteAllEnabled": true,
                    "webSocketsEnabled": "[parameters('webSocketsEnabled')]"
                }
            }
        },
        {
            "type": "Microsoft.Web/sites/config",
            "apiVersion": "2021-02-01",
            "name": "[concat(parameters('appServiceName'), '/web')]",
            "dependsOn": [
                "[variables('appServiceResourceId')]"
            ],
            "properties": {
                "ipSecurityRestrictions": "[parameters('ipSecurityRestrictions')]",
                "scmIpSecurityRestrictions": "[if(parameters('scmIpSecurityRestrictionsUseMain'), json('null'), parameters('scmIpSecurityRestrictions'))]",
                "scmIpSecurityRestrictionsUseMain": "[parameters('scmIpSecurityRestrictionsUseMain')]"
            }
        }
    ],
    "outputs": {
        "possibleOutboundIpAddresses": {
            "type": "string",
            "value": "[reference(variables('appServiceResourceId'), '2021-02-01', 'Full').properties.possibleOutboundIpAddresses]"
        }
    }
}