{
    "$schema": "https://schema.management.azure.com/schemas/2019-04-01/deploymentParameters.json#",
    "contentVersion": "1.0.0.0",
    "parameters": {
        "appServicePlanName": {
            "value": "examplevalue"
        },
        "appServiceName": {
            "value": "examplevalue"
        },
        "runtimeStack": {
            "value": ".NET 6 (Early Access)"
        },
        "appSettings": {
            "value": [
                {
                    "name": "WEB_PORT",
                    "value": "80"
                },
                {
                    "name": "ENVIRONMENT",
                    "value": "dev"
                }
            ]
        },
        "virtualNetworkResourceGroup": {
            "value": "examplevalue"
        },
        "virtualNetworkName": {
            "value": "examplevalue"
        },
        "subnetName": {
            "value": "examplevalue"
        }
    }
}