{
    "$schema": "https://schema.management.azure.com/schemas/2015-01-01/deploymentTemplate.json#",
    "contentVersion": "1.0.0.0",
    "parameters": {
        "appInsightName": {
            "type": "string"
        },
        "webTestName": {
            "type": "string"
        },
        "location": {
            "type": "string"
        },
        "webTestURL": {
            "type": "string"
        },
        "actionGroupId": {
            "type": "string"
        },
        "actionCiName": {
            "type": "string"
        },
        "severity": {
            "type": "int"
        }
    },
    "variables": {
        "pingAlertRuleName": "[concat(toLower(parameters('webTestName')), '-alert')]",
        "webTestConfig": "[concat('<WebTest Name=\"', parameters('webTestName'), '\" Enabled=\"True\" CssProjectStructure=\"\" CssIteration=\"\" Timeout=\"15\" WorkItemIds=\"\" xmlns=\"http://microsoft.com/schemas/VisualStudio/TeamTest/2010\" Description=\"\" CredentialUserName=\"\" CredentialPassword=\"\" PreAuthenticate=\"True\" Proxy=\"default\" StopOnError=\"False\" RecordedResultFile=\"\" ResultsLocale=\"\" ><Items><Request Method=\"GET\" Version=\"1.1\" Url=\"', parameters('webTestURL'), '\" ThinkTime=\"0\" Timeout=\"30\" ParseDependentRequests=\"True\" FollowRedirects=\"True\" RecordResult=\"True\" Cache=\"False\" ResponseTimeGoal=\"0\" Encoding=\"utf-8\" ExpectedHttpStatusCode=\"200\" ExpectedResponseUrl=\"\" ReportingName=\"\" IgnoreHttpStatusCode=\"False\"/></Items></WebTest>')]"
    },
    "resources": [
        {
            "name": "[parameters('webTestName')]",
            "type": "Microsoft.Insights/webtests",
            "apiVersion": "2014-04-01",
            "location": "[parameters('location')]",
            "tags": {
                "[concat('hidden-link:', resourceId('Microsoft.Insights/components', parameters('appInsightName')))]": "Resource"
            },
            "properties": {
                "Name": "[parameters('webTestName')]",
                "Description": "[concat('Basic availability test of ', parameters('appInsightName'))]",
                "Enabled": true,
                "Frequency": 30,
                "Timeout": 30,
                "Kind": "ping",
                "RetryEnabled": false,
                "Locations": [
                    {
                        "Id": "emea-nl-ams-azr"
                    },
                    {
                        "Id": "us-ca-sjc-azr"
                    },
                    {
                        "Id": "emea-se-sto-edge"
                    },
                    {
                        "Id": "emea-gb-db3-azr"
                    },
                    {
                        "Id": "apac-jp-kaw-edge"
                    }
                ],
                "Configuration": {
                    "WebTest": "[variables('webTestConfig')]"
                },
                "SyntheticMonitorId": "[parameters('webTestName')]"
            }
        },
        {
            "name": "[variables('pingAlertRuleName')]",
            "type": "Microsoft.Insights/metricAlerts",
            "apiVersion": "2018-03-01",
            "location": "global",
            "dependsOn": [
                "[resourceId('Microsoft.Insights/webtests', parameters('webTestName'))]"
            ],
            "tags": {
                "[concat('hidden-link:', resourceId('Microsoft.Insights/components', parameters('appInsightName')))]": "Resource",
                "[concat('hidden-link:', resourceId('Microsoft.Insights/webtests', parameters('webTestName')))]": "Resource"
            },
            "properties": {
                "description": "[parameters('actionCiName')]",
                "severity": "[parameters('severity')]",
                "enabled": true,
                "scopes": [
                    "[resourceId('Microsoft.Insights/webtests',parameters('webTestName'))]",
                    "[resourceId('Microsoft.Insights/components',parameters('appInsightName'))]"
                ],
                "evaluationFrequency": "PT1M",
                "windowSize": "PT5M",
                "templateType": 0,
                "criteria": {
                    "odata.type": "Microsoft.Azure.Monitor.WebtestLocationAvailabilityCriteria",
                    "webTestId": "[resourceId('Microsoft.Insights/webtests', parameters('webTestName'))]",
                    "componentId": "[resourceId('Microsoft.Insights/components', parameters('appInsightName'))]",
                    "failedLocationCount": 2
                },
                "actions": [
                    {
                        "actionGroupId": "[parameters('actionGroupId')]"
                    }
                ]
            }
        }
    ]
}