{
  "type": "message",
  "data": {
    "type": "message",
    "message": { "text": "Hi there" },
    "context": {
      "_respondedRef": { "responded": false },
      "_turnState": {},
      "_onSendActivities": [],
      "_onUpdateActivity": [],
      "_onDeleteActivity": [],
      "bufferedReplyActivities": [],
      "_adapter": {
        "middleware": { "middleware": [] },
        "name": "Web Adapter",
        "socketServerOptions": { "noServer": true },
        "wss": {
          "_events": {},
          "_eventsCount": 1,
          "clients": {},
          "options": {
            "maxPayload": 104857600,
            "perMessageDeflate": false,
            "handleProtocols": null,
            "clientTracking": true,
            "verifyClient": null,
            "noServer": true,
            "backlog": null,
            "host": null,
            "path": null,
            "port": null
          }
        }
      },
      "_activity": {
        "timestamp": "2020-07-27T07:18:52.939Z",
        "channelId": "webhook",
        "conversation": { "id": "mockUserId" },
        "from": { "id": "mockUserId" },
        "recipient": { "id": "bot" },
        "channelData": {
          "type": "message",
          "message": { "text": "Hi there" },
          "context": { "mykey3": "myval3", "mykey4": "myval4" },
          "conversationId": "mockConversationId12",
          "userId": "mockUserId",
          "bcNumber": "mockbcNumber",
          "text": "Hi there",
          "user": "mockUserId"
        },
        "text": "Hi there",
        "type": "message"
      }
    },
    "conversationId": "mockConversationId12",
    "userId": "mockUserId",
    "bcNumber": "mockbcNumber",
    "text": "Hi there",
    "user": "mockUserId",
    "channel": "mockUserId",
    "reference": {
      "user": { "id": "mockUserId" },
      "bot": { "id": "bot" },
      "conversation": { "id": "mockUserId" },
      "channelId": "webhook"
    },
    "incoming_message": {
      "timestamp": "2020-07-27T07:18:52.939Z",
      "channelId": "webhook",
      "conversation": { "id": "mockUserId" },
      "from": { "id": "mockUserId" },
      "recipient": { "id": "bot" },
      "channelData": {
        "type": "message",
        "message": { "text": "Hi there" },
        "context": { "mykey3": "myval3", "mykey4": "myval4" },
        "conversationId": "mockConversationId12",
        "userId": "mockUserId",
        "bcNumber": "mockbcNumber",
        "text": "Hi there",
        "user": "mockUserId"
      },
      "text": "Hi there",
      "type": "message"
    }
  }
}
