{
	"id": "47593c74-e0d0-4e1f-98ff-f70229a69a82",
	"name": "AA Orchestrator - local",
	"values": [
		{
			"key": "conversationId",
			"value": "",
			"type": "any",
			"enabled": true
		},
		{
			"key": "interactionId",
			"value": "",
			"type": "any",
			"enabled": true
		},
		{
			"key": "HOST",
			"value": "http://localhost:3000",
			"type": "default",
			"enabled": true
		},
		{
			"key": "TOKEN",
			"value": "masterPlatformTokenDev",
			"type": "default",
			"enabled": true
		},
		{
			"key": "MockNiceToken",
			"value": "mockNICETokenDev",
			"type": "default",
			"enabled": true
		},
		{
			"key": "MockIVRToken",
			"value": "mockIVRTokenDev",
			"type": "default",
			"enabled": true
		}
	],
	"_postman_variable_scope": "environment",
	"_postman_exported_at": "2025-03-24T12:42:07.517Z",
	"_postman_exported_using": "Postman/10.12.0"
}