{
    "$schema": "https://schema.management.azure.com/schemas/2019-04-01/deploymentParameters.json#",
    "contentVersion": "1.0.0.0",
    "parameters": {
        "backupVaultName": {
            "value": "examplevalue"
        },
        "backupPolicyName": {
            "value": "examplevalue"
        },
        "backupInstanceName": {
            "value": "examplevalue"
        },
        "resourceId": {
            "value": "/subscriptions/00000000-0000-0000-0000-000000000000/resourceGroups/examplevalue/providers/Microsoft.Storage/storageAccounts/examplevalue"
        },
        "resourceLocation": {
            "value": "westeurope"
        },
        "policyParameters": {
            "value": {
                "backupDatasourceParametersList": [
                    {
                        "objectType": "BlobBackupDatasourceParameters",
                        "containersList": [
                            "examplevalue"
                        ]
                    }
                ]
            }
        },
        "useSystemAssignedIdentity": {
            "value": true
        },
        "userAssignedIdentityName": {
            "value": "examplevalue"
        }
    }
}