{
    "$schema": "https://schema.management.azure.com/schemas/2015-01-01/deploymentParameters.json#",
    "contentVersion": "1.0.0.0",
    "parameters": {
        "adxClusterName": {
            "value": "rsadx05-adx-a"
        },
        "privateEndpointSubnetName": {
            "value": "ple01-subnet"
        },
        "privateEndpointvNetName": {
            "value": "peaec0101-d-vnet"
        },
        "privateEndpointvNetRgName": {
            "value": "peaec0101-vnets-d-rg"
        }
    }
}