{
    "$schema": "https://schema.management.azure.com/schemas/2015-01-01/deploymentParameters.json#",
    "contentVersion": "1.0.0.0",
    "parameters": {
        "adxClusterName": {
            "value": "rsadx05-adx-a"
        },
        "adxClusterUmiName": {
            "value": "rsadx05-adx-umi"
        },
        "adxDatabaseDataConnName": {
            "value": "DiagnosticsLogsConnection"
        },
        "adxDatabaseDataConnTargetTableMappingRuleName": {
            "value": "DiagnosticRawRecordsMapping"
        },
        "adxDatabaseDataConnTargetTableName": {
            "value": "DiagnosticRawRecords"
        },
        "adxDatabaseName": {
            "value": "ResourceLogs"
        },
        "adxDatabaseScriptName": {
            "value": "ResourceLogsScript"
        },
        "eventHubConsumergroupName": {
            "value": "adx"
        },
        "eventHubName": {
            "value": "diagnosticslogs"
        },
        "eventHubNamespaceName": {
            "value": "rsadx05-ehns"
        },
        "roleAssignementPrincipalId": {
            "value": "bfb5817b-a23a-4a85-9386-a71bf1ee1a55"
        }
    }
}