{
  "$schema": "https://schema.management.azure.com/schemas/2015-01-01/deploymentParameters.json#",
  "contentVersion": "1.0.0.0",
  "parameters": {
    "adxClusterName": {
      "value": "rsadx002-adx"
    },
    "adxDatabaseName": {
      "value": "ResourceLogs"
    },
    "applicationInsightsName": {
      "value": "rsadx07-ai"
    },
    "appServicePlanName": {
      "value": "rsadx07-asp"
    },
    "fileShareName": {
      "value": "logicappshare"
    },
    "logicAppName": {
      "value": "rsadx07la"
    },
    "logicAppUmiName": {
      "value": "rsadx07la-umi"
    },
    "privateEndpointSubnetName": {
      "value": "ple01-subnet"
    },
    "privateEndpointvNetName": {
      "value": "peaec0101-d-vnet"
    },
    "privateEndpointvNetRgName": {
      "value": "peaec0101-vnets-d-rg"
    },
    "storageAccountName": {
      "value": "rsadx07sa"
    }
  }
}