{
  "$schema": "https://schema.management.azure.com/schemas/2015-01-01/deploymentParameters.json#",
  "contentVersion": "1.0.0.0",
  "parameters": {
    "applicationInsightsName": {
      "value": "rsadx07-ai"
    },
    "appServicePlanName": {
      "value": "rsadx07-asp"
    },
    "fileShareName": {
      "value": "logicappshare"
    },
    "keyVaultName": {
      "value": "rsadx05-kv"
    },
    "keyVaultUri": {
      "value": "https://rsadx05-kv.vault.azure.net/"
    },
    "logAnalyticsWorkspaceName": {
      "value": "rsadx07-law"
    },
    "privateEndpointSubnetName": {
      "value": "ple01-subnet"
    },
    "privateEndpointvNetName": {
      "value": "peaec0101-d-vnet"
    },
    "privateEndpointvNetRgName": {
      "value": "peaec0101-vnets-d-rg"
    },
    "saUmiName": {
      "value": "rsadx07-sa-umi"
    },
    "storageAccountName": {
      "value": "rsadx07sa"
    },
    "storageKeyName": {
      "value": "rsadx07-sa-key"
    }
  }
}