{
    "$schema": "https://schema.management.azure.com/schemas/2015-01-01/deploymentParameters.json#",
    "contentVersion": "1.0.0.0",
    "parameters": {
        "adxClusterKeyActivationDate": {
            "value": "2024-09-20"
        },
        "adxClusterKeyExpirationDate": {
            "value": "2025-09-20"
        },
        "adxClusterKeyName": {
            "value": "rsadx05-adx-key-b"
        },
        "adxClusterName": {
            "value": "rsadx05-adx-a"
        },
        "adxClusterUmiName": {
            "value": "rsadx05-adx-umi"
        },
        "eventHubAccessPolicyName": {
            "value": "adx"
        },
        "eventHubConsumergroupName": {
            "value": "adx"
        },
        "eventHubName": {
            "value": "diagnosticsLogs"
        },
        "eventHubNamespaceKeyActivationDate": {
            "value": "2024-09-20"
        },
        "eventHubNamespaceKeyExpirationDate": {
            "value": "2025-09-20"
        },
        "eventHubNamespaceKeyName": {
            "value": "rsadx05-ehns-key-b"
        },
        "eventHubNamespaceName": {
            "value": "rsadx05-ehns"
        },
        "eventHubNamespaceUmiName": {
            "value": "rsadx05-ehns-umi"
        },
        "eventHubPartitionCount": {
            "value": 1
        },
        "keyVaultEnablePurgeProtection": {
            "value": true
        },
        "keyVaultName": {
            "value": "rsadx05-kv"
        },
        "keyVaultSoftDeleteRetentionInDays": {
            "value": 7
        },
        "privateEndpointSubnetName": {
            "value": "ple01-subnet"
        },
        "privateEndpointvNetName": {
            "value": "peaec0101-d-vnet"
        },
        "privateEndpointvNetRgName": {
            "value": "peaec0101-vnets-d-rg"
        }
    }
}