{
    "$schema": "https://schema.management.azure.com/schemas/2019-04-01/deploymentTemplate.json#",
    "contentVersion": "1.0.0.0",
    "parameters": {
        "netAppAccountName": {
            "type": "string",
            "minLength": 1,
            "maxLength": 128,
            "metadata": {
                "description": "The name of the NetApp account. The account name must be unique within the subscription."
            }
        },
        "location": {
            "type": "string",
            "defaultValue": "[resourceGroup().location]",
            "metadata": {
                "description": "The location of the NetApp Files account."
            }
        },
        "keyVaultName": {
            "type": "string",
            "minLength": 3,
            "maxLength": 24,
            "metadata": {
                "description": "The name of the Key Vault where the customer-managed key is stored to use for the data encryption."
            }
        },
        "keyVaultAction": {
            "type": "string",
            "defaultValue": "add",
            "allowedValues": [
                "add",
                "replace",
                "remove"
            ],
            "metadata": {
                "description": "Specifies the action that is done on the Key Vault."
            }
        },
        "keyName": {
            "type": "string",
            "minLength": 1,
            "maxLength": 127,
            "metadata": {
                "description": "The name of the key to use for the data encryption. Encryption is only supported with an RSA 2048 cryptographic key set to never expire."
            }
        }
    },
    "variables": {
        "keyVaultResourceId": "[resourceId('Microsoft.KeyVault/vaults', parameters('keyVaultName'))]"
    },
    "resources": [
        {
            "type": "Microsoft.NetApp/netAppAccounts",
            "apiVersion": "2022-05-01",
            "name": "[parameters('netAppAccountName')]",
            "location": "[parameters('location')]",
            "identity": {
                "type": "SystemAssigned"
            },
            "properties": {
                "encryption": {
                    "keySource": "Microsoft.NetApp",
                    "identity": {}
                }
            }
        },
        {
            "type": "Microsoft.Resources/deployments",
            "apiVersion": "2021-04-01",
            "name": "[concat(parameters('netAppAccountName'), '-addCustomerManagedKey')]",
            "properties": {
                "mode": "Incremental",
                "template": {
                    "$schema": "https://schema.management.azure.com/schemas/2019-04-01/deploymentTemplate.json#",
                    "contentVersion": "1.0.0.0",
                    "resources": [
                        {
                            "type": "Microsoft.NetApp/netAppAccounts",
                            "apiVersion": "2022-05-01",
                            "name": "[parameters('netAppAccountName')]",
                            "location": "[parameters('location')]",
                            "properties": {
                                "encryption": {
                                    "keySource": "Microsoft.KeyVault",
                                    "keyVaultProperties": {
                                        "keyName": "[parameters('keyName')]",
                                        "keyVaultResourceId": "[variables('keyVaultResourceId')]",
                                        "keyVaultURI": "[reference(resourceId('Microsoft.KeyVault/vaults', parameters('keyVaultName')), '2021-10-01', 'Full').properties.vaultUri]"
                                    },
                                    "identity": {}
                                }
                            }
                        },
                        {
                            "type": "Microsoft.KeyVault/vaults/accessPolicies",
                            "apiVersion": "2021-10-01",
                            "name": "[concat(parameters('keyVaultName'), '/', parameters('keyVaultAction'))]",
                            "properties": {
                                "accessPolicies": [
                                    {
                                        "tenantId": "[subscription().tenantId]",
                                        "objectId": "[reference(resourceId('Microsoft.NetApp/netAppAccounts', parameters('netAppAccountName')), '2022-05-01', 'Full').identity.principalId]",
                                        "permissions": {
                                            "keys": [
                                                "get",
                                                "encrypt",
                                                "decrypt"
                                            ]
                                        }
                                    }
                                ]
                            }
                        }
                    ]
                }
            }
        }
    ]
}