{
    "$schema": "https://schema.management.azure.com/schemas/2019-04-01/deploymentTemplate.json#",
    "contentVersion": "1.0.0.0",
    "parameters": {
        "proximityPlacementGroupsName": {
            "defaultValue": "defaultproxmitygroup",
            "type": "String"
        },
        "location": {
            "type": "string",
            "defaultValue": "[resourceGroup().location]",
            "metadata": {
                "description": "The location of the Proxmity Placement Group"
            }
        }
    },
    "variables": {},
    "resources": [
        {
            "type": "Microsoft.Compute/proximityPlacementGroups",
            "apiVersion": "2022-08-01",
            "name": "[parameters('proximityPlacementGroupsName')]",
            "location": "[parameters('location')]",
            "properties": {
                "proximityPlacementGroupType": "Standard"
            }
        }
    ]
}