{
  "$schema": "https://schema.management.azure.com/schemas/2019-04-01/deploymentTemplate.json#",
  "contentVersion": "1.0.0.0",
  "parameters": {
      "virtualMachineName": {
          "type": "string",
          "minLength": 1,
          "maxLength": 15,
          "metadata": {
              "description": "The name of the Virtual Machine."
          }
      },
      "location": {
          "type": "string",
          "defaultValue": "[resourceGroup().location]",
          "metadata": {
              "description": "The location of the Virtual Machine."
          }
      },
      "enableAvailabilityZone": {
          "type": "bool",
          "defaultValue": false,
          "metadata": {
              "description": "Whether to enable Availability Zone support for the Virtual Machine."
          }
      },
      "availabilityZone": {
          "type": "string",
          "defaultValue": "1",
          "allowedValues": [
              "1",
              "2",
              "3"
          ],
          "metadata": {
              "description": "The Availability Zone in which to deploy the Virtual Machine."
          }
      },
      "enableAvailabilitySet": {
          "type": "bool",
          "defaultValue": false,
          "metadata": {
              "description": "Whether to enable Availability Set support for the Virtual Machine."
          }
      },
      "availabilitysetname": {
          "type": "string",
          "defaultValue": "",
          "metadata": {
              "description": "The Availability Set in which to group the Virtual Machine."
          }
      },
      "imagePublisher": {
          "type": "string",
          "defaultValue": "RedHat",
          "metadata": {
              "description": "The publisher name of the OS image."
          }
      },
      "imageOffer": {
          "type": "string",
          "defaultValue": "RHEL",
          "metadata": {
              "description": "The offer name of the OS image."
          }
      },
      "imageSku": {
          "type": "string",
          "defaultValue": "8_10",
          "allowedValues": [
              "8_4",
              "84-gen2",
              "8_5",
              "85-gen2",
              "8_6",
              "86-gen2",
              "8_8",
              "88-gen2",
              "8_10",
              "810-gen2"
          ],
          "metadata": {
              "description": "The SKU of the OS image."
          }
      },
      "imageVersion": {
          "type": "string",
          "defaultValue": "latest",
          "metadata": {
              "description": "The version of the OS image."
          }
      },
      "virtualMachineSize": {
          "type": "string",
          "metadata": {
              "description": "The size of the Virtual Machine."
          }
      },
      "adminUsername": {
          "type": "string",
          "minLength": 1,
          "maxLength": 20,
          "metadata": {
              "description": "The name of the administrator account."
          }
      },
      "adminPassword": {
          "type": "securestring",
          "minLength": 12,
          "maxLength": 123,
          "metadata": {
              "description": "The password of the administrator account."
          }
      },
      "osDiskName": {
          "type": "string",
          "minLength": 3,
          "maxLength": 24,
          "metadata": {
              "description": "The name of the OS disk."
          }
      },
      "osDiskSizeGB": {
          "type": "int",
          "defaultValue": 127,
          "minValue": 4,
          "maxValue": 32767,
          "metadata": {
              "description": "The size of the OS disk in GiB."
          }
      },
      "osDiskType": {
          "type": "string",
          "defaultValue": "StandardSSD_LRS",
          "allowedValues": [
              "Standard_LRS",
              "StandardSSD_LRS",
              "StandardSSD_ZRS",
              "Premium_LRS",
              "Premium_ZRS"
          ],
          "metadata": {
              "description": "The Storage Account type used for the OS disk."
          }
      },
      "osDiskEncryptionSetName": {
          "type": "string",
          "minLength": 1,
          "maxLength": 80,
          "metadata": {
              "description": "The name of the Disk Encryption Set used to encrypt the OS disk."
          }
      },
      "osDiskDeleteOption": {
          "type": "string",
          "defaultValue": "Delete",
          "allowedValues": [
              "Delete",
              "Detach"
          ],
          "metadata": {
              "description": "Specifies what happens to the OS disk when the Virtual Machine is deleted, i.e., whether the OS disk is deleted or detached."
          }
      },
      "virtualNetworkResourceGroup": {
          "type": "string",
          "minLength": 1,
          "maxLength": 90,
          "metadata": {
              "description": "The Resource Group name of the Virtual Network."
          }
      },
      "virtualNetworkName": {
          "type": "string",
          "minLength": 2,
          "maxLength": 64,
          "metadata": {
              "description": "The name of the Virtual Network."
          }
      },
      "subnetName": {
          "type": "string",
          "minLength": 1,
          "maxLength": 80,
          "metadata": {
              "description": "The name of the subnet in the Virtual Network to which the Virtual Machine is assigned."
          }
      },
      "networkInterfaceDeleteOption": {
          "type": "string",
          "defaultValue": "Delete",
          "allowedValues": [
              "Delete",
              "Detach"
          ],
          "metadata": {
              "description": "Specifies what happens to the Network Interface when the Virtual Machine is deleted, i.e., whether the Network Interface is deleted or detached."
          }
      },
      "enableAcceleratedNetworking": {
          "type": "bool",
          "defaultValue": false,
          "metadata": {
              "description": "Whether to enable accelerated networking, which enables low latency and high throughput on the Network Interface. Accelerated networking is only available when using a supported OS and Virtual Machine size."
          }
      },
      "patchMode": {
          "type": "string",
          "defaultValue": "AutomaticByPlatform",
          "allowedValues": [
              "AutomaticByPlatform",
              "ImageDefault"
          ],
          "metadata": {
              "description": "The patch mode for automatic Virtual Machine guest patching for Linux."
          }
      }
  },
  "variables": {
      "osDiskEncryptionSetResourceId": "[resourceId('Microsoft.Compute/diskEncryptionSets', parameters('osDiskEncryptionSetName'))]",
      "patchSetting": "[if(equals(parameters('patchMode'), 'AutomaticByPlatform'), 'Automatic', 'Manual')]",
      "networkInterfaceName": "[concat(parameters('virtualMachineName'), '-nic')]",
      "networkInterfaceResourceId": "[resourceId('Microsoft.Network/networkInterfaces', variables('networkInterfaceName'))]",
      "subnetResourceId": "[resourceId(parameters('virtualNetworkResourceGroup'), 'Microsoft.Network/virtualNetworks/subnets', parameters('virtualNetworkName'), parameters('subnetName'))]",
      "availabilitySetId" : {
    "id": "[if(parameters('enableAvailabilitySet'), resourceId('Microsoft.Compute/availabilitySets', parameters('availabilitysetname')), json('null'))]"
      }
  },
  "resources": [
      {
          "type": "Microsoft.Network/networkInterfaces",
          "apiVersion": "2021-05-01",
          "name": "[variables('networkInterfaceName')]",
          "location": "[parameters('location')]",
          "properties": {
              "ipConfigurations": [
                  {
                      "name": "ipconfig1",
                      "properties": {
                          "privateIPAllocationMethod": "Dynamic",
                          "subnet": {
                              "id": "[variables('subnetResourceId')]"
                          }
                      }
                  }
              ],
              "enableAcceleratedNetworking": "[parameters('enableAcceleratedNetworking')]"
          }
      },
      {
          "type": "Microsoft.Compute/virtualMachines",
          "apiVersion": "2021-11-01",
          "name": "[concat(parameters('virtualMachineName'))]",
          "location": "[parameters('location')]",
          "zones": "[if(parameters('enableAvailabilityZone'), array(parameters('availabilityZone')), json('null'))]",            
          "identity": {
              "type": "SystemAssigned"
          },
          "dependsOn": [
              "[variables('networkInterfaceResourceId')]"
          ],
          "tags": {
              "PatchSetting": "[variables('patchSetting')]"
          },
          "properties": {
        "availabilitySet": "[if(parameters('enableAvailabilitySet'), variables('availabilitySetId'), json('null'))]",
              "storageProfile": {
                  "imageReference": {
                      "publisher": "[parameters('imagePublisher')]",
                      "offer": "[parameters('imageOffer')]",
                      "sku": "[parameters('imageSku')]",
                      "version": "[parameters('imageVersion')]"
                  },
                  "osDisk": {
                      "name": "[parameters('osDiskName')]",
                      "createOption": "FromImage",
                      "deleteOption": "[parameters('osDiskDeleteOption')]",
                      "diskSizeGB": "[parameters('osDiskSizeGB')]",
                      "managedDisk": {
                          "storageAccountType": "[parameters('osDiskType')]",
                          "diskEncryptionSet": {
                              "id": "[variables('osDiskEncryptionSetResourceId')]"
                          }
                      }
                  }
              },
              "hardwareProfile": {
                  "vmSize": "[parameters('virtualMachineSize')]"
              },
              "osProfile": {
                  "computerName": "[parameters('virtualMachineName')]",
                  "adminUsername": "[parameters('adminUsername')]",
                  "adminPassword": "[parameters('adminPassword')]",
                  "linuxConfiguration": {
                      "provisionVMAgent": true,
                      "patchSettings": {
                          "patchMode": "[parameters('patchMode')]",
                          "assessmentMode": "AutomaticByPlatform"
                      }
                  }
              },
              "networkProfile": {
                  "networkInterfaces": [
                      {
                          "id": "[variables('networkInterfaceResourceId')]",
                          "properties": {
                              "deleteOption": "[parameters('networkInterfaceDeleteOption')]"
                          }
                      }
                  ]
              },
              "diagnosticsProfile": {
                  "bootDiagnostics": {
                      "enabled": true
                  }
              }
          },
          "resources": [
              {
                  "type": "Microsoft.Compute/virtualMachines/runCommands",
                  "apiVersion": "2023-03-01",
                  "name": "[concat(parameters('virtualMachineName'), '/rootlvLogicalVolumeExtension')]",
                  "location": "[parameters('location')]",
                  "dependsOn": [
                      "[resourceId('Microsoft.Compute/virtualMachines', parameters('virtualMachineName'))]"
                  ],
                  "properties": {
                      "source": {
                          "script": " currentRootLVSizeInGB=`lvs /dev/rootvg/rootlv --noheadings --units g -o lv_size | cut -f 1 -d \".\" `      \n      if [ $currentRootLVSizeInGB -lt 4 ]; then lvextend -L +2G /dev/rootvg/rootlv -r ; fi"
                      }
                  }
              }
          ]
      }
  ],
  "outputs": {
      "privateIPAddress": {
          "type": "string",
          "value": "[reference(variables('networkInterfaceResourceId')).ipConfigurations[0].properties.privateIPAddress]"
      }
  }
}