{
    "$schema": "https://schema.management.azure.com/schemas/2019-04-01/deploymentParameters.json#",
    "contentVersion": "1.0.0.0",
    "parameters": {
        "virtualMachineName": {
            "value": "examplevalue"
        },
        "virtualMachineSize": {
            "value": "examplevalue"
        },
        "adminUsername": {
            "value": "examplevalue"
        },
        "adminPassword": {
            "value": "ExampleValue!"
        },
        "osDiskName": {
            "value": "examplevalue"
        },
        "osDiskEncryptionSetName": {
            "value": "examplevalue"
        },
        "virtualNetworkResourceGroup": {
            "value": "examplevalue"
        },
        "virtualNetworkName": {
            "value": "examplevalue"
        },
        "subnetName": {
            "value": "examplevalue"
        }
    }
}