{
  "$schema": "https://schema.management.azure.com/schemas/2015-01-01/deploymentParameters.json#",
  "contentVersion": "1.0.0.0",
  "parameters": {
    "metricNamespace": {
      "value": "Microsoft.Sql/servers/databases"
    },
    "targetResourceRegion": {
      "value": "westeurope"
    },
    "targetResourceType": {
      "value": "/subscriptions/eadb9dfd-2100-4b4d-981a-3225eb77daa7/resourceGroups/lzftt-d-rg/providers/Microsoft.Sql/servers/salserverftt/databases/salserverdb"
    },
    "ActionGroupName": {
      "value": "AG_Expl_01"
    },
    "ActionGroupShortName": {
      "value": "ag01"
    },
    "emailId": {
      "value": "rutger.scheper@nl.abnamro.com"
    },
    "staticalertConfigValues": {
      "value": [
        {
          "alertRuleName": "cpuPercentMetricAlertDB70",
          "metricName": "cpu_percent",
          "metricCriteriaName": "CPU percentage high",
          "threshold": 70,
          "operator": "GreaterThan",
          "timeAggregation": "Average",
          "evaluationFrequency": "PT5M",
          "windowSize": "PT5M",
          "severity": 4,
          "enabled": true,
          "CiNumber":"CI00001",
          "resourceId": "/subscriptions/eadb9dfd-2100-4b4d-981a-3225eb77daa7/resourceGroups/lzftt-d-rg/providers/Microsoft.Sql/servers/salserverftt/databases/salserverdb"
        },
        {
          "alertRuleName": "cpuPercentMetricAlertDB50",
          "metricName": "cpu_percent",
          "metricCriteriaName": "CPU percentage medium",
          "threshold": 50,
          "operator": "GreaterThan",
          "timeAggregation": "Average",
          "evaluationFrequency": "PT5M",
          "windowSize": "PT5M",
          "severity": 4,
          "enabled": true,
          "CiNumber":"CI00001",
          "resourceId": "/subscriptions/eadb9dfd-2100-4b4d-981a-3225eb77daa7/resourceGroups/lzftt-d-rg/providers/Microsoft.Sql/servers/salserverftt/databases/salserverdb"
        }
      ]
    },
    "customAlertConfigValues": {
      "value": [
        {
          "alertRuleName": "customLogAlert01",
          "operator": "GreaterThan",
          "enabled": true,
          "query": "Perf| where ObjectName == \"Memory\" and(CounterName == \"Available MBytes Memory\" or CounterName == \"Available MBytes\") |  summarize avg(CounterValue) by bin(TimeGenerated, 15min), Computer, _ResourceId | render timechart",
          "resourceId": "/subscriptions/eadb9dfd-2100-4b4d-981a-3225eb77daa7/resourcegroups/lzftt-d-rg/providers/microsoft.operationalinsights/workspaces/lzftt-vm-workspace",
          "threshold": 50,
          "timeAggregation": "Average",
          "evaluationFrequency": "PT5M",
          "CiNumber":"CI00001",
          "metricMeasureColumn": "avg_CounterValue"
        }
      ]
    }
  }
}