{
    "$schema": "https://schema.management.azure.com/schemas/2019-04-01/deploymentTemplate.json#",
    "contentVersion": "1.0.0.0",
    "parameters": {
        "netAppAccountName": {
            "type": "string",
            "minLength": 1,
            "maxLength": 128,
            "metadata": {
                "description": "The name of the NetApp account. The account name must be unique within the subscription."
            }
        },
        "location": {
            "type": "string",
            "defaultValue": "[resourceGroup().location]",
            "metadata": {
                "description": "The location of the NetApp Files account."
            }
        },
        "netAppPoolName": {
            "type": "String",
            "minLength": 1,
            "maxLength": 64,
            "metadata": {
                "description": "The name for the NetApp capacity pool. The capacity pool name must be unique for each NetApp account."
            }
        },
        "netAppVolumeName": {
            "type": "String",
            "metadata": {
                "description": "The name for the NetApp volume(s). A volume name must be unique within each capacity pool."
            }
        },
        "privateEndpointName": {
            "type": "string",
            "minLength": 2,
            "maxLength": 64,
            "metadata": {
                "description": "The name of the Private Endpoint."
            }
        },
        "virtualNetworkName": {
            "type": "string",
            "minLength": 2,
            "maxLength": 64,
            "metadata": {
                "description": "The name of the Virtual Network."
            }
        },
        "virtualNetworkResourceGroup": {
            "type": "string",
            "minLength": 1,
            "maxLength": 90,
            "metadata": {
                "description": "The Resource Group name of the Virtual Network."
            }
        },
        "subnetName": {
            "type": "string",
            "minLength": 1,
            "maxLength": 80,
            "metadata": {
                "description": "The name of the subnet in the Virtual Network to which the NetApp volumes are assigned."
            }
        },
        "volumeSizeinGB": {
            "type": "int",
            "defaultValue": 500,
            "minValue": 500,
            "maxValue": 102400,
            "metadata": {
                "description": "The maximum storage quota allowed for a file system in gigabytes. This is a soft quota used for alerting only."
            }
        },
        "qosType": {
            "type": "string",
            "defaultValue": "Auto",
            "allowedValues": [
                "Auto",
                "Manual"
            ],
            "metadata": {
                "description": "The qos type of the NetApp capacity pool. QoS type: Auto or Manual."
            }
        },
        "serviceLevel": {
            "type": "string",
            "defaultValue": "Standard",
            "allowedValues": [
                "Standard",
                "Premium",
                "Ultra"
            ],
            "metadata": {
                "description": "The target performance for the NetApp capacity pool. Service level: Ultra, Premium, or Standard."
            }
        },
        "protocolTypes": {
            "type": "array",
            "defaultValue": [
                "NFSv4.1"
            ],
            "metadata": {
                "description": "The protocol types of the NetApp volume."
            }
        },
        "rules": {
            "type": "array",
            "metadata": {
                "description": "An object array that contains the complete definition of the export policy rules."
            }
        },
        "throughputMibps": {
            "type": "int",
            "defaultValue": 1,
            "minValue": 1,
            "maxValue": 4500,
            "metadata": {
                "description": "The maximum throughput in MiB/s that can be achieved by the volume. Applies only to manual qosType volume."
            }

        },
        "unixPermissions": {
            "type": "string",
            "defaultValue": "0770",
            "metadata": {
                "description": "The UNIX permissions for NFS volume accepted in octal 4 digit format. Defaults to '0770'."
            }
        },
        "snapshotDirectoryVisible": {
            "type": "bool",
            "defaultValue": false,
            "allowedValues": [
                false,
                true
            ],
            "metadata": {
                "description": "The snapshot directory visible flag."
            }
        },
        "networkFeatures": {
            "type": "string",
            "defaultValue": "Standard",
            "metadata": {
                "description": "The network features available to the NetApp volume. Network feature: basic or standard."
            }
        }
    },
    "variables": {
        "capacityPoolName": "[concat(parameters('netAppAccountName'), '/', parameters('netAppPoolName'))]",
        "volumeName": "[concat(variables('capacityPoolName'), '/', parameters('netAppVolumeName'))]",
        "volumeSizeInBytes": "[mul(parameters('volumeSizeinGB'), 1073741824)]",
        "subnetId": "[resourceId(parameters('virtualNetworkResourceGroup'), 'Microsoft.Network/virtualNetworks/subnets', parameters('virtualNetworkName'), parameters('subnetName'))]",
        "keyVaultPrivateEndpointId": "[resourceId('Microsoft.Network/privateEndpoints', parameters('privateEndpointName'))]"
    },
    "resources": [
        {
            "type": "Microsoft.NetApp/netAppAccounts/capacityPools/volumes",
            "apiVersion": "2022-05-01",
            "name": "[variables('volumeName')]",
            "location": "[parameters('location')]",
            "properties": {
                "serviceLevel": "[parameters('serviceLevel')]",
                "usageThreshold": "[variables('volumeSizeInBytes')]",
                "creationToken": "[parameters('netAppVolumeName')]",
                "subnetId": "[variables('subnetId')]",
                "protocolTypes": "[parameters('protocolTypes')]",
                "snapshotDirectoryVisible": "[parameters('snapshotDirectoryVisible')]",
                "networkFeatures": "[parameters('networkFeatures')]",
                "throughputMibps": "[if(equals(parameters('qosType'), 'Manual'), parameters('throughputMibps'), '')]",
                "unixPermissions": "[parameters('unixPermissions')]",
                "encryptionKeySource": "Microsoft.KeyVault",
                "exportPolicy": {
                    "copy": [
                        {
                            "name": "rules",
                            "count": "[length(parameters('rules'))]",
                            "input": {
                                "ruleIndex": "[parameters('rules')[copyIndex('rules')].ruleIndex]",
                                "cifs": "[parameters('rules')[copyIndex('rules')].cifs]",
                                "nfsv3": "[parameters('rules')[copyIndex('rules')].nfsv3]",
                                "nfsv41": "[parameters('rules')[copyIndex('rules')].nfsv41]",
                                "allowedClients": "[parameters('rules')[copyIndex('rules')].allowedClients]",
                                "unixReadOnly": "[parameters('rules')[copyIndex('rules')].unixReadOnly]",
                                "unixReadWrite": "[parameters('rules')[copyIndex('rules')].unixReadWrite]",
                                "hasRootAccess": "[parameters('rules')[copyIndex('rules')].hasRootAccess]",
                                "chownMode": "[parameters('rules')[copyIndex('rules')].chownMode]"
                            }
                        }
                    ]
                },
                "keyVaultPrivateEndpointResourceId": "[variables('keyVaultPrivateEndpointId')]"
            }
        }
    ]
}