{
    "$schema": "https://schema.management.azure.com/schemas/2019-04-01/deploymentParameters.json#",
    "contentVersion": "1.0.0.0",
    "parameters": {
        "netAppAccountName": {
            "value": "examplevalue"
        },
        "netAppPoolName": {
            "value": "examplevalue"
        },
        "netAppVolumeName": {
            "value": "examplevalue"
        },
        "privateEndpointName": {
            "value": "examplevalue"
        },
        "virtualNetworkName": {
            "value": "examplevalue"
        },
        "virtualNetworkResourceGroup": {
            "value": "examplevalue"
        },
        "subnetName": {
            "value": "examplevalue"
        },
        "rules": {
            "value": [
                {
                    "ruleIndex": 1,
                    "cifs": false,
                    "nfsv3": false,
                    "nfsv41": true,
                    "allowedClients": "10.0.0.0/32",
                    "unixReadOnly": false,
                    "unixReadWrite": true,
                    "hasRootAccess": true,
                    "chownMode": "Restricted"
                }
            ]
        }
    }
}