{
	"id": "633deb02-086e-42a0-b50c-c172dad2e13c",
	"name": "Chatbot-service - Local - prod",
	"values": [
		{
			"key": "ENV",
			"value": "prod",
			"enabled": true
		},
		{
			"key": "ANNA_ENV",
			"value": "test",
			"enabled": true
		},
		{
			"key": "EUS_ENV",
			"value": "test",
			"enabled": true
		},
		{
			"key": "URL_ENV",
			"value": "http://localhost:1000",
			"enabled": true
		},
		{
			"key": "SERVICE_NAME",
			"value": "message-hub",
			"enabled": true
		},
		{
			"key": "X_API_ID_DEMOBOT",
			"value": "demobot",
			"enabled": true
		},
		{
			"key": "X_API_KEY_DEMOBOT",
			"value": "58f58bbd-de99-4d51-b012-dbb5e9710431",
			"enabled": true
		},
		{
			"key": "X_API_ID_EUS",
			"value": "103zafpt",
			"enabled": true
		},
		{
			"key": "X_API_KEY_EUS",
			"value": "97f43534-fcc7-4d21-9367-9cba0914bd2d",
			"enabled": true
		},
		{
			"key": "BOTID",
			"value": "demobot",
			"enabled": true
		},
		{
			"key": "X_API_KEY_ANNA_DEV",
			"value": "e0a081a6-3022-41bc-8780-9730df71595f",
			"enabled": true
		},
		{
			"key": "USER_AGENT",
			"value": "Platform-integration-test",
			"enabled": true
		},
		{
			"key": "copilotCivrTestSecret",
			"value": "1hmCaC2-oxc.IweCVYv5WHHyhBYCrWUzJHf9oRTB74X6s7th9Gn3IC8",
			"enabled": true
		},
		{
			"key": "X_API_KEY_CIVR_TEST_CPS",
			"value": "060192bc-c8e8-4e43-8363-0045f7c4bafc",
			"enabled": true
		},
		{
			"key": "X_API_KEY_ANNA_TEST_CPS",
			"value": "271598c6-5aea-4885-bb1a-c2cd9f666ebf",
			"enabled": true
		},
		{
			"key": "CPS_IVR_BOT_ID",
			"value": "ivr-test-bot-cps",
			"enabled": true
		},
		{
			"key": "disambiguationBtn0",
			"value": "",
			"enabled": true
		},
		{
			"key": "messageId",
			"value": "",
			"enabled": true
		}
	],
	"_postman_variable_scope": "environment",
	"_postman_exported_at": "2024-07-25T12:30:02.395Z",
	"_postman_exported_using": "Postman/9.14.0"
}