{
	"id": "3e38b5a0-e3be-4565-a60d-7fdbbc243370",
	"name": "Chatbot-service - Azure Prod - watson - prod",
	"values": [
		{
			"key": "URL_ENV",
			"value": "https://ace-p.abnamro.nl",
			"enabled": true
		},
		{
			"key": "USER_AGENT",
			"value": "Platform-integration-test",
			"enabled": true
		},
		{
			"key": "copilotCivrTestSecret",
			"value": "1hmCaC2-oxc.IweCVYv5WHHyhBYCrWUzJHf9oRTB74X6s7th9Gn3IC8",
			"type": "default",
			"enabled": true
		},
		{
			"key": "X_API_KEY_CIVR_TEST_CPS",
			"value": "060192bc-c8e8-4e43-8363-0045f7c4bafc",
			"type": "default",
			"enabled": true
		},
		{
			"key": "X_API_KEY_ANNA_TEST_CPS",
			"value": "271598c6-5aea-4885-bb1a-c2cd9f666ebf",
			"type": "default",
			"enabled": true
		},
		{
			"key": "CPS_IVR_BOT_ID",
			"value": "ivr-test-bot-cps",
			"type": "default",
			"enabled": true
		}
	],
	"_postman_variable_scope": "environment",
	"_postman_exported_at": "2024-06-17T11:16:58.554Z",
	"_postman_exported_using": "Postman/10.12.13"
}