{
    "$schema": "https://schema.management.azure.com/schemas/2019-04-01/deploymentTemplate.json#",
    "contentVersion": "1.0.0.0",
    "parameters": {
        "adxClusterName": {
            "type": "string",
            "metadata": {
                "description": "The name of the Azure Data Explorer Cluster."
            }
        },
        "adxDatabaseName": {
            "type": "string",
            "metadata": {
                "description": "The name of Azure Data Explorer database."
            }
        },
        "dataConnectionName": {
            "type": "string",
            "metadata": {
                "description": "The name of the data connection."
            }
        },
        "location": {
            "type": "string",
            "defaultValue": "[resourceGroup().location]",
            "metadata": {
                "description": "The location for the data connection."
            }
        },
        "cosmosDbAccountResourceId": {
            "type": "string",
            "metadata": {
                "description": "The resource ID of the Cosmos DB account used to create the data connection."
            }
        },
        "cosmosDbDatabase": {
            "type": "string",
            "metadata": {
                "description": "The name of an existing database in the Cosmos DB account."
            }
        },
        "cosmosDbContainer": {
            "type": "string",
            "metadata": {
                "description": "The name of an existing container in the Cosmos DB database."
            }
        },
        "managedIdentityResourceId": {
            "type": "string",
            "metadata": {
                "description": "The resource ID of a System-Assigned or User-Assigned Managed Identity. The identity must have 'RBAC Azure Cosmos DB Reader' and 'Data plane Azure Cosmos DB Reader' permission on the Cosmos DB account."
            }
        },
        "mappingRuleName": {
            "type": "string",
            "metadata": {
                "description": "The name of an existing mapping rule to use when ingesting the retrieved data."
            }
        },
        "retrievalStartDate": {
            "type": "string",
            "metadata": {
                "description": "The data connection retrieves Cosmos DB documents created or updated after the specified retrieval start date. If no value is provided, retrievalStartDate will not be set."
            }
        },
        "tableName": {
            "type": "string",
            "metadata": {
                "description": "The case-sensitive name of the existing target table in your Cluster. Retrieved data is ingested into this table."
            }
        }
    },
    "resources": [
        {
            "type": "Microsoft.Kusto/clusters/databases/dataConnections",
            "apiVersion": "2023-08-15",
            "name": "[concat( parameters('adxClusterName'), '/', parameters('adxDatabaseName'), '/',parameters('dataConnectionName'))]",
            "location": "[parameters('location')]",
            "kind": "CosmosDb",
            "properties": {
                "cosmosDbAccountResourceId": "[parameters('cosmosDbAccountResourceId')]",
                "cosmosDbContainer": "[parameters('cosmosDbContainer')]",
                "cosmosDbDatabase": "[parameters('cosmosDbDatabase')]",
                "managedIdentityResourceId": "[parameters('managedIdentityResourceId')]",
                "mappingRuleName": "[parameters('mappingRuleName')]",
                "retrievalStartDate": "[if(not(empty(parameters('retrievalStartDate'))), parameters('retrievalStartDate'), null())]",
                "tableName": "[parameters('tableName')]"
            }
        }
    ]
}