{
    "$schema": "https://schema.management.azure.com/schemas/2019-04-01/deploymentParameters.json#",
    "contentVersion": "1.0.0.0",
    "parameters": {
        "adxClusterName": {
            "value": "examplevalue"
        },
        "adxDatabaseName": {
            "value": "examplevalue"
        },
        "dataConnectionName": {
            "value": "examplevalue"
        },
        "cosmosDbAccountResourceId": {
            "value": "examplevalue"
        },
        "cosmosDbContainer": {
            "value": "examplevalue"
        },
        "cosmosDbDatabase": {
            "value": "examplevalue"
        },
        "managedIdentityResourceId": {
            "value": "examplevalue"
        },
        "mappingRuleName": {
            "value": "examplevalue"
        },
        "retrievalStartDate": {
            "value": "examplevalue"
        },
        "tableName": {
            "value": "examplevalue"
        }
    }
}