{
    "$schema": "https://schema.management.azure.com/schemas/2019-04-01/deploymentTemplate.json#",
    "contentVersion": "1.0.7.0",
    "parameters": {
        "storageAccountName": {
            "type": "string",
            "minLength": 3,
            "maxLength": 24,
            "metadata": {
                "description": "The name of the Storage Account."
            }
        },
        "location": {
            "type": "string",
            "defaultValue": "[resourceGroup().location]",
            "metadata": {
                "description": "The location of the Storage Account."
            }
        },
        "kind": {
            "type": "string",
            "defaultValue": "StorageV2",
            "allowedValues": [
                "Storage",
                "StorageV2",
                "BlobStorage",
                "FileStorage"
            ],
            "metadata": {
                "description": "The type of the Storage Account."
            }
        },
        "skuName": {
            "type": "string",
            "defaultValue": "Standard_GRS",
            "allowedValues": [
                "Standard_GRS",
                "Standard_RAGRS",
                "Standard_GZRS",
                "Standard_RAGZRS"
            ],
            "metadata": {
                "description": "The SKU of the Storage Account."
            }
        },
        "keyVaultName": {
            "type": "string",
            "minLength": 3,
            "maxLength": 24,
            "metadata": {
                "description": "The name of the Key Vault where the customer-managed key is stored for Storage Service Encryption."
            }
        },
        "keyVaultAction": {
            "type": "string",
            "defaultValue": "add",
            "allowedValues": [
                "add",
                "replace",
                "remove"
            ],
            "metadata": {
                "description": "Specifies the action that is done on the Key Vault."
            }

        },
        "keyName": {
            "type": "string",
            "minLength": 1,
            "maxLength": 127,
            "metadata": {
                "description": "The name of key in Key Vault to use for Storage Service Encryption."
            }
        },
        "keyVersion": {
            "type": "string",
            "metadata": {
                "description": "The version of the key in Key Vault to use for Storage Service Encryption."
            }
        },
        "ipRules": {
            "type": "array",
            "defaultValue": [
                {
                    "value": "20.76.109.96",
                    "action": "Allow"
                },
                {
                    "value": "20.76.109.97",
                    "action": "Allow"
                },
                {
                    "value": "20.76.109.98",
                    "action": "Allow"
                },
                {
                    "value": "20.76.109.99",
                    "action": "Allow"
                },
                {
                    "value": "20.76.109.102",
                    "action": "Allow"
                },
                {
                    "value": "20.76.109.103",
                    "action": "Allow"
                },
                {
                    "value": "20.76.109.106",
                    "action": "Allow"
                },
                {
                    "value": "20.76.109.107",
                    "action": "Allow"
                },
                {
                    "value": "20.76.109.110",
                    "action": "Allow"
                },
                {
                    "value": "20.101.218.80/28",
                    "action": "Allow"
                },
                {
                    "value": "20.101.218.96/28",
                    "action": "Allow"
                },
                {
                    "value": "164.140.188.224/28",
                    "action": "Allow"
                },
                {
                    "value": "164.140.203.224/28",
                    "action": "Allow"
                },
                {
                    "value": "167.202.201.0/27",
                    "action": "Allow"
                }
            ],
            "metadata": {
                "description": "An array of IP rules, each with an action and an IPv4 address or IPv4 address range in CIDR format. The provided values cannot be contained in one of the following IP address ranges, since these are not enforceable by the IP address filter: 10.0.0.0/8, 100.64.0.0/10, 172.16.0.0/12, 192.168.0.0/16."
            }
        },
        "allowTrustedAzureServices": {
            "type": "bool",
            "defaultValue": false,
            "metadata": {
                "description": "Whether to allow Azure services on the trusted services list to access this Storage Account."
            }
        }
    },
    "variables": {
        "identityType": {
            "type": "SystemAssigned"
        },
        "networkAclsBypass": "[if(parameters('allowTrustedAzureServices'), 'AzureServices', 'None')]",
        "minimumTlsVersion": "TLS1_2"
    },
    "resources": [
        {
            "type": "Microsoft.Storage/storageAccounts",
            "apiVersion": "2021-08-01",
            "name": "[parameters('storageAccountName')]",
            "location": "[parameters('location')]",
            "sku": {
                "name": "[parameters('skuName')]"
            },
            "kind": "[parameters('kind')]",
            "identity": "[variables('identityType')]",
            "properties": {
                "networkAcls": {
                    "bypass": "[variables('networkAclsBypass')]",
                    "defaultAction": "Deny",
                    "ipRules": "[parameters('ipRules')]"
                },
                "supportsHttpsTrafficOnly": true,
                "allowBlobPublicAccess": false,
                "minimumTlsVersion": "[variables('minimumTlsVersion')]",
                "allowSharedKeyAccess": false,
                "encryption": {
                    "keySource": "Microsoft.Storage",
                    "services": {
                        "blob": {
                            "enabled": true
                        },
                        "file": {
                            "enabled": true
                        },
                        "queue": {
                            "enabled": true,
                            "keyType": "Account"
                        },
                        "table": {
                            "enabled": true,
                            "keyType": "Account"
                        }
                    },
                    "requireInfrastructureEncryption": true
                }
            },
            "resources": [
                {
                    "type": "providers/advancedThreatProtectionSettings",
                    "apiVersion": "2019-01-01",
                    "name": "Microsoft.Security/current",
                    "dependsOn": [
                        "[resourceId('Microsoft.Storage/storageAccounts', parameters('storageAccountName'))]"
                    ],
                    "properties": {
                        "isEnabled": true
                    }
                }
            ]
        },
        {
            "type": "Microsoft.Resources/deployments",
            "apiVersion": "2021-04-01",
            "name": "[concat(parameters('storageAccountName'), '-addCustomerManagedKey')]",
            "properties": {
                "mode": "Incremental",
                "template": {
                    "$schema": "https://schema.management.azure.com/schemas/2019-04-01/deploymentTemplate.json#",
                    "contentVersion": "1.0.0.0",
                    "resources": [
                        {
                            "type": "Microsoft.KeyVault/vaults/accessPolicies",
                            "apiVersion": "2021-10-01",
                            "name": "[concat(parameters('keyVaultName'), '/', parameters('keyVaultAction'))]",
                            "properties": {
                                "accessPolicies": [
                                    {
                                        "tenantId": "[subscription().tenantId]",
                                        "objectId": "[reference(resourceId('Microsoft.Storage/storageAccounts', parameters('storageAccountName')), '2021-08-01', 'Full').identity.principalId]",
                                        "permissions": {
                                            "keys": [
                                                "wrapkey",
                                                "unwrapkey",
                                                "get"
                                            ]
                                        }
                                    }
                                ]
                            }
                        },
                        {
                            "type": "Microsoft.Storage/storageAccounts",
                            "apiVersion": "2021-08-01",
                            "name": "[parameters('storageAccountName')]",
                            "location": "[parameters('location')]",
                            "sku": {
                                "name": "[parameters('skuName')]"
                            },
                            "kind": "[parameters('kind')]",
                            "identity": "[variables('identityType')]",
                            "dependsOn": [
                                "[resourceId('Microsoft.KeyVault/vaults/accessPolicies', parameters('keyVaultName'), parameters('keyVaultAction'))]"
                            ],
                            "properties": {
                                "supportsHttpsTrafficOnly": true,
                                "allowBlobPublicAccess": false,
                                "minimumTlsVersion": "[variables('minimumTlsVersion')]",
                                "allowSharedKeyAccess": false,
                                "encryption": {
                                    "requireInfrastructureEncryption": true,
                                    "services": {
                                        "blob": {
                                            "enabled": true
                                        },
                                        "file": {
                                            "enabled": true
                                        },
                                        "queue": {
                                            "enabled": true
                                        },
                                        "table": {
                                            "enabled": true
                                        }
                                    },
                                    "keySource": "Microsoft.Keyvault",
                                    "keyvaultproperties": {
                                        "keyvaulturi": "[reference(resourceId('Microsoft.KeyVault/vaults', parameters('keyVaultName')), '2021-10-01', 'Full').properties.vaultUri]",
                                        "keyname": "[parameters('keyName')]",
                                        "keyversion": "[parameters('keyVersion')]"
                                    }
                                }
                            }
                        }
                    ]
                }
            }
        }
    ]
} 