{
  "$schema": "https://schema.management.azure.com/schemas/2015-01-01/deploymentParameters.json#",
  "contentVersion": "1.0.0.0",
  "parameters": {
    "pDatabaseAccountName": {
      "value": "aces-t-cosmosdb"
    },
    "pKind": {
      "value": "GlobalDocumentDB"
    },
    "pMaxStalenessPrefix": {
      "value": 100
    },
    "pKeyVaultName": {
      "value": "aces-t-kv"
    },
    "pMaxIntervalInSeconds": {
      "value": 5
    },
    "pDefaultConsistencyLevel": {
      "value": "Session"
    },
    "pDatabaseAccountOfferType": {
      "value": "Standard"
    },
    "pEnableMultipleWriteLocations": {
      "value": false
    },
    "pDatabaseName": {
      "value": "search"
    },
    "pThroughputPolicy":{
      "value":"Manual"
    },
    "pManualProvisionedThroughput":{
      "value": 400
    },
    "pAutoscaleMaxThroughput":{
      "value": 1000
    },
    "pVnetName": {
      "value": "aces01-t-vnet"
    },
    "pVnetRg": {
      "value": "aces01-vnets-t-rg"
    },
    "pKeyVaultKeyUri": {
      "value": "https://aces-t-kv.vault.azure.net/keys/aces-t-cosmosdb-key"
    },
    "pKeyVaultUserAssignedIdentity": {
      "value": "/subscriptions/11b12099-06ee-4092-bde2-51506a8b94f2/resourceGroups/aces-t-rg/providers/Microsoft.ManagedIdentity/userAssignedIdentities/aces-t-umi"
    },
    "pSource": {
      "value" : "InfraSecret"
    },
    "pContainerList": {
      "value": [
        {
          "pContainerName": "features",
          "pPaths": "/features",
          "pContainerKind": "Hash",
          "pIndexingMode": "consistent",
          "pIncludedPaths": [
            {
                "path": "/title/?"
            },
            {
                "path": "/description/?"
            }
          ],
          "pExcludedPaths": [
            {
                "path": "/*"
            }
          ],
          "pDefaultTtlValue": 2678400,
          "pThroughputPolicy": "Manual"
        },
        {
          "pContainerName": "faqs",
          "pPaths": "/faqs",
          "pContainerKind": "Hash",
          "pIndexingMode": "consistent",
          "pIncludedPaths": [
            {
                "path": "/url/?"
            },
            {
                "path": "/lastVisitedDate/?"
            }
          ],
          "pExcludedPaths": [
            {
                "path": "/*"
            }
          ],
          "pDefaultTtlValue": 2678400,
          "pThroughputPolicy": "Manual"
        }
      ]
    }
  }
}
