{
    "servicePrincipals": [
        {
            "name": "aces-t-apisearch-graphapi-sp",
            "action": "Update",
            "appRoles": [],
            "appRoleAssignmentRequired": false,
            "appRolePermissions": [],
            "redirectType": null,
            "redirectUrl": [],
            "groupMembershipClaims": "SecurityGroup",
            "applicationPermissions": {
                "Microsoft Graph": ["Directory.Read.All"]
            },
            "delegatedPermissions": {
                "Microsoft Graph": ["User.Read"],
                "Azure Storage": ["user_impersonation"],
                "Azure Key Vault": ["user_impersonation"]
            } 
        },
        {
            "name": "aces-t-aziag-sp",
            "action": "update",
            "addfscpGroup": true,
            "redirectType": null,
            "redirectUrl": [],
            "delegatedPermissions": {
                "Microsoft Graph": ["User.Read"]
            },
            "applicationPermissions": {
                "Microsoft Graph": ["Directory.Read.All"]
            },
            "groupMembershipClaims": "SecurityGroup",
            "appRoleAssignmentRequired": true,
            "appRoles": [
                {
                    "allowedMemberTypes": [
                        "Application"
                    ],
                    "description": "Allow Consumer to access SearchAPI",
                    "id": "d3252b6f-a96e-cd45-8cd8-276d22b47ed1",
                    "displayName": "ConversationalSearch-Consumer",
                    "isEnabled": true,
                    "value": "ConversationalSearch-Consumer"
                }
            ],
            "appRolePermissions": []
        },
        {
            "name": "aces-t-aisearch-graphapi-sp",
            "action": "update",
            "appRoles": [],
            "appRoleAssignmentRequired": false,
            "appRolePermissions": [],
            "redirectType": null,
            "groupMembershipClaims": "None",
            "redirectUrl": [],
            "applicationPermissions": {
                "Microsoft Graph": ["Directory.Read.All"]
            },
            "delegatedPermissions": {
                "Microsoft Graph": ["User.Read"],
                "Azure Storage": ["user_impersonation"],
                "Azure Key Vault": ["user_impersonation"]
            } 
        }
    ]
}