{
    "$schema": "https://schema.management.azure.com/schemas/2019-04-01/deploymentTemplate.json#",
    "contentVersion": "1.0.2.0",
    "parameters": {
        "appServicePlanName": {
            "type": "string",
            "minLength": 1,
            "maxLength": 40,
            "metadata": {
                "description": "The name of the App Service Plan."
            }
        },
        "location": {
            "type": "string",
            "defaultValue": "[resourceGroup().location]",
            "metadata": {
                "description": "The location of the App Service Plan."
            }
        },
        "appServiceName": {
            "type": "string",
            "minLength": 2,
            "maxLength": 60,
            "metadata": {
                "description": "The name of the App Service."
            }
        },
        "runtimeStack": {
            "type": "string",
            "allowedValues": [
                ".NET 6",
                ".NET 7",
                "Node.js 14 LTS",
                "Node.js 16 LTS",
                "Python 3.9",
                "Python 3.8",
                "Python 3.7",
                "Java 11.0",
                "Java 8.0",
                "PowerShell Core 7.0",
                "PowerShell Core 7.2",
                "Custom Handler"
            ],
            "metadata": {
                "description": "The runtime stack of the App Service."
            }
        },
        "useLinux": {
            "type": "bool",
            "defaultValue": false,
            "metadata": {
                "description": "True if the operating system should be Linux, false if the operating system should be Windows."
            }
        },
        "use32BitWorkerProcess": {
            "type": "bool",
            "defaultValue": true,
            "metadata": {
                "description": "True if a 32-bit worker process must be used, false if a 64-bit worker process must be used."
            }
        },
        "webSocketsEnabled": {
            "type": "bool",
            "defaultValue": false,
            "metadata": {
                "description": "Whether web sockets should be enabled."
            }
        },
        "alwaysOn": {
            "type": "bool",
            "defaultValue": true,
            "metadata": {
                "description": "Whether to enable always on, which prevents an application from being idled out due to inactivity. Not applicable to App Services on dynamicly scaling App Service Plans."
            }
        },
        "clientAffinityEnabled": {
            "type": "bool",
            "defaultValue": true,
            "metadata": {
                "description": "Whether client affinity should be enabled by sending Application Request Routing (ARR) affinity cookies. Improve performance of your stateless applications by turning affinity cookies off, stateful applications should keep this setting on for compatibility."
            }
        },
        "appSettings": {
            "type": "array",
            "metadata": {
                "description": "The variables passed as environment variables to the application code."
            }
        },
        "publicNetworkAccess": {
            "type": "string",
            "defaultValue": "Enabled",
            "allowedValues": [
                "Disabled",
                "Enabled"
            ],
            "metadata": {
                "description": "Whether public network access is enabled or disabled. When enabled (default), customers can connect by using either public endpoints (with IP security restriction rules) or Azure Private Endpoints. When this setting is disabled, only connections via Azure Private Endpoints are allowed."
            }
        },
        "ipSecurityRestrictions": {
            "type": "array",
            "defaultValue": [
                {
                    "name": "PreProdRule01",
                    "priority": 1,
                    "action": "Allow",
                    "ipAddress": "20.76.109.96/32"
                },
                {
                    "name": "PreProdRule02",
                    "priority": 2,
                    "action": "Allow",
                    "ipAddress": "20.76.109.97/32"
                },
                {
                    "name": "PreProdRule03",
                    "priority": 3,
                    "action": "Allow",
                    "ipAddress": "20.76.109.98/32"
                },
                {
                    "name": "PreProdRule04",
                    "priority": 4,
                    "action": "Allow",
                    "ipAddress": "20.76.109.99/32"
                },
                {
                    "name": "PreProdRule05",
                    "priority": 5,
                    "action": "Allow",
                    "ipAddress": "20.76.109.102/32"
                },
                {
                    "name": "PreProdRule06",
                    "priority": 6,
                    "action": "Allow",
                    "ipAddress": "20.76.109.103/32"
                },
                {
                    "name": "PreProdRule07",
                    "priority": 7,
                    "action": "Allow",
                    "ipAddress": "20.76.109.106/32"
                },
                {
                    "name": "PreProdRule08",
                    "priority": 8,
                    "action": "Allow",
                    "ipAddress": "20.76.109.107/32"
                },
                {
                    "name": "PreProdRule09",
                    "priority": 9,
                    "action": "Allow",
                    "ipAddress": "20.76.109.110/32"
                },
                {
                    "name": "PreProdRule10",
                    "priority": 10,
                    "action": "Allow",
                    "ipAddress": "20.101.218.80/28"
                },
                {
                    "name": "PreProdRule11",
                    "priority": 11,
                    "action": "Allow",
                    "ipAddress": "20.101.218.96/28"
                },
                {
                    "name": "PreProdRule12",
                    "priority": 12,
                    "action": "Allow",
                    "ipAddress": "164.140.188.0/24"
                },
                {
                    "name": "PreProdRule13",
                    "priority": 13,
                    "action": "Allow",
                    "ipAddress": "164.140.203.0/24"
                },
                {
                    "name": "PreProdRule14",
                    "priority": 14,
                    "action": "Allow",
                    "ipAddress": "167.202.201.0/27"
                }
            ],
            "metadata": {
                "description": "An array of IP security restriction rules."
            }
        },
        "scmIpSecurityRestrictionsUseMain": {
            "type": "bool",
            "defaultValue": false,
            "metadata": {
                "description": "Whether to use the main IP security restrictions for SCM."
            }
        },
        "scmIpSecurityRestrictions": {
            "type": "array",
            "defaultValue": [
                {
                    "name": "PreProdRule01",
                    "priority": 1,
                    "action": "Allow",
                    "ipAddress": "20.76.109.96/32"
                },
                {
                    "name": "PreProdRule02",
                    "priority": 2,
                    "action": "Allow",
                    "ipAddress": "20.76.109.97/32"
                },
                {
                    "name": "PreProdRule03",
                    "priority": 3,
                    "action": "Allow",
                    "ipAddress": "20.76.109.98/32"
                },
                {
                    "name": "PreProdRule04",
                    "priority": 4,
                    "action": "Allow",
                    "ipAddress": "20.76.109.99/32"
                },
                {
                    "name": "PreProdRule05",
                    "priority": 5,
                    "action": "Allow",
                    "ipAddress": "20.76.109.102/32"
                },
                {
                    "name": "PreProdRule06",
                    "priority": 6,
                    "action": "Allow",
                    "ipAddress": "20.76.109.103/32"
                },
                {
                    "name": "PreProdRule07",
                    "priority": 7,
                    "action": "Allow",
                    "ipAddress": "20.76.109.106/32"
                },
                {
                    "name": "PreProdRule08",
                    "priority": 8,
                    "action": "Allow",
                    "ipAddress": "20.76.109.107/32"
                },
                {
                    "name": "PreProdRule09",
                    "priority": 9,
                    "action": "Allow",
                    "ipAddress": "20.76.109.110/32"
                },
                {
                    "name": "PreProdRule10",
                    "priority": 10,
                    "action": "Allow",
                    "ipAddress": "20.101.218.80/28"
                },
                {
                    "name": "PreProdRule11",
                    "priority": 11,
                    "action": "Allow",
                    "ipAddress": "20.101.218.96/28"
                },
                {
                    "name": "PreProdRule12",
                    "priority": 12,
                    "action": "Allow",
                    "ipAddress": "164.140.188.0/24"
                },
                {
                    "name": "PreProdRule13",
                    "priority": 13,
                    "action": "Allow",
                    "ipAddress": "164.140.203.0/24"
                },
                {
                    "name": "PreProdRule14",
                    "priority": 14,
                    "action": "Allow",
                    "ipAddress": "167.202.201.0/27"
                }
            ],
            "metadata": {
                "description": "An array of SCM IP security restriction rules."
            }
        },
        "virtualNetworkResourceGroup": {
            "type": "string",
            "minLength": 1,
            "maxLength": 90,
            "metadata": {
                "description": "The name of the Virtual Network Resource Group."
            }
        },
        "virtualNetworkName": {
            "type": "string",
            "minLength": 2,
            "maxLength": 64,
            "metadata": {
                "description": "The name of the Virtual Network. The location of the Virtual Network must match the location of the App Service Plan."
            }
        },
        "subnetName": {
            "type": "string",
            "minLength": 1,
            "maxLength": 80,
            "metadata": {
                "description": "The name of the dedicated subnet. This subnet must have a delegation to 'Microsoft.Web/serverFarms' defined first."
            }
        }
    },
    "variables": {
        "appServiceKind": "[if(parameters('useLinux'), 'functionapp,linux', 'functionapp')]",
        "linuxFxVersion": {
            ".NET 6": "DOTNET|6.0",
            ".NET 7": "DOTNET|7.0",
            "Node.js 14 LTS": "Node|14",
            "Node.js 16 LTS": "Node|16",
            "Python 3.9": "Python|3.9",
            "Python 3.8": "Python|3.8",
            "Python 3.7": "Python|3.7",
            "Python 3.6": "Python|3.6",
            "Java 11.0": "Java|11",
            "Java 8.0": "Java|8",
            "Custom Handler": "[json('null')]"
        },
        "javaVersion": "[if(equals(parameters('runtimeStack'), 'Java 11.0'), '11', if(equals(parameters('runtimeStack'), 'Java 8.0'), '1.8', ''))]",
        "powerShellVersion": "[if(equals(parameters('runtimeStack'), 'PowerShell Core 7.0'), '~7', '')]",
        "minTlsVersion": "1.2",
        "subnetResourceId": "[resourceId(parameters('virtualNetworkResourceGroup'), 'Microsoft.Network/virtualNetworks/subnets', parameters('virtualNetworkName'), parameters('subnetName'))]",
        "appServicePlanResourceId": "[resourceId('Microsoft.Web/serverfarms', parameters('appServicePlanName'))]",
        "appServiceResourceId": "[resourceId('Microsoft.Web/sites', parameters('appServiceName'))]"
    },
    "resources": [
        {
            "type": "Microsoft.Web/sites",
            "apiVersion": "2021-02-01",
            "name": "[parameters('appServiceName')]",
            "location": "[parameters('location')]",
            "kind": "[variables('appServiceKind')]",
            "identity": {
                "type": "SystemAssigned"
            },
            "tags": {
                "[concat('hidden-related:', variables('appServicePlanResourceId'))]": "empty"
            },
            "properties": {
                "clientAffinityEnabled": "[parameters('clientAffinityEnabled')]",
                "httpsOnly": true,
                "reserved": "[parameters('useLinux')]",
                "serverFarmId": "[variables('appServicePlanResourceId')]",
                "siteConfig": {
                    "alwaysOn": "[if(reference(variables('appServicePlanResourceId'), '2021-02-01', 'Full').properties.elasticScaleEnabled, json('false'), parameters('alwaysOn'))]",
                    "appSettings": "[parameters('appSettings')]",
                    "ftpsState": "Disabled",
                    "javaVersion": "[if(parameters('useLinux'), json('null'), variables('javaVersion'))]",
                    "linuxFxVersion": "[if(parameters('useLinux'), variables('linuxFxVersion')[parameters('runtimeStack')], json('null'))]",
                    "minTlsVersion": "[variables('minTlsVersion')]",
                    "powerShellVersion": "[if(parameters('useLinux'), json('null'), variables('powerShellVersion'))]",
                    "publicNetworkAccess": "[parameters('publicNetworkAccess')]",
                    "scmMinTlsVersion": "[variables('minTlsVersion')]",
                    "use32BitWorkerProcess": "[parameters('use32BitWorkerProcess')]",
                    "vnetRouteAllEnabled": true,
                    "webSocketsEnabled": "[parameters('webSocketsEnabled')]"
                }
            }
        },
        {
            "type": "Microsoft.Web/sites/config",
            "apiVersion": "2021-02-01",
            "name": "[concat(parameters('appServiceName'), '/web')]",
            "dependsOn": [
                "[variables('appServiceResourceId')]"
            ],
            "properties": {
                "ipSecurityRestrictions": "[parameters('ipSecurityRestrictions')]",
                "scmIpSecurityRestrictions": "[if(parameters('scmIpSecurityRestrictionsUseMain'), json('null'), parameters('scmIpSecurityRestrictions'))]",
                "scmIpSecurityRestrictionsUseMain": "[parameters('scmIpSecurityRestrictionsUseMain')]"
            }
        },
        {
            "type": "Microsoft.Web/sites/networkConfig",
            "apiVersion": "2021-02-01",
            "name": "[concat(parameters('appServiceName'), '/virtualNetwork')]",
            "dependsOn": [
                "[variables('appServiceResourceId')]"
            ],
            "properties": {
                "subnetResourceId": "[variables('subnetResourceId')]",
                "swiftSupported": true
            }
        }
    ],
    "outputs": {
        "possibleOutboundIpAddresses": {
            "type": "string",
            "value": "[reference(variables('appServiceResourceId'), '2021-02-01', 'Full').properties.possibleOutboundIpAddresses]"
        }
    }
}