{
    "$schema": "https://schema.management.azure.com/schemas/2019-04-01/deploymentTemplate.json#",
    "contentVersion": "1.0.6.0",
    "parameters": {
        "keyVaultName": {
            "type": "string",
            "minLength": 3,
            "maxLength": 24,
            "metadata": {
                "description": "The name of the Key Vault."
            }
        },
        "location": {
            "type": "string",
            "defaultValue": "[resourceGroup().location]",
            "metadata": {
                "description": "The location of the Key Vault."
            }
        },
        "enabledForDeployment": {
            "type": "bool",
            "defaultValue": false,
            "metadata": {
                "description": "Whether Azure Virtual Machines are permitted to retrieve certificates stored as secrets from the Key Vault."
            }
        },
        "enabledForDiskEncryption": {
            "type": "bool",
            "defaultValue": false,
            "metadata": {
                "description": "Whether Azure Disk Encryption is permitted to retrieve secrets from the Key Vault and unwrap keys."
            }
        },
        "enabledForTemplateDeployment": {
            "type": "bool",
            "defaultValue": false,
            "metadata": {
                "description": "Whether Azure Resource Manager is permitted to retrieve secrets from the Key Vault."
            }
        },
        "enableRbacAuthorization": {
            "type": "bool",
            "defaultValue": false,
            "metadata": {
                "description": "Whether to enable RBAC authorization."
            }
        },
        "enableSoftDelete": {
            "type": "bool",
            "defaultValue": true,
            "metadata": {
                "description": "Whether to enable soft-delete."
            }
        },
        "keyVaultResourceNameForPle": {
            "type": "string",
            "maxLength": 64,
            "minLength": 2,
            "metadata": {
                "description": "Resource name to which Private Endpoint would be linked"
            }
        },
        "vnetResourceGroup": {
            "type": "string",
            "metadata": {
                "description": "Vnet resource group name"
            }
        },
        "vnetName": {
            "type": "string",
            "metadata": {
                "description": "Vnet name"
            }
        },
        "softDeleteRetentionInDays": {
            "type": "int",
            "minValue": 7,
            "maxValue": 90,
            "defaultValue": 90,
            "metadata": {
                "description": "The number of days that the soft-deleted items should be retained."
            }
        },
        "keyVaultPrivateEndpointName": {
            "type": "string",
            "metadata": {
                "description": "Private Enpoint name"
            }
        },
        "pLeResourceGroupName": {
            "type": "string",
            "defaultValue": "[resourceGroup().name]",
            "metadata": {
                "description": "PLE deployment resource group"
            }
        },
        "pleSubnetName": {
            "type": "string",
            "metadata": {
                "description": "PLE subnet name"
            }
        },
        "pleGroupId": {
            "type": "string",
            "metadata": {
                "description": "Group id for input private link resource. e.g. for App Service=sites, slot=sites-slotName & cosmos=sql"
            }
        },
        "pLeResourceType": {
            "type": "string",
            "metadata": {
                "description": "Resouce type for input private link resource e.g. For App Service and its slot=Microsoft.Web/sites"
            }
        },
        "keyVaultAccessPolicyPermissions": {
            "type": "object",
            "metadata": {
                "description": "The Key Vault Access Policy permissions to set."
            }
        },
        "keyVaultServicePrincipleObjectId": {
            "type": "string",
            "metadata": {
                "description": "The objectId of the SPN for the Key Vault Access Policy."
            }
        },
        "keyVaultBypassNetworkAcls": {
            "type": "string",
            "defaultValue": "None",
            "allowedValues": [
                "AzureServices",
                "None"
            ],
            "metadata": {
                "description": "Specifies what traffic can bypass network rules."
            }
        },
        "keyVaultVirtualNetworkRules": {
            "type": "array",
            "metadata": {
                "description": "An array of Virtual Network resource IDs allowed to access the Key Vault."
            }
        },
        "keyVaultIpRules": {
            "type": "array",
            "defaultValue": [
                "20.76.109.96/32",
                "20.76.109.97/32",
                "20.76.109.98/32",
                "20.76.109.99/32",
                "20.76.109.102/32",
                "20.76.109.103/32",
                "20.76.109.106/32",
                "20.76.109.107/32",
                "20.76.109.110/32",
                "20.101.218.80/28",
                "20.101.218.96/28",
                "164.140.188.0/24",
                "164.140.203.0/24",
                "167.202.201.0/27"
            ],
            "metadata": {
                "description": "An array of IPv4 addresses or IPv4 address ranges in CIDR format. Provided IPs must be well-formatted and cannot be contained in one of the following ranges: 10.0.0.0/8, 100.64.0.0/10, 172.16.0.0/12, 192.168.0.0/16, since these are not enforceable by the IP address filter. Example element: [ \"167.202.201.0/27\" ]."
            }
        }
    },
    "variables": {
        "resourceNameForPleId": "[resourceId(parameters('pLeResourceGroupName'), parameters('pLeResourceType'), parameters('keyVaultResourceNameForPle'))]",
        "pleSubnetId": "[resourceId(parameters('vnetResourceGroup'), 'Microsoft.Network/virtualNetworks/subnets', parameters('vnetName'), parameters('pleSubnetName'))]"
    },
    "resources": [
        {
            "type": "Microsoft.KeyVault/vaults",
            "apiVersion": "2019-09-01",
            "name": "[parameters('keyVaultName')]",
            "location": "[parameters('location')]",
            "properties": {
                "tenantId": "[subscription().tenantId]",
                "sku": {
                    "name": "standard",
                    "family": "A"
                },
                "accessPolicies": [
                    {
                        "objectId": "[parameters('keyVaultServicePrincipleObjectId')]",
                        "permissions": "[parameters('keyVaultAccessPolicyPermissions')]",
                        "tenantId": "[subscription().tenantId]"
                    }
                ],
                "enabledForDeployment": "[parameters('enabledForDeployment')]",
                "enabledForDiskEncryption": "[parameters('enabledForDiskEncryption')]",
                "enabledForTemplateDeployment": "[parameters('enabledForTemplateDeployment')]",
                "enableSoftDelete": "[parameters('enableSoftDelete')]",
                "softDeleteRetentionInDays": "[parameters('softDeleteRetentionInDays')]",
                "enableRbacAuthorization": "[parameters('enableRbacAuthorization')]",
                "enablePurgeProtection": true,
                "networkAcls": {
                    "bypass": "[parameters('keyVaultBypassNetworkAcls')]",
                    "defaultAction": "Deny",
                    "copy": [
                        {
                            "name": "keyVaultIpRules",
                            "count": "[length(parameters('keyVaultIpRules'))]",
                            "input": {
                                "value": "[parameters('keyVaultIpRules')[copyIndex('keyVaultIpRules')]]"
                            }
                        },
                        {
                            "name": "keyVaultVirtualNetworkRules",
                            "count": "[length(parameters('keyVaultVirtualNetworkRules'))]",
                            "input": {
                                "id": "[parameters('keyVaultVirtualNetworkRules')[copyIndex('keyVaultVirtualNetworkRules')]]"
                            }
                        }
                    ]
                }
            }
        },
        {
            "type": "Microsoft.Network/privateEndpoints",
            "apiVersion": "2020-03-01",
            "name": "[parameters('keyVaultPrivateEndpointName')]",
            "location": "[parameters('location')]",
            "properties": {
                "subnet": {
                    "id": "[variables('pleSubnetId')]"
                },
                "privateLinkServiceConnections": [
                    {
                        "name": "[parameters('keyVaultPrivateEndpointName')]",
                        "properties": {
                            "privateLinkServiceId": "[variables('resourceNameForPleId')]",
                            "groupIds": [
                                "[parameters('pleGroupId')]"
                            ]
                        }
                    }
                ]
            },
            "metadata": {
                "description": "Resource definition of Private Endpoint"
            }
        }
    ]
}