{
    "$schema": "https://schema.management.azure.com/schemas/2019-04-01/deploymentParameters.json#",
    "contentVersion": "1.0.0.0",
    "parameters": {
        "virtualMachineName": {
            "value": "vk-winwm-vsts"
        },
        "virtualMachineSize": {
            "value": "Standard_D4s_v3"
        },
        "adminUsername": {
            "value": "adminuser"
        },
        "adminPassword": {
            "value": "Fttpassword2023!"
        },
        "osDiskName": {
            "value": "vk-osdisk"
        },
        "osDiskType": {
            "value": "Standard_LRS"
        },
        "osDiskEncryptionSetName": {
            "value": "ftt-ram-d-vm-des"
        },
        "virtualNetworkResourceGroup": {
            "value": "lzftt01-vnets-d-rg"
        },
        "virtualNetworkName": {
            "value": "lzftt01-d-vnet"
        },
        "subnetName": {
            "value": "dev01-subnet"
        }
    }
}