{
    "$schema": "https://schema.management.azure.com/schemas/2019-04-01/deploymentTemplate.json#",
    "contentVersion": "1.0.0.0",
    "parameters": {
        "serverName": {
            "type": "string",
            "minLength": 3,
            "maxLength": 63,
            "metadata": {
                "description": "The name of the PostgreSQL Flexible Server."
            }
        },
        "databaseName": {
            "type": "string",
            "minLength": 1,
            "maxLength": 63,
            "metadata": {
                "description": "The name of the PostgreSQL Database."
            }
        },
        "charset": {
            "type": "string",
            "defaultValue": "UTF8",
            "metadata": {
                "description": "The character set of the PostgreSQL Database. This cannot be changed after PostgreSQL Database creation."
            }
        },
        "collation": {
            "type": "string",
            "defaultValue": "en_US.utf8",
            "metadata": {
                "description": "The collation of the PostgreSQL Database. This cannot be changed after PostgreSQL Database creation."
            }
        }
    },
    "resources": [
        {
            "type": "Microsoft.DBforPostgreSQL/flexibleServers/databases",
            "apiVersion": "2022-12-01",
            "name": "[concat(parameters('serverName'), '/', parameters('databaseName'))]",
            "properties": {
                "charset": "[parameters('charset')]",
                "collation": "[parameters('collation')]"
            }
        }
    ]
}