{
  "$schema": "https://schema.management.azure.com/schemas/2019-04-01/deploymentParameters.json#",
  "contentVersion": "1.0.0.0",
  "parameters": {
    "name": {
      "value": "redisCacheRS01"
    },
    "userAssignedIdentities": {
      "value": "/subscriptions/eadb9dfd-2100-4b4d-981a-3225eb77daa7/resourcegroups/lzftt-d-rg/providers/Microsoft.ManagedIdentity/userAssignedIdentities/rgs-ssns3-aks"
    },
    "privateEndpointSubnetName": {
      "value": "ple02-subnet"
    },
    "vnetName": {
      "value": "lzftt01-d-vnet"
    },
    "vnetResourceGroup": {
      "value": "lzftt01-vnets-d-rg"
    }
  }
}
