{
    "servicePrincipals": [
        {
            "name": "acea-a-aa-sp",
            "action": "create",
            "appRoles": [
                {
                    "allowedMemberTypes": ["User"],
                    "description": "Allows Users to Login",
                    "displayName": "AdvisorAssist-CCO-Product-Services",
                    "id": "a4972e67-1bef-4e62-b78d-cc32623952f2",
                    "isEnabled": true,
                    "origin": "Application",
                    "value": "AdvisorAssist-CCO-Product-Services"
                },
                {
                    "allowedMemberTypes": ["User"],
                    "description": "Allows Users to Login",
                    "displayName": "AdvisorAssist-P&BB-Hypotheken",
                    "id": "73cff758-c17f-44c0-82b8-0671546bdcea",
                    "isEnabled": true,
                    "origin": "Application",
                    "value": "AdvisorAssist-P&BB-Hypotheken"
                },
                {
                    "allowedMemberTypes": ["User"],
                    "description": "Allows Users to Login",
                    "displayName": "AdvisorAssist-CCO",
                    "id": "77586fd6-3241-4457-aec2-1d32096591c2",
                    "isEnabled": true,
                    "origin": "Application",
                    "value": "AdvisorAssist-CCO"
                },
                {
                    "allowedMemberTypes": ["User"],
                    "description": "Allows Users to Login",
                    "displayName": "AdvisorAssist-CCO-Business-User",
                    "id": "029c16cb-d927-4fd9-a445-07ae355a88bb",
                    "isEnabled": true,
                    "origin": "Application",
                    "value": "AdvisorAssist-CCO-Business-User"
                },
                {
                    "allowedMemberTypes": ["User"],
                    "description": "Allows Users to Login",
                    "displayName": "AdvisorAssist-Complaints",
                    "id": "fc5ed318-0fa1-46e7-a769-842c6af45187",
                    "isEnabled": true,
                    "origin": "Application",
                    "value": "AdvisorAssist-Complaints"
                },
                {
                    "allowedMemberTypes": ["User"],
                    "description": "Allows Users to Login",
                    "displayName": "AdvisorAssist-NabestaandenDesk",
                    "id": "ac746622-0bcf-4288-bb8c-5730474a3262",
                    "isEnabled": true,
                    "origin": "Application",
                    "value": "AdvisorAssist-NabestaandenDesk"
                },
                {
                    "allowedMemberTypes": ["User"],
                    "description": "Allows Users to Login",
                    "displayName": "AdvisorAssist-Proactief-Beheer",
                    "id": "bae42ec1-ab6c-49f4-b5d7-a63e9d097321",
                    "isEnabled": true,
                    "origin": "Application",
                    "value": "AdvisorAssist-Proactief-Beheer"
                },
                {
                    "allowedMemberTypes": ["User"],
                    "description": "Allows Users to Login",
                    "displayName": "AdvisorAssist-Fraud",
                    "id": "7c16f4a5-d222-496b-8a8d-50e5f096e7c4",
                    "isEnabled": true,
                    "origin": "Application",
                    "value": "AdvisorAssist-Fraud"
                },
                {
                    "allowedMemberTypes": ["User"],
                    "description": "Allows Users to Login",
                    "displayName": "AdvisorAssist-Consumer-Affluent-Investments",
                    "id": "69d779a3-4340-4435-90c3-0c1c3704c600",
                    "isEnabled": true,
                    "origin": "Application",
                    "value": "AdvisorAssist-Consumer-Affluent-Investments"
                }
                ],
            "appRoleAssignmentRequired": true,
            "appRolePermissions": [
                {
                    "appRoleId": "a4972e67-1bef-4e62-b78d-cc32623952f2",
                    "groups": ["25b9b140-bdaa-4ac5-9a8b-636323fd3b2a"]
                },
                {
                    "appRoleId": "73cff758-c17f-44c0-82b8-0671546bdcea",
                    "groups": ["450dc645-6b44-4691-baf0-19c7117e5f25"]
                },
                {
                    "appRoleId": "77586fd6-3241-4457-aec2-1d32096591c2",
                    "groups": ["d41838d9-bbd5-4368-ae2a-dbe66e14aafe"]
                },
                {
                    "appRoleId": "029c16cb-d927-4fd9-a445-07ae355a88bb",
                    "groups": ["b9904a18-7930-4b79-957e-a081ed15e993"]
                },
                {
                    "appRoleId": "fc5ed318-0fa1-46e7-a769-842c6af45187",
                    "groups": ["79e68a58-f28f-4842-a76b-cbc97ce6895e"]
                },
                {
                    "appRoleId": "ac746622-0bcf-4288-bb8c-5730474a3262",
                    "groups": ["3b952724-ffcd-4eeb-8c4a-ad3a3b1056dc"]
                } ,
                {
                    "appRoleId": "bae42ec1-ab6c-49f4-b5d7-a63e9d097321",
                    "groups": ["1b924bcb-664b-40cf-b4e9-bca1b5dab4d6"]
                },
                {
                    "appRoleId": "7c16f4a5-d222-496b-8a8d-50e5f096e7c4",
                    "groups": ["04b80b41-3a2c-4f31-8eb5-1c38c64f028c"]
                },
                {
                    "appRoleId": "69d779a3-4340-4435-90c3-0c1c3704c600",
                    "groups": ["2f3721b1-44ff-430c-a373-6b6ecf863a66"]
                }
            ],
            "redirectType": "spa",
            "redirectUrl": ["https://acea-a.nl.eu.abnamro.com/advisor-assist/"],
            "groupMembershipClaims": "None",
            "applicationPermissions": {
                "Microsoft Graph": []
            },
            "delegatedPermissions": {
                "Microsoft Graph": ["User.Read"],
                "Azure Storage": ["user_impersonation"],
                "Azure Key Vault": ["user_impersonation"]
            }                        
        }
    ]
}