{
    "$schema": "https://schema.management.azure.com/schemas/2015-01-01/deploymentParameters.json#",
    "contentVersion": "1.0.0.0",
    "parameters": {
      "pKvName": {
        "value": "acea-a-kv"
      },
      "pVaultSku": {
        "value": "premium"
      },
      "pVnetRg": {
        "value": "acea01-vnets-a-rg"
      },
      "pVnetName": {
        "value": "acea01-a-vnet"
      },
      "pCINumber": {
        "value": "CI0085023"
      },
      "pVirtualNetworkRules": {
        "value": [
          {
            "id": "/subscriptions/5961728c-c4a9-4e86-879f-115ef504728d/resourceGroups/acea01-vnets-a-rg/providers/Microsoft.Network/virtualNetworks/acea01-a-vnet/subnets/appgwpublic01-subnet",
            "ignoreMissingVnetServiceEndpoint": false
          }
        ]
      },
      "pCommonActionGroupId": {
        "value":[
          {
            "pActionGroupId": "/subscriptions/5961728c-c4a9-4e86-879f-115ef504728d/resourceGroups/acea-a-rg/providers/Microsoft.Insights/actiongroups/acea-a-actiongroup"
          },
          {
            "pActionGroupId": "/subscriptions/5961728c-c4a9-4e86-879f-115ef504728d/resourceGroups/cbspitsm-p-rg/providers/microsoft.Insights/actiongroups/ServiceNow-PR-"
          }
        ]
      },
      "pMetricsAlert": {
        "value": [
          {
            "alertRuleName": "Keyvault-Capacity",
            "pEvaluationFrequency": "PT15M",
            "pSkipMetricValidation": true,
            "pMetricName": "SaturationShoebox",
            "pMetricNamespace": "Microsoft.keyvault/vaults",
            "pOperator": "GreaterThan",
            "pSeverity": 2,
            "pThreshold": 70,
            "pTimeAggregation": "Average",
            "pWindowSize": "PT30M",
            "alertDimentions": []
          },
          {
            "alertRuleName": "Keyvault-Service-API-Latency",
            "pEvaluationFrequency": "PT5M",
            "pSkipMetricValidation": true,
            "pMetricName": "ServiceApiLatency",
            "pOperator": "GreaterThan",
            "pSeverity": 2,
            "pThreshold": 15000,
            "pTimeAggregation": "Maximum",
            "pWindowSize": "PT5M",
            "alertDimentions": []
          }, 
          {
            "alertRuleName": "KeyVault-Unavailable",
            "pEvaluationFrequency": "PT5M",
            "pSkipMetricValidation": false,
            "pMetricName": "Availability",
            "pOperator": "LessThan",
            "pSeverity": 1,
            "pThreshold": 100,
            "pTimeAggregation": "Average",
            "pWindowSize": "PT5M",
            "alertDimentions": []
          }                                                   
        ]
      }
    }
  }