{
  "$schema": "https://schema.management.azure.com/schemas/2015-01-01/deploymentParameters.json#",
  "contentVersion": "1.0.0.0",
  "parameters": {
    "pActionGroupList": {
      "value": [
        {
          "actionGroupName": "acea-a-actiongroup",
          "actionGroupShortName": "aceatagp",
          "pEmailRecivers": [
            {
              "emailAddress": "Team-CI-Infra-Enablers@nl.abnamro.com",
              "name": "CIIE-Infra"
            },
            {
              "emailAddress": "team-ace-advisor-assist@nl.abnamro.com",
              "name": "Advisor-Assist-Team"
            }
          ]
        }
      ]
    }
  }
}