{
    "$schema": "https://schema.management.azure.com/schemas/2015-01-01/deploymentParameters.json#",
    "contentVersion": "1.0.0.0",
    "parameters": {
        "adxClusterName": {
            "value": "pvmadx01-adx"
        },
        "privateEndpointSubnetName": {
            "value": "ple01-subnet"
        },
        "privateEndpointvNetName": {
            "value": "lzftt03-d-vnet"
        },
        "privateEndpointvNetRgName": {
            "value": "lzftt03-vnets-d-rg"
        }
    }
}