{
  "$schema": "https://schema.management.azure.com/schemas/2015-01-01/deploymentParameters.json#",
  "contentVersion": "1.0.0.0",
  "parameters": {
    "adxClusterName": {
      "value": "pvmadx01-adx"
  },
    "adxDatabaseName": {
      "value": "ResourceLogs"
  },
    "applicationInsightsName": {
      "value": "pvmadx01-ai"
    },
    "appServicePlanName": {
      "value": "pvmadx01-asp"
    },
    "fileShareName": {
      "value": "logicappshare"
    },
    "logicAppName": {
      "value": "pvmadx01la"
    },
    "logicAppUmiName": {
      "value": "pvmadx01la-umi"
    },
    "privateEndpointSubnetName": {
      "value": "ple01-subnet"
    },
    "privateEndpointvNetName": {
      "value": "lzftt03-d-vnet"
    },
    "privateEndpointvNetRgName": {
      "value": "lzftt03-vnets-d-rg"
    },
    "storageAccountName": {
      "value": "pvmadx01sa"
    }
  }
}