{
  "$schema": "https://schema.management.azure.com/schemas/2015-01-01/deploymentParameters.json#",
  "contentVersion": "1.0.0.0",
  "parameters": {
    "applicationInsightsName": {
      "value": "pvmadx01-ai"
    },
    "appServicePlanName": {
      "value": "pvmadx01-asp"
    },
    "fileShareName": {
      "value": "logicappshare"
    },
    "keyVaultName": {
      "value": "pvmadx01-kv"
    },
    "keyExpirationDate": {
      "value": "2026-03-01"
    },
    "keyVaultUri": {
      "value": "https://pvmadx01-kv.vault.azure.net/"
    },
    "logAnalyticsWorkspaceName": {
      "value": "pvmadx01-law"
    },
    "logAnalyticsWorkspaceSku": {
      "value": "PerGB2018"
    },
    "privateEndpointSubnetName": {
      "value": "ple01-subnet"
    },
    "privateEndpointvNetName": {
      "value": "lzftt03-d-vnet"
    },
    "privateEndpointvNetRgName": {
      "value": "lzftt03-vnets-d-rg"
    },
    "saUmiName": {
      "value": "pvmadx01-sa-umi"
    },
    "storageKeyExist": {
      "value": false
    },
    "storageAccountName": {
      "value": "pvmadx01sa"
    },
    "storageKeyName": {
      "value": "pvmadx01-sa-key"
    }
  }
}