{
    "$schema": "https://schema.management.azure.com/schemas/2015-01-01/deploymentParameters.json#",
    "contentVersion": "1.0.0.0",
    "parameters": {
        "adxClusterKeyExpirationDate": {
            "value": "2026-02-01"
        },
        "adxClusterkeyExist": {
            "value": false
        },
        "adxClusterKeyName": {
            "value": "pvmadx01-adx-key02"
        },
        "adxClusterName": {
            "value": "pvmadx01-adx"
        },
        "adxClusterUmiName": {
            "value": "pvmadx01-adx-umi"
        },
        "eventHubAccessPolicyName": {
            "value": "adx"
        },
        "eventHubConsumergroupName": {
            "value": "adx"
        },
        "eventHubName": {
            "value": "diagnosticsLogs"
        },
        "eventHubNamespaceKeyExpirationDate": {
            "value": "2026-02-01"
        },
        "eventHubNamespacekeyExist": {
            "value": false
        },
        "eventHubNamespaceKeyName": {
            "value": "pvmadx01-ehns-key02"
        },
        "eventHubNamespaceName": {
            "value": "pvmadx01-ehns"
        },
        "eventHubNamespaceUmiName": {
            "value": "pvmadx01-ehns-umi"
        },
        "eventHubPartitionCount": {
            "value": 2
        },
        "keyVaultEnablePurgeProtection": {
            "value": true
        },
        "keyVaultName": {
            "value": "pvmadx01-kv"
        },
        "keyVaultSoftDeleteRetentionInDays": {
            "value": 7
        },
        "privateEndpointSubnetName": {
            "value": "ple01-subnet"
        },
        "privateEndpointvNetName": {
            "value": "lzftt03-d-vnet"
        },
        "privateEndpointvNetRgName": {
            "value": "lzftt03-vnets-d-rg"
        }
    }
}