{
  "$schema": "https://schema.management.azure.com/schemas/2015-01-01/deploymentParameters.json#",
  "contentVersion": "1.0.0.0",
  "parameters": {
    "keyVaultAdminEntraGroupId": {
      "value": "bfb5817b-a23a-4a85-9386-a71bf1ee1a55"
    },
    "keyVaultEnablePurgeProtection": {
      "value": true
    },
    "keyVaultName": {
      "value": "pvm-adb-kv"
    },
    "keyVaultsoftDeleteRetentionInDays": {
      "value": 7
    },
    "privateEndpointSubnetName": {
      "value": "ple01-subnet"
    },
    "privateEndpointvNetName": {
      "value": "lzftt01-d-vnet"
    },
    "privateEndpointvNetRgName": {
      "value": "lzftt01-vnets-d-rg"
    }
  }
}