{
  "$schema": "https://schema.management.azure.com/schemas/2015-01-01/deploymentParameters.json#",
  "contentVersion": "1.0.0.0",
  "parameters": {
    "adbDbfsKeyExist": {
      "value": false
    },
    "adbAdminEntraGroupId": {
      "value": "bfb5817b-a23a-4a85-9386-a71bf1ee1a55"
    },
    "adbName": {
      "value": "pvm-adb1"
    },
    "adbVNetName": {
      "value": "lzftt01-d-vnet"
    },
    "adbVNetRgName": {
      "value": "lzftt01-vnets-d-rg"
    },
    "keyVaultName": {
      "value": "act-pvm-rsv-kv"
    },
    "privateEndpointvNetName": {
      "value": "lzftt01-d-vnet"
    },
    "privateEndpointvNetRgName": {
      "value": "lzftt01-vnets-d-rg"
    },
    "privateEndpointSubnetName": {
      "value": "ple02-subnet"
    }
  }
}