{
    "$schema": "https://schema.management.azure.com/schemas/2015-01-01/deploymentParameters.json#",
    "contentVersion": "1.0.0.0",
    "parameters": {
        "serverName": {
            "value": "examplevalue"
        },
        "version": {
            "value": "14"
        },
        "principalName": {
            "value": "examplevalue"
        },
        "principalType": {
            "value": "Group"
        },
        "principalObjectId": {
            "value": "examplevalue"
        },
        "virtualNetworkResourceGroup": {
            "value": "examplevalue"
        },
        "virtualNetworkName": {
            "value": "examplevalue"
        },
        "subnetName": {
            "value": "examplevalue"
        },
        "userAssignedIdentityName": {
            "value": "examplevalue"
        },
        "keyVaultName": {
            "value": "examplevalue"
        },
        "keyName": {
            "value": "examplevalue"
        },
        "keyVersion": {
            "value": "examplevalue"
        },
        "geoBackupKeyVaultName": {
            "value": "examplevalue"
        }
    }
}