{
    "$schema": "https://schema.management.azure.com/schemas/2019-04-01/deploymentTemplate.json#",
    "contentVersion": "1.0.0.0",
    "parameters": {
        "serverName": {
            "type": "string",
            "minLength": 3,
            "maxLength": 63,
            "metadata": {
                "description": "The name of the PostgreSQL Flexible Server."
            }
        },
        "location": {
            "type": "string",
            "defaultValue": "[resourceGroup().location]",
            "metadata": {
                "description": "The location of the PostgreSQL Flexible Server."
            }
        },
        "version": {
            "type": "string",
            "defaultValue": "14",
            "allowedValues": [
                "11",
                "12",
                "13",
                "14"
            ],
            "metadata": {
                "description": "The major version of the PostgreSQL engine."
            }
        },
        "skuName": {
            "type": "string",
            "defaultValue": "Standard_D2ds_v4",
            "metadata": {
                "description": "The compute size of the PostgreSQL Flexible Server."
            }
        },
        "storageSizeGB": {
            "type": "int",
            "defaultValue": 128,
            "minValue": 32,
            "maxValue": 32768,
            "metadata": {
                "description": "The amount of storage expressed in gigabytes. Note that storage cannot be scaled down once the PostgreSQL Flexible Server is created."
            }
        },
        "backupRetentionDays": {
            "type": "int",
            "defaultValue": 7,
            "minValue": 7,
            "maxValue": 35,
            "metadata": {
                "description": "The backup retention period in days."
            }
        },
        "geoRedundantBackup": {
            "type": "string",
            "defaultValue": "Disabled",
            "allowedValues": [
                "Disabled",
                "Enabled"
            ],
            "metadata": {
                "description": "Whether geo-redundant storage for backup is enabled or disabled. This cannot be changed after PostgreSQL Flexible Server creation."
            }
        },
        "availabilityZone": {
            "type": "string",
            "defaultValue": "No preference",
            "allowedValues": [
                "No preference",
                "1",
                "2",
                "3"
            ],
            "metadata": {
                "description": "You can optionally specify a primary availability zone in which you deploy the PostgreSQL Flexible Server to co-locate with your application."
            }
        },
        "highAvailabilityMode": {
            "type": "string",
            "defaultValue": "Disabled",
            "allowedValues": [
                "Disabled",
                "SameZone",
                "ZoneRedundant"
            ],
            "metadata": {
                "description": "The high availability architectural model to use for the PostgreSQL Flexible Server."
            }
        },
        "standbyAvailabilityZone": {
            "type": "string",
            "defaultValue": "No preference",
            "allowedValues": [
                "No preference",
                "1",
                "2",
                "3"
            ],
            "metadata": {
                "description": "The optional standby availability zone when using zone-redundant high availability."
            }
        },
        "principalName": {
            "type": "string",
            "metadata": {
                "description": "The name of the Group or Service Principal to be configured as Azure AD administrator of the PostgreSQL Flexible Server."
            }
        },
        "principalObjectId": {
            "type": "string",
            "metadata": {
                "description": "The object ID of the Azure AD administrator of the PostgreSQL Flexible Server."
            }
        },
        "principalType": {
            "type": "string",
            "defaultValue": "Group",
            "allowedValues": [
                "Group",
                "ServicePrincipal"
            ],
            "metadata": {
                "description": "The principal type of the Azure AD administrator of the PostgreSQL Flexible Server."
            }
        },
        "virtualNetworkResourceGroup": {
            "type": "string",
            "minLength": 1,
            "maxLength": 90,
            "metadata": {
                "description": "The name of the Virtual Network Resource Group."
            }
        },
        "virtualNetworkName": {
            "type": "string",
            "minLength": 2,
            "maxLength": 64,
            "metadata": {
                "description": "The name of the Virtual Network."
            }
        },
        "subnetName": {
            "type": "string",
            "minLength": 1,
            "maxLength": 80,
            "metadata": {
                "description": "The name of the dedicated subnet. This subnet must have a delegation to 'Microsoft.DBforPostgreSQL/flexibleServers' defined first. If high availability is enabled and the subnet has a Network Security Group (NSG) attached to it, please make sure that the NSG rules do not block outbound traffic to ports 5432 and 6432 as these are reserved for High Availability traffic."
            }
        },
        "userAssignedIdentityName": {
            "type": "string",
            "metadata": {
                "description": "The name of the User-Assigned Managed Identity to be used for data encryption of the primary PostgreSQL Flexible Server."
            }
        },
        "keyVaultName": {
            "type": "string",
            "minLength": 3,
            "maxLength": 24,
            "metadata": {
                "description": "The name of the Key Vault where the customer-managed key is stored to be used for data encryption of the primary PostgreSQL Flexible Server. The primary User-Assigned Managed Identity requires 'get', 'list', 'unwrapKey', 'wrapKey' Key permissions on the Key Vault."
            }
        },
        "keyName": {
            "type": "string",
            "minLength": 1,
            "maxLength": 127,
            "metadata": {
                "description": "The name of the key to be used for data encryption of the primary PostgreSQL Flexible Server. Encryption is only supported with an RSA 2048 cryptographic key set to never expire."
            }
        },
        "keyVersion": {
            "type": "string",
            "metadata": {
                "description": "The version of the key to be used for data encryption of the primary PostgreSQL Flexible Server."
            }
        },
        "geoBackupUserAssignedIdentityName": {
            "type": "string",
            "defaultValue": "Mandatory for geo-backup",
            "metadata": {
                "description": "The name of the User-Assigned Managed Identity to be used for data encryption for geo-backup of the PostgreSQL Flexible Server."
            }
        },
        "geoBackupKeyVaultName": {
            "type": "string",
            "defaultValue": "Mandatory for geo-backup",
            "minLength": 3,
            "maxLength": 24,
            "metadata": {
                "description": "The name of the Key Vault where the customer-managed key is stored to be used for data encryption for geo-backup of the PostgreSQL Flexible Server. The geo-backup User-Assigned Managed Identity requires 'get', 'list', 'unwrapKey', 'wrapKey' Key permissions on the Key Vault."
            }
        },
        "geoBackupKeyName": {
            "type": "string",
            "defaultValue": "Mandatory for geo-backup",
            "minLength": 1,
            "maxLength": 127,
            "metadata": {
                "description": "The name of the key to be used for data encryption for geo-backup of the PostgreSQL Flexible Server. Encryption is only supported with an RSA 2048 cryptographic key set to never expire."
            }
        },
        "geoBackupKeyVersion": {
            "type": "string",
            "defaultValue": "Mandatory for geo-backup",
            "metadata": {
                "description": "The version of the key to be used for data encryption for geo-backup of the PostgreSQL Flexible Server."
            }
        }
    },
    "variables": {
        "flexibleServerResourceId": "[resourceId('Microsoft.DBforPostgreSQL/flexibleServers', parameters('serverName'))]",
        "skuTier": "[if(startsWith(parameters('skuName'), 'Standard_D'), 'GeneralPurpose', if(startsWith(parameters('skuName'), 'Standard_B'), 'Burstable', 'MemoryOptimized'))]",
        "delegatedSubnetResourceId": "[resourceId(parameters('virtualNetworkResourceGroup'), 'Microsoft.Network/virtualNetworks/subnets', parameters('virtualNetworkName'), parameters('subnetName'))]",
        "privateDnsZoneSubscriptionId": "b658ffad-30c7-4be6-881c-e3dc1f6520af",
        "privateDnsZoneResourceGroup": "privatelinkdnszones01-p-rg",
        "privateDnsZoneName": "private01.postgres.database.azure.com",
        "privateDnsZoneResourceId": "[resourceId(variables('privateDnsZoneSubscriptionId'), variables('privateDnsZoneResourceGroup'),'Microsoft.Network/privateDnsZones', variables('privateDnsZoneName'))]",
        "primaryUserAssignedIdentityResourceId": "[resourceId('Microsoft.ManagedIdentity/userAssignedIdentities', parameters('userAssignedIdentityName'))]",
        "geoBackupUserAssignedIdentityResourceId": "[if(equals(parameters('geoRedundantBackup'), 'Enabled'), resourceId('Microsoft.ManagedIdentity/userAssignedIdentities', parameters('geoBackupUserAssignedIdentityName')), '')]",
        "userAssignedIdentities": "[if(equals(parameters('geoRedundantBackup'), 'Enabled'), json(concat('{\"', variables('primaryUserAssignedIdentityResourceId'), '\": {', '}, \"', variables('geoBackupUserAssignedIdentityResourceId'), '\": {', '}}')), json(concat('{\"', variables('primaryUserAssignedIdentityResourceId'), '\": {', '}}')))]",
        "primaryKeyVaultKeyResourceId": "[resourceId('Microsoft.KeyVault/vaults/keys', parameters('keyVaultName'), parameters('keyName'))]",
        "geoBackupKeyVaultKeyResourceId": "[if(equals(parameters('geoRedundantBackup'), 'Enabled'), resourceId('Microsoft.KeyVault/vaults/keys', parameters('geoBackupKeyVaultName'), parameters('geoBackupKeyName')), '')]"
    },
    "resources": [
        {
            "type": "Microsoft.DBforPostgreSQL/flexibleServers",
            "apiVersion": "2023-03-01-preview",
            "name": "[parameters('serverName')]",
            "location": "[parameters('location')]",
            "sku": {
                "name": "[parameters('skuName')]",
                "tier": "[variables('skuTier')]"
            },
            "identity": {
                "type": "UserAssigned",
                "userAssignedIdentities": "[variables('userAssignedIdentities')]"
            },
            "properties": {
                "authConfig": {
                    "activeDirectoryAuth": "Enabled",
                    "passwordAuth": "Disabled",
                    "tenantId": "[subscription().tenantId]"
                },
                "availabilityZone": "[if(or(empty(parameters('availabilityZone')), equals(parameters('availabilityZone'), 'No preference')), json('null'), parameters('availabilityZone'))]",
                "backup": {
                    "backupRetentionDays": "[parameters('backupRetentionDays')]",
                    "geoRedundantBackup": "[parameters('geoRedundantBackup')]"
                },
                "createMode": "Default",
                "dataEncryption": {
                    "type": "AzureKeyVault",
                    "primaryUserAssignedIdentityId": "[variables('primaryUserAssignedIdentityResourceId')]",
                    "primaryKeyURI": "[if(empty(parameters('keyVersion')), reference(variables('primaryKeyVaultKeyResourceId'), '2022-07-01', 'Full').properties.keyUriWithVersion, concat(reference(variables('primaryKeyVaultKeyResourceId'), '2022-07-01').keyUri, '/', parameters('keyVersion')))]",
                    "geoBackupUserAssignedIdentityId": "[if(equals(parameters('geoRedundantBackup'), 'Enabled'), variables('geoBackupUserAssignedIdentityResourceId'), json('null'))]",
                    "geoBackupKeyURI": "[if(equals(parameters('geoRedundantBackup'), 'Enabled'), if(empty(parameters('geoBackupKeyVersion')), reference(variables('geoBackupKeyVaultKeyResourceId'), '2022-07-01', 'Full').properties.keyUriWithVersion, concat(reference(variables('geoBackupKeyVaultKeyResourceId'), '2022-07-01').keyUri, '/', parameters('geoBackupKeyVersion'))), json('null'))]"
                },
                "highAvailability": {
                    "mode": "[parameters('highAvailabilityMode')]",
                    "standbyAvailabilityZone": "[if(equals(parameters('highAvailabilityMode'), 'ZoneRedundant'), if(or(empty(parameters('standbyAvailabilityZone')), equals(parameters('standbyAvailabilityZone'), 'No preference')), json('null'), parameters('standbyAvailabilityZone')), json('null'))]"
                },
                "network": {
                    "delegatedSubnetResourceId": "[variables('delegatedSubnetResourceId')]",
                    "privateDnsZoneArmResourceId": "[variables('privateDnsZoneResourceId')]"
                },
                "storage": {
                    "storageSizeGB": "[parameters('storageSizeGB')]"
                },
                "version": "[parameters('version')]"
            },
            "resources": [
                {
                    "type": "administrators",
                    "apiVersion": "2023-03-01-preview",
                    "name": "[parameters('principalObjectId')]",
                    "dependsOn": [
                        "[variables('flexibleServerResourceId')]"
                    ],
                    "properties": {
                        "tenantId": "[subscription().tenantId]",
                        "principalName": "[parameters('principalName')]",
                        "principalType": "[parameters('principalType')]"
                    }
                }
            ]
        }
    ],
    "outputs": {
        "flexibleServerFqdn": {
            "type": "string",
            "value": "[reference(variables('flexibleServerResourceId'), '2023-03-01-preview', 'Full').properties.fullyQualifiedDomainName]"
        }
    }
}