{
  "$schema": "https://schema.management.azure.com/schemas/2015-01-01/deploymentParameters.json#",
  "contentVersion": "1.0.0.0",
  "parameters": {
    "serviceShortName": {
      "value": "aceaa"
    },
    "envShortName": {
      "value": "acc"
    },
    "ciNumber": {
      "value": "CI0085023"
    },
    "actionGroupIds": {
      "value": [
        "/subscriptions/BB5FE5FB-0B33-4CCE-9D15-4397F5AB7487/resourceGroups/acep03-a-rg/providers/microsoft.insights/actiongroups/acep03-a-platform-actiongroup"
      ]
    },
    "applicationInsightsRessourceId": {
      "value": "/subscriptions/bb5fe5fb-0b33-4cce-9d15-4397f5ab7487/resourceGroups/acep03-a-rg/providers/Microsoft.Insights/components/acep03-a-appinsights"
    },
    "pstorageAccountName": {
      "value": "acep03asaplatform"
    },
    "pContainerList": {
      "value": [
      ]
    }
  }
}