{
  "$schema": "https://schema.management.azure.com/schemas/2015-01-01/deploymentParameters.json#",
  "contentVersion": "1.0.0.0",
  "parameters": {
    "serviceShortName": {
      "value": "aceaa"
    },
    "envShortName": {
      "value": "prod"
    },
    "ciNumber": {
      "value": "CI0085025"
    },
    "actionGroupIds": {
      "value": [
        "/subscriptions/936296DB-D358-4223-8A5B-978CAF7FF3A7/resourceGroups/acep03-p-rg/providers/microsoft.insights/actiongroups/acep03-p-platform-actiongroup"
      ]
    },
    "applicationInsightsRessourceId": {
      "value": "/subscriptions/936296db-d358-4223-8a5b-978caf7ff3a7/resourceGroups/acep03-p-rg/providers/Microsoft.Insights/components/acep03-p-appinsights"
    },
    "pstorageAccountName": {
      "value": "acep03psaplatform"
    },
    "pContainerList": {
      "value": [
      ]
    }
  }
}