{
  "$schema": "https://schema.management.azure.com/schemas/2015-01-01/deploymentParameters.json#",
  "contentVersion": "1.0.0.0",
  "parameters": {
    "serviceShortName": {
      "value": "aceaa"
    },
    "envShortName": {
      "value": "dev"
    },
    "ciNumber": {
      "value": "CI0085024"
    },
    "actionGroupIds": {
      "value": [
        "/subscriptions/5649fc87-0099-474c-9afc-e1394ceea016/resourceGroups/acea-d-rg/providers/Microsoft.Insights/actiongroups/acea-d-actiongroup"
      ]
    },
    "applicationInsightsRessourceId": {
      "value": "/subscriptions/5649fc87-0099-474c-9afc-e1394ceea016/resourceGroups/acea-d-rg/providers/Microsoft.Insights/components/acea-d-appinsights"
    },
    "pstorageAccountName": {
      "value": "aceadsa"
    },
    "pContainerList": {
      "value": [
        {
          "name": "callgpt-user-conversation"
        },
        {
          "name": "callgpt-user-nps"
        },
        {
          "name": "kb-resources"
        }
      ]
    }
  }
}