{
  "$schema": "https://schema.management.azure.com/schemas/2015-01-01/deploymentParameters.json#",
  "contentVersion": "1.0.0.0",
  "parameters": {
    "keyVaultEnablePurgeProtection": {
      "value": true
    },
    "keyVaultName": {
      "value": "pvm-ssisir2-kv"
    },
    "privateEndpointSubnetName": {
      "value": "ple01-subnet"
    },
    "privateEndpointvNetName": {
      "value": "lzftt03-d-vnet"
    },
    "privateEndpointvNetRgName": {
      "value": "lzftt03-vnets-d-rg"
    },
    "storageAccountFileShareName": {
      "value": "share01"
    },
    "storageAccountKeyName": {
      "value": "pvmssisir2-storage-key"
    },
    "storageAccountName": {
      "value": "pvmssisir2"
    },
    "storageAccountUmiName": {
      "value": "pvmssisir2-storage-umi"
    }
  }
}