{
  "$schema": "https://schema.management.azure.com/schemas/2015-01-01/deploymentParameters.json#",
  "contentVersion": "1.0.0.0",
  "parameters": {
    "adfCredentialName": {
      "value": "pvm-ssisir2-adf-cred"
    },
    "adfKeyName": {
      "value": "pvm-ssisir2-adf-key"
    },
    "adfName": {
      "value": "pvm-ssisir2-adf"
    },
    "adfUmiName": {
      "value": "pvm-ssisir2-adf-umi"
    },
    "keyVaultName": {
      "value": "pvm-ssisir2-kv"
    },
    "privateEndpointSubnetName": {
      "value": "ple01-subnet"
    },
    "privateEndpointvNetName": {
      "value": "lzftt03-d-vnet"
    },
    "privateEndpointvNetRgName": {
      "value": "lzftt03-vnets-d-rg"
    },
    "ssisIrVNetName": {
      "value": "lzftt03-d-vnet"
    },
    "ssisirVNetRgName": {
      "value": "lzftt03-vnets-d-rg"
    }
  }
}