{
    "$schema": "https://schema.management.azure.com/schemas/2015-01-01/deploymentParameters.json#",
    "contentVersion": "1.0.0.0",
    "parameters": {
      "backupVaultName": {
        "value": "vk-backupvault"
      },
      "backupPolicyName": {
        "value": "rsn-posgresdb-bp01"
      },
      "backupInstanceName": {
        "value": "rsn-backupinstance01"
      },
      "friendlyName": {
        "value": "rsn-backupinstance"
      },
      "resourceId": {
        "value": "/subscriptions/eadb9dfd-2100-4b4d-981a-3225eb77daa7/resourceGroups/lzftt-d-rg/providers/Microsoft.DBforPostgreSQL/flexibleServers/rsnpgfserver01"
      },
      "resourceLocation": {
        "value": "westeurope"
      },
      "policyParameters": {
          "value": {
            "dataStoreParametersList": [
                {
                    "objectType": "AzureOperationalStoreParameters",
                    "dataStoreType": "OperationalStore",
                    "resourceGroupId": "/subscriptions/eadb9dfd-2100-4b4d-981a-3225eb77daa7/resourceGroups/lzftt-d-rg"
                }
            ]
        }
      },
      "useSystemAssignedIdentity": {
        "value": true
      },
      "userAssignedIdentityName": {
        "value": "lzftt-umi"
      }
    }
  }