{
    "$schema": "https://schema.management.azure.com/schemas/2015-01-01/deploymentParameters.json#",
    "contentVersion": "1.0.0.0",
    "parameters": {
      "backupVaultName": {
        "value": "vk-backupvault"
      },
      "backupPolicyName": {
        "value": "rsn-posgresdb-bp01"
      },
      "datasourceType": {
        "value": "Microsoft.DBforPostgreSQL/flexibleServers"
      },
      "policyRules": {
        "value": [
          {
            "name": "Default",
            "objectType": "AzureRetentionRule",
            "isDefault": true,
            "lifecycles": [
              {
                "deleteAfter": {
                  "objectType": "AbsoluteDeleteOption",
                  "duration": "P01Y"
                },
                "sourceDataStore": {
                  "dataStoreType": "VaultStore",
                  "objectType": "DataStoreInfoBase"
                },
                "targetDataStoreCopySettings": []
              }
            ]
          },
          {
            "name": "BackupWeekly",
            "objectType": "AzureBackupRule",
            "dataStore": {
              "dataStoreType": "VaultStore",
              "objectType": "DataStoreInfoBase"
            },
            "backupParameters": {
              "backupType": "full",
              "objectType": "AzureBackupParams"
            },
            "trigger": {
              "objectType": "ScheduleBasedTriggerContext",
              "schedule": {
                "repeatingTimeIntervals": [
                  "R/2025-01-23T03:30:00+00:00/P1W"
                ],
                "timeZone": "Coordinated Universal Time"
              },
              "taggingCriteria": [
                {
                  "tagInfo": {
                    "tagName": "Default",
                    "id": "Default_"
                  },
                  "taggingPriority": 99,
                  "isDefault": true
                }
              ]
            }
          }
        ]
      }
    }
  }