{
    "$schema": "https://schema.management.azure.com/schemas/2019-04-01/deploymentTemplate.json#",
    "contentVersion": "1.0.0.0",
    "parameters": {
        "wafPolicyName": {
            "type": "string",
            "metadata": {
                "description": "The WAF Policy name."
            }
        },
        "location": {
            "type": "string",
            "defaultValue": "[resourceGroup().location]",
            "metadata": {
                "description": "The location for the WAF Policy."
            }
        },
        "requestBodyInspectLimitInKB": {
            "type": "int",
            "defaultValue": 128,
            "metadata": {
                "description": "The maximum inspection limit in KB for request body inspection for WAF."
            }
        },
        "requestBodyEnforcement": {
            "type": "bool",
            "defaultValue": true,
            "metadata": {
                "description": "Whether WAF to enforce the request body limits."
            }
        },
        "maxRequestBodySizeInKb": {
            "type": "int",
            "defaultValue": 128,
            "metadata": {
                "description": "The maximum request body size in KB for WAF."
            }
        },
        "fileUploadEnforcement": {
            "type": "bool",
            "defaultValue": true,
            "metadata": {
                "description": "Whether allow WAF to enforce file upload limits."
            }
        },
        "fileUploadLimitInMb": {
            "type": "int",
            "defaultValue": 100,
            "metadata": {
                "description": "The maximum file upload size in MB for WAF."
            }
        },
        "customRules": {
            "type": "array",
            "metadata": {
                "description": "The list of custom WAF Policy rules."
            }
        },
        "exclusions": {
            "type": "array",
            "metadata": {
                "description": "The list exclusions that are applied on the WAF Policy."
            }
        }
    },
    "resources": [
        {
            "type": "Microsoft.Network/ApplicationGatewayWebApplicationFirewallPolicies",
            "apiVersion": "2024-01-01",
            "name": "[parameters('wafPolicyName')]",
            "location": "[parameters('location')]",
            "properties": {
                "customRules": "[parameters('customRules')]",
                "policySettings": {
                    "requestBodyCheck": true,
                    "maxRequestBodySizeInKb": "[parameters('maxRequestBodySizeInKb')]",
                    "fileUploadLimitInMb": "[parameters('fileUploadLimitInMb')]",
                    "state": "Enabled",
                    "mode": "Prevention",
                    "jsChallengeCookieExpirationInMins": 30,
                    "requestBodyInspectLimitInKB": "[parameters('requestBodyInspectLimitInKB')]",
                    "fileUploadEnforcement": "[parameters('fileUploadEnforcement')]",
                    "requestBodyEnforcement": "[parameters('requestBodyEnforcement')]"
                },
                "managedRules": {
                    "managedRuleSets": [
                        {
                            "ruleSetType": "OWASP",
                            "ruleSetVersion": "3.2"
                        }
                    ],
                    "exclusions": "[parameters('exclusions')]"
                }
            }
        }
    ],
    "outputs": {
        "wafPolicyResourceId": {
            "type": "string",
            "value": "[resourceId('Microsoft.Network/ApplicationGatewayWebApplicationFirewallPolicies', parameters('wafPolicyName'))]"
        }
    }
}