{
    "policyRules": [
        {
            "lifecycles": [
                {
                    "deleteAfter": {
                        "objectType": "AbsoluteDeleteOption",
                        "duration": "P12W"
                    },
                    "targetDataStoreCopySettings": [],
                    "sourceDataStore": {
                        "dataStoreType": "OperationalStore",
                        "objectType": "DataStoreInfoBase"
                    }
                }
            ],
            "isDefault": false,
            "name": "Weekly",
            "objectType": "AzureRetentionRule"
        },
        {
            "lifecycles": [
                {
                    "deleteAfter": {
                        "objectType": "AbsoluteDeleteOption",
                        "duration": "P7D"
                    },
                    "targetDataStoreCopySettings": [],
                    "sourceDataStore": {
                        "dataStoreType": "OperationalStore",
                        "objectType": "DataStoreInfoBase"
                    }
                }
            ],
            "isDefault": true,
            "name": "Default",
            "objectType": "AzureRetentionRule"
        },
        {
            "backupParameters": {
                "backupType": "Incremental",
                "objectType": "AzureBackupParams"
            },
            "trigger": {
                "schedule": {
                    "repeatingTimeIntervals": [
                        "R/2025-02-05T01:00:00+01:00/P1D"
                    ],
                    "timeZone": "W. Europe Standard Time"
                },
                "taggingCriteria": [
                    {
                        "tagInfo": {
                            "tagName": "Weekly",
                            "id": "Weekly_"
                        },
                        "taggingPriority": 20,
                        "isDefault": false,
                        "criteria": [
                            {
                                "absoluteCriteria": [
                                    "FirstOfWeek"
                                ],
                                "objectType": "ScheduleBasedBackupCriteria"
                            }
                        ]
                    },
                    {
                        "tagInfo": {
                            "tagName": "Default",
                            "id": "Default_"
                        },
                        "taggingPriority": 99,
                        "isDefault": true
                    }
                ],
                "objectType": "ScheduleBasedTriggerContext"
            },
            "dataStore": {
                "dataStoreType": "OperationalStore",
                "objectType": "DataStoreInfoBase"
            },
            "name": "BackupDaily",
            "objectType": "AzureBackupRule"
        }
    ]
}