{
    "$schema": "https://schema.management.azure.com/schemas/2015-01-01/deploymentParameters.json#",
    "contentVersion": "1.0.0.0",
    "parameters": {
      "pVnetRg": {
        "value": "acea01-vnets-t-rg"
      },
      "pIdentityType": {
        "value": "UserAssigned"
      },
      "pUserAssignedIdentity": {
        "value": "/subscriptions/b8d60061-883b-4c00-9322-1bdee2382335/resourceGroups/acea-t-rg/providers/Microsoft.ManagedIdentity/userAssignedIdentities/acea-t-umi"
      },
      "pVnetName": {
        "value": "acea01-t-vnet"
      },
      "pKeyVaultName": {
        "value": "acea-t-kv"
      },
      "pKeyName": {
        "value": "acea-t-hsmKey"
      },
      "pHsmKeyVaultUri": {
        "value": "https://cs-ahsm-t.managedhsm.azure.net/"
      },
      "pDfsStorageType": {
        "value": "dfs"
      },
      "pBlobSoftDeleteRetentionDays": {
        "value": 7
      },
      "pContainerSoftDeleteRetentionDays": {
        "value": 7
      },
      "pEnableBlobSoftDelete": {
        "value": true
      },
      "pEnableContainerSoftDelete": {
        "value": true
      },
      "pStaticStorageType": {
        "value": "web"
      },
      "pSource": {
        "value" : "InfraSecret"
      },
      "pStorageSpecs": {
        "value": [
          {
            "pSaName": "aceatsa",
            "pAccessTier": "Hot",
            "pIpRules": [],
            "pKind": "StorageV2",
            "pIsHnsEnabled": false,
            "pMinimumTlsVersion": "TLS1_2",
            "pRequireInfrastructureEncryption": true,
            "pSku": "Standard_LRS",
            "pIsFileShareEnabled": false,
            "fileshareList": [],
            "pStorageType": "blob",
            "pIsBlobContainerRequired": false,
            "pIsdfsPleEnabled": false,
            "pIsWebPleEnabled": false,
            "pIsDefaultNetworkAccessAllowed": false,
            "pIsPublicNetworkAccessEnabled": false,
            "pContainerList": []
          }
        ]
        }
    }
}
    