{
    "servicePrincipals": [
        {
            "name": "acea-t-aa-sp",
            "action": "create",
            "appRoles": [
                {
                    "allowedMemberTypes": [
                        "User"                    ],
                    "description": "Allows Users to Login",
                    "id": "50f4e9b0-9980-4c67-8972-d16383bf534d",
                    "displayName": "AdvisorAssist-Consumer-Affluent-Investments-DTA",
                    "isEnabled": true,
                    "value": "AdvisorAssist-Consumer-Affluent-Investments-DTA"
                },
                {
                    "allowedMemberTypes": [
                        "User"                    ],
                    "description": "Allows Users to Login",
                    "id": "03284bb2-1950-4d76-ba39-75e789cd1bbd",
                    "displayName": "AdvisorAssist-Fraud-DTA",
                    "isEnabled": true,
                    "value": "AdvisorAssist-Fraud-DTA"
                },
                {
                    "allowedMemberTypes": [
                        "User"                    ],
                    "description": "Allows Users to Login",
                    "id": "6be13517-3d50-4229-912b-ddda988f2a6c",
                    "displayName": "AdvisorAssist-Proactief-Beheer-DTA",
                    "isEnabled": true,
                    "value": "AdvisorAssist-Proactief-Beheer-DTA"
                },
                {
                    "allowedMemberTypes": [
                        "User"                    ],
                    "description": "Allows Users to Login",
                    "id": "29b58e42-8db8-4c3f-9f4e-372733ab7ee2",
                    "displayName": "AdvisorAssist-NabestaandenDesk-DTA",
                    "isEnabled": true,
                    "value": "AdvisorAssist-NabestaandenDesk-DTA"
                },
                {
                    "allowedMemberTypes": [
                        "User"                    ],
                    "description": "Allows Users to Login",
                    "id": "b744cda5-9821-4dc8-a9bd-4456f996c31a",
                    "displayName": "AdvisorAssist-Complaints-DTA",
                    "isEnabled": true,
                    "value": "AdvisorAssist-Complaints-DTA"
                },
                {
                    "allowedMemberTypes": [
                        "User"                    ],
                    "description": "Allows Users to Login",
                    "id": "8b42fda4-20f0-4e2b-9743-1151c60ce315",
                    "displayName": "AdvisorAssist-CCO-Business-User-DTA",
                    "isEnabled": true,
                    "value": "AdvisorAssist-CCO-Business-User-DTA"
                },
                {
                    "allowedMemberTypes": [
                        "User"                    ],
                    "description": "Allows Users to Login",
                    "id": "ddaef556-963c-45cc-82f1-bb19687072d7",
                    "displayName": "AdvisorAssist-CCO-DTA",
                    "isEnabled": true,
                    "value": "AdvisorAssist-CCO-DTA"
                },
                {
                    "allowedMemberTypes": [
                        "User"                    ],
                    "description": "Allows Users to Login",
                    "id": "2d852036-aa21-4f5a-a3f8-88e37970db55",
                    "displayName": "AdvisorAssist-P&BB-Hypotheken-DTA",
                    "isEnabled": true,
                    "value": "AdvisorAssist-P&BB-Hypotheken-DTA"
                },
                {
                    "allowedMemberTypes": [
                        "User"                    ],
                    "description": "Allows Users to Login",
                    "id": "12706046-8e49-4079-b885-319d4f98bf2a",
                    "displayName": "AdvisorAssist-CCO-Product-Services-DTA",
                    "isEnabled": true,
                    "value": "AdvisorAssist-CCO-Product-Services-DTA"
                }
            ],
            "appRoleAssignmentRequired": true,
            "appRolePermissions": [
                {
                    "appRoleId": "50f4e9b0-9980-4c67-8972-d16383bf534d",
                    "groups": ["de2eed85-1a36-4be1-b215-ee63c164daff"]
                },
                {
                    "appRoleId": "03284bb2-1950-4d76-ba39-75e789cd1bbd",
                    "groups": ["63f828f8-2d1c-47e4-98a7-0ff532c84c8f"]
                },
                {
                    "appRoleId": "6be13517-3d50-4229-912b-ddda988f2a6c",
                    "groups": ["391114a5-b460-4d6e-b2a2-4a80268e1e89"]
                },
                {
                    "appRoleId": "29b58e42-8db8-4c3f-9f4e-372733ab7ee2",
                    "groups": ["9488439a-fa7d-41d7-81e1-a776f9383132"]
                },
                {
                    "appRoleId": "b744cda5-9821-4dc8-a9bd-4456f996c31a",
                    "groups": ["916f5edc-9cfe-4188-956e-e0b5b3968b8d"]
                },
                {
                    "appRoleId": "8b42fda4-20f0-4e2b-9743-1151c60ce315",
                    "groups": ["3e7ef9b4-6173-4407-99b6-2d26f6f2e940"]
                },
                {
                    "appRoleId": "ddaef556-963c-45cc-82f1-bb19687072d7",
                    "groups": ["cae125d1-90e8-4520-b5ce-ead9c361caf6"]
                },
                {
                    "appRoleId": "2d852036-aa21-4f5a-a3f8-88e37970db55",
                    "groups": ["82ac9c9e-4404-421c-a0d5-888776da1b92"]
                },
                {
                    "appRoleId": "12706046-8e49-4079-b885-319d4f98bf2a",
                    "groups": ["2b48e87a-2d96-44b0-b6d4-a9710672a383"]
                }
            ],
            "redirectType": "spa",
            "redirectUrl": ["https://acea-t.nl.eu.abnamro.com/advisor-assist/"],
            "groupMembershipClaims": "None",
            "applicationPermissions": {
                "Microsoft Graph": []
            },
            "delegatedPermissions": {
                "Microsoft Graph": ["User.Read"],
                "Azure Storage": ["user_impersonation"],
                "Azure Key Vault": ["user_impersonation"]
            }
        }
    ]
}