{
    "$schema": "https://schema.management.azure.com/schemas/2019-04-01/deploymentTemplate.json#",
    "contentVersion": "1.0.0.0",
    "parameters": {
        "accountName": {
            "type": "string",
            "metadata": {
                "description": "The name of the existing Cosmos DB Account for Core (SQL) API."
            }
        },
        "databaseName": {
            "type": "string",
            "metadata": {
                "description": "The name for the SQL Database."
            }
        },
        "throughput": {
            "type": "int",
            "defaultValue": 400,
            "minValue": 400,
            "maxValue": 10000,
            "metadata": {
                "description": "The provisioned throughput for the database."
            }
        }
    },
    "resources": [
        {
            "type": "Microsoft.DocumentDB/databaseAccounts/sqlDatabases",
            "apiVersion": "2021-04-15",
            "name": "[concat(parameters('accountName'), '/', parameters('databaseName'))]",
            "properties": {
                "resource": {
                    "id": "[parameters('databaseName')]"
                },
                "options": {
                    "throughput": "[parameters('throughput')]"
                }
            }
        }
    ]
}