{
  "$schema": "https://schema.management.azure.com/schemas/2015-01-01/deploymentParameters.json#",
  "contentVersion": "1.0.0.0",
  "parameters": {
    "servicePrincipleObjectId": {
      "value": "94ea2352-f200-4f0a-9333-f8e41307976c"
    },
    "adminGroupObjectID": {
      "value": "b9d250ef-c6c4-4f4f-a595-b3f382697a21"
    },
    "adminGroupRoleType": {
      "value": "azureKubernetesServiceRBACAdmin"
    },
    "applicationName": {
      "value": "lzftt"
    },
    "aksVersion": {
      "value": "1.26"
    },
    "dnsPrefix": {
      "value": "sfe-aks01"
    },
    "nodePoolVmSize": {
      "value": "Standard_D4s_v5"
    },
    "nodePoolVnetSubnetID": {
      "value": ""
    },
    "workloadIdentity": {
      "value": true
    }
  }
}