{
  "$schema": "https://schema.management.azure.com/schemas/2015-01-01/deploymentParameters.json#",
  "contentVersion": "1.0.0.0",
  "parameters": {
    "clusterName": {
      "value": "sfe-a-aks01"
    },
    "groupId": {
      "value": "b9d250ef-c6c4-4f4f-a595-b3f382697a21"
    },
    "keyVaultName": {
      "value": "sfe-lzftt-a-kv01"
    },
    "softDeleteRetentionInDays": {
      "value": 90
    },
    "logAnalyticsWorkspaceName": {
      "value": "sfe-a-law01"
    },
    "logAnalyticsWorkspaceSku": {
      "value": "PerGB2018"
    },
    "servicePrincipleObjectId": {
      "value": "94ea2352-f200-4f0a-9333-f8e41307976c"
    },
    "userAssignedManagedIdentityName": {
      "value": "sfe-a-uamidaks"
    },
    "pleSubnetName": {
      "value": "ple01-subnet"
    },
    "vnetName": {
      "value": "lzftt01-a-vnet"
    },
    "vnetRGName": {
      "value": "lzftt01-vnets-a-rg"
    },
    "ipRules": {
      "value":  [
        "20.76.109.96/28",
        "20.76.109.112/28",
        "20.13.104.160/28",
        "20.4.102.224/28",
        "20.101.218.112/28",
        "20.101.218.128/28",
        "164.140.188.0/24",
        "164.140.203.0/24",
        "167.202.201.0/27"
      ]
    }
  }
}