{
  "$schema": "https://schema.management.azure.com/schemas/2015-01-01/deploymentParameters.json#",
  "contentVersion": "1.0.0.0",
  "parameters": {
    "deployInitialRsv": {
      "value": true
    },
    "deployKey": {
      "value": true
    },
    "keyExpirationDate": {
      "value": "2026-01-28"
    },
    "keyName": {
      "value": "act-pvm-rsv01-cmk"
    },
    "keyVaultName": {
      "value": "act-pvm-rsv-kv"
    },
    "privateEndpointGroupIds": {
      "value": [
        "AzureBackup"
      ]
    },
    "privateEndpointSubnetName": {
      "value": "ple01-subnet"
    },
    "privateEndpointVnetName": {
      "value": "lzftt01-d-vnet"
    },
    "privateEndpointVnetResourceGroup": {
      "value": "lzftt01-vnets-d-rg"
    },
    "recoveryServicesVaultCrossRegionRestore": {
      "value": "Disabled"
    },
    "recoveryServicesVaultImmutabilityState": {
      "value": "Disabled"
    },
    "recoveryServicesVaultName": {
      "value": "act-pvm-rsv01"
    },
    "recoveryServicesVaultStorageRedundancy": {
      "value": "GeoRedundant"
    }
  }
}